ISO-10303-21;
HEADER;
/* Generated by software containing ST-Developer
 * from STEP Tools, Inc. (www.steptools.com) 
 */

FILE_DESCRIPTION(
/* description */ (''),
/* implementation_level */ '2;1');

FILE_NAME(
/* name */ '1456CE3BKBU_Drilled.step',
/* time_stamp */ '2026-09-01T09:50:37+02:00',
/* author */ (''),
/* organization */ (''),
/* preprocessor_version */ 'ST-DEVELOPER v20.1',
/* originating_system */ 'Autodesk Translation Framework v15.8.0.0',
/* authorisation */ '');

FILE_SCHEMA (('AUTOMOTIVE_DESIGN { 1 0 10303 214 3 1 1 }'));
ENDSEC;

DATA;
#10=MECHANICAL_DESIGN_GEOMETRIC_PRESENTATION_REPRESENTATION('',(#74,#75,
#76,#77),#6541);
#11=ITEM_DEFINED_TRANSFORMATION($,$,#3990,#4326);
#12=ITEM_DEFINED_TRANSFORMATION($,$,#4071,#4327);
#13=ITEM_DEFINED_TRANSFORMATION($,$,#4256,#4328);
#14=ITEM_DEFINED_TRANSFORMATION($,$,#4314,#4329);
#15=ITEM_DEFINED_TRANSFORMATION($,$,#4256,#4330);
#16=ITEM_DEFINED_TRANSFORMATION($,$,#4256,#4331);
#17=ITEM_DEFINED_TRANSFORMATION($,$,#4256,#4332);
#18=ITEM_DEFINED_TRANSFORMATION($,$,#4314,#4333);
#19=ITEM_DEFINED_TRANSFORMATION($,$,#4314,#4334);
#20=ITEM_DEFINED_TRANSFORMATION($,$,#4314,#4335);
#21=(
REPRESENTATION_RELATIONSHIP($,$,#6567,#6566)
REPRESENTATION_RELATIONSHIP_WITH_TRANSFORMATION(#11)
SHAPE_REPRESENTATION_RELATIONSHIP()
);
#22=(
REPRESENTATION_RELATIONSHIP($,$,#6568,#6566)
REPRESENTATION_RELATIONSHIP_WITH_TRANSFORMATION(#12)
SHAPE_REPRESENTATION_RELATIONSHIP()
);
#23=(
REPRESENTATION_RELATIONSHIP($,$,#6569,#6566)
REPRESENTATION_RELATIONSHIP_WITH_TRANSFORMATION(#13)
SHAPE_REPRESENTATION_RELATIONSHIP()
);
#24=(
REPRESENTATION_RELATIONSHIP($,$,#6570,#6566)
REPRESENTATION_RELATIONSHIP_WITH_TRANSFORMATION(#14)
SHAPE_REPRESENTATION_RELATIONSHIP()
);
#25=(
REPRESENTATION_RELATIONSHIP($,$,#6569,#6566)
REPRESENTATION_RELATIONSHIP_WITH_TRANSFORMATION(#15)
SHAPE_REPRESENTATION_RELATIONSHIP()
);
#26=(
REPRESENTATION_RELATIONSHIP($,$,#6569,#6566)
REPRESENTATION_RELATIONSHIP_WITH_TRANSFORMATION(#16)
SHAPE_REPRESENTATION_RELATIONSHIP()
);
#27=(
REPRESENTATION_RELATIONSHIP($,$,#6569,#6566)
REPRESENTATION_RELATIONSHIP_WITH_TRANSFORMATION(#17)
SHAPE_REPRESENTATION_RELATIONSHIP()
);
#28=(
REPRESENTATION_RELATIONSHIP($,$,#6570,#6566)
REPRESENTATION_RELATIONSHIP_WITH_TRANSFORMATION(#18)
SHAPE_REPRESENTATION_RELATIONSHIP()
);
#29=(
REPRESENTATION_RELATIONSHIP($,$,#6570,#6566)
REPRESENTATION_RELATIONSHIP_WITH_TRANSFORMATION(#19)
SHAPE_REPRESENTATION_RELATIONSHIP()
);
#30=(
REPRESENTATION_RELATIONSHIP($,$,#6570,#6566)
REPRESENTATION_RELATIONSHIP_WITH_TRANSFORMATION(#20)
SHAPE_REPRESENTATION_RELATIONSHIP()
);
#31=CONTEXT_DEPENDENT_SHAPE_REPRESENTATION(#21,#6556);
#32=CONTEXT_DEPENDENT_SHAPE_REPRESENTATION(#22,#6557);
#33=CONTEXT_DEPENDENT_SHAPE_REPRESENTATION(#23,#6558);
#34=CONTEXT_DEPENDENT_SHAPE_REPRESENTATION(#24,#6559);
#35=CONTEXT_DEPENDENT_SHAPE_REPRESENTATION(#25,#6560);
#36=CONTEXT_DEPENDENT_SHAPE_REPRESENTATION(#26,#6561);
#37=CONTEXT_DEPENDENT_SHAPE_REPRESENTATION(#27,#6562);
#38=CONTEXT_DEPENDENT_SHAPE_REPRESENTATION(#28,#6563);
#39=CONTEXT_DEPENDENT_SHAPE_REPRESENTATION(#29,#6564);
#40=CONTEXT_DEPENDENT_SHAPE_REPRESENTATION(#30,#6565);
#41=NEXT_ASSEMBLY_USAGE_OCCURRENCE('1456CE3 CASE:1','1456CE3 CASE:1',
'1456CE3 CASE:1',#6572,#6573,'1456CE3 CASE:1');
#42=NEXT_ASSEMBLY_USAGE_OCCURRENCE('1456CE3 TOP:1','1456CE3 TOP:1',
'1456CE3 TOP:1',#6572,#6574,'1456CE3 TOP:1');
#43=NEXT_ASSEMBLY_USAGE_OCCURRENCE('SC18394 (screw #6X 1_4'''' PN):1',
'SC18394 (screw #6X 1_4'''' PN):1','SC18394 (screw #6X 1_4'''' PN):1',#6572,
#6575,'SC18394 (screw #6X 1_4'''' PN):1');
#44=NEXT_ASSEMBLY_USAGE_OCCURRENCE('PFR1421T3 (SJ5018):1',
'PFR1421T3 (SJ5018):1','PFR1421T3 (SJ5018):1',#6572,#6576,
'PFR1421T3 (SJ5018):1');
#45=NEXT_ASSEMBLY_USAGE_OCCURRENCE('SC18394 (screw #6X 1_4'''' PN):2',
'SC18394 (screw #6X 1_4'''' PN):2','SC18394 (screw #6X 1_4'''' PN):2',#6572,
#6575,'SC18394 (screw #6X 1_4'''' PN):2');
#46=NEXT_ASSEMBLY_USAGE_OCCURRENCE('SC18394 (screw #6X 1_4'''' PN):3',
'SC18394 (screw #6X 1_4'''' PN):3','SC18394 (screw #6X 1_4'''' PN):3',#6572,
#6575,'SC18394 (screw #6X 1_4'''' PN):3');
#47=NEXT_ASSEMBLY_USAGE_OCCURRENCE('SC18394 (screw #6X 1_4'''' PN):4',
'SC18394 (screw #6X 1_4'''' PN):4','SC18394 (screw #6X 1_4'''' PN):4',#6572,
#6575,'SC18394 (screw #6X 1_4'''' PN):4');
#48=NEXT_ASSEMBLY_USAGE_OCCURRENCE('PFR1421T3 (SJ5018):2',
'PFR1421T3 (SJ5018):2','PFR1421T3 (SJ5018):2',#6572,#6576,
'PFR1421T3 (SJ5018):2');
#49=NEXT_ASSEMBLY_USAGE_OCCURRENCE('PFR1421T3 (SJ5018):3',
'PFR1421T3 (SJ5018):3','PFR1421T3 (SJ5018):3',#6572,#6576,
'PFR1421T3 (SJ5018):3');
#50=NEXT_ASSEMBLY_USAGE_OCCURRENCE('PFR1421T3 (SJ5018):4',
'PFR1421T3 (SJ5018):4','PFR1421T3 (SJ5018):4',#6572,#6576,
'PFR1421T3 (SJ5018):4');
#51=TOROIDAL_SURFACE('',#4304,2.18441158400936,1.18108841599064);
#52=SPHERICAL_SURFACE('',#4302,11.7390955880932);
#53=CONICAL_SURFACE('',#4263,1.8034,0.174532925199433);
#54=CONICAL_SURFACE('',#4272,1.8034,0.174532925199433);
#55=CONICAL_SURFACE('',#4283,1.8034,0.174532925199433);
#56=CONICAL_SURFACE('',#4292,1.8034,0.174532925199433);
#57=CONICAL_SURFACE('',#4311,1.61798921428613,0.0872664625997181);
#58=B_SPLINE_CURVE_WITH_KNOTS('',2,(#6332,#6333,#6334),.UNSPECIFIED.,.F.,
 .F.,(3,3),(95.0662005511437,95.6730514049544),.UNSPECIFIED.);
#59=B_SPLINE_CURVE_WITH_KNOTS('',2,(#6340,#6341,#6342),.UNSPECIFIED.,.F.,
 .F.,(3,3),(110.235686101756,110.842536955558),.UNSPECIFIED.);
#60=B_SPLINE_CURVE_WITH_KNOTS('',2,(#6359,#6360,#6361),.UNSPECIFIED.,.F.,
 .F.,(3,3),(95.0662005513876,95.6730514052365),.UNSPECIFIED.);
#61=B_SPLINE_CURVE_WITH_KNOTS('',2,(#6367,#6368,#6369),.UNSPECIFIED.,.F.,
 .F.,(3,3),(95.0662005507984,95.6730514045645),.UNSPECIFIED.);
#62=B_SPLINE_CURVE_WITH_KNOTS('',2,(#6393,#6394,#6395),.UNSPECIFIED.,.F.,
 .F.,(3,3),(110.235686102508,110.842536956297),.UNSPECIFIED.);
#63=B_SPLINE_CURVE_WITH_KNOTS('',2,(#6401,#6402,#6403),.UNSPECIFIED.,.F.,
 .F.,(3,3),(110.235686102609,110.842536956347),.UNSPECIFIED.);
#64=B_SPLINE_CURVE_WITH_KNOTS('',2,(#6425,#6426,#6427),.UNSPECIFIED.,.F.,
 .F.,(3,3),(110.235686101206,110.84253695505),.UNSPECIFIED.);
#65=B_SPLINE_CURVE_WITH_KNOTS('',2,(#6433,#6434,#6435),.UNSPECIFIED.,.F.,
 .F.,(3,3),(110.235686102633,110.842536956397),.UNSPECIFIED.);
#66=SHAPE_REPRESENTATION_RELATIONSHIP('SRR','None',#6567,#70);
#67=SHAPE_REPRESENTATION_RELATIONSHIP('SRR','None',#6568,#71);
#68=SHAPE_REPRESENTATION_RELATIONSHIP('SRR','None',#6569,#72);
#69=SHAPE_REPRESENTATION_RELATIONSHIP('SRR','None',#6570,#73);
#70=ADVANCED_BREP_SHAPE_REPRESENTATION('',(#78),#6537);
#71=ADVANCED_BREP_SHAPE_REPRESENTATION('',(#79),#6538);
#72=ADVANCED_BREP_SHAPE_REPRESENTATION('',(#80),#6539);
#73=ADVANCED_BREP_SHAPE_REPRESENTATION('',(#81),#6540);
#74=STYLED_ITEM('',(#6596),#78);
#75=STYLED_ITEM('',(#6596),#79);
#76=STYLED_ITEM('',(#6596),#80);
#77=STYLED_ITEM('',(#6597),#81);
#78=MANIFOLD_SOLID_BREP('Body1',#3940);
#79=MANIFOLD_SOLID_BREP('Body1',#3941);
#80=MANIFOLD_SOLID_BREP('Body1',#3942);
#81=MANIFOLD_SOLID_BREP('Body1',#3943);
#82=FACE_BOUND('',#589,.T.);
#83=FACE_BOUND('',#590,.T.);
#84=FACE_BOUND('',#591,.T.);
#85=FACE_BOUND('',#592,.T.);
#86=FACE_BOUND('',#593,.T.);
#87=FACE_BOUND('',#594,.T.);
#88=FACE_BOUND('',#595,.T.);
#89=FACE_BOUND('',#596,.T.);
#90=FACE_BOUND('',#597,.T.);
#91=FACE_BOUND('',#598,.T.);
#92=FACE_BOUND('',#599,.T.);
#93=FACE_BOUND('',#600,.T.);
#94=FACE_BOUND('',#613,.T.);
#95=FACE_BOUND('',#614,.T.);
#96=FACE_BOUND('',#615,.T.);
#97=FACE_BOUND('',#616,.T.);
#98=FACE_BOUND('',#617,.T.);
#99=FACE_BOUND('',#618,.T.);
#100=FACE_BOUND('',#619,.T.);
#101=FACE_BOUND('',#620,.T.);
#102=FACE_BOUND('',#621,.T.);
#103=FACE_BOUND('',#622,.T.);
#104=FACE_BOUND('',#623,.T.);
#105=FACE_BOUND('',#624,.T.);
#106=FACE_BOUND('',#695,.T.);
#107=FACE_BOUND('',#696,.T.);
#108=FACE_BOUND('',#697,.T.);
#109=FACE_BOUND('',#698,.T.);
#110=FACE_BOUND('',#699,.T.);
#111=FACE_BOUND('',#700,.T.);
#112=FACE_BOUND('',#701,.T.);
#113=FACE_BOUND('',#702,.T.);
#114=FACE_BOUND('',#703,.T.);
#115=FACE_BOUND('',#704,.T.);
#116=FACE_BOUND('',#705,.T.);
#117=FACE_BOUND('',#706,.T.);
#118=FACE_BOUND('',#707,.T.);
#119=FACE_BOUND('',#709,.T.);
#120=FACE_BOUND('',#710,.T.);
#121=FACE_BOUND('',#711,.T.);
#122=FACE_BOUND('',#712,.T.);
#123=FACE_BOUND('',#713,.T.);
#124=FACE_BOUND('',#714,.T.);
#125=FACE_BOUND('',#718,.T.);
#126=FACE_BOUND('',#719,.T.);
#127=FACE_BOUND('',#720,.T.);
#128=FACE_BOUND('',#721,.T.);
#129=FACE_BOUND('',#722,.T.);
#130=FACE_BOUND('',#723,.T.);
#131=FACE_BOUND('',#726,.T.);
#132=FACE_BOUND('',#727,.T.);
#133=FACE_BOUND('',#728,.T.);
#134=FACE_BOUND('',#729,.T.);
#135=FACE_BOUND('',#730,.T.);
#136=FACE_BOUND('',#731,.T.);
#137=FACE_BOUND('',#732,.T.);
#138=FACE_BOUND('',#733,.T.);
#139=FACE_BOUND('',#734,.T.);
#140=FACE_BOUND('',#735,.T.);
#141=FACE_BOUND('',#736,.T.);
#142=FACE_BOUND('',#737,.T.);
#143=FACE_BOUND('',#738,.T.);
#144=FACE_BOUND('',#743,.T.);
#145=FACE_BOUND('',#744,.T.);
#146=FACE_BOUND('',#745,.T.);
#147=FACE_BOUND('',#746,.T.);
#148=FACE_BOUND('',#747,.T.);
#149=FACE_BOUND('',#748,.T.);
#150=FACE_BOUND('',#749,.T.);
#151=FACE_BOUND('',#750,.T.);
#152=FACE_BOUND('',#751,.T.);
#153=FACE_BOUND('',#752,.T.);
#154=FACE_BOUND('',#753,.T.);
#155=FACE_BOUND('',#754,.T.);
#156=FACE_BOUND('',#757,.T.);
#157=FACE_BOUND('',#758,.T.);
#158=FACE_BOUND('',#759,.T.);
#159=FACE_BOUND('',#760,.T.);
#160=FACE_BOUND('',#761,.T.);
#161=FACE_BOUND('',#762,.T.);
#162=FACE_BOUND('',#765,.T.);
#163=FACE_BOUND('',#766,.T.);
#164=FACE_BOUND('',#767,.T.);
#165=FACE_BOUND('',#768,.T.);
#166=FACE_BOUND('',#769,.T.);
#167=FACE_BOUND('',#770,.T.);
#168=FACE_BOUND('',#773,.T.);
#169=FACE_BOUND('',#774,.T.);
#170=FACE_BOUND('',#775,.T.);
#171=FACE_BOUND('',#776,.T.);
#172=FACE_BOUND('',#777,.T.);
#173=FACE_BOUND('',#778,.T.);
#174=FACE_BOUND('',#781,.T.);
#175=FACE_BOUND('',#782,.T.);
#176=FACE_BOUND('',#783,.T.);
#177=FACE_BOUND('',#784,.T.);
#178=FACE_BOUND('',#785,.T.);
#179=FACE_BOUND('',#786,.T.);
#180=FACE_BOUND('',#789,.T.);
#181=FACE_BOUND('',#790,.T.);
#182=FACE_BOUND('',#791,.T.);
#183=FACE_BOUND('',#792,.T.);
#184=FACE_BOUND('',#793,.T.);
#185=FACE_BOUND('',#794,.T.);
#186=FACE_BOUND('',#795,.T.);
#187=FACE_BOUND('',#796,.T.);
#188=FACE_BOUND('',#797,.T.);
#189=FACE_BOUND('',#798,.T.);
#190=FACE_BOUND('',#799,.T.);
#191=FACE_BOUND('',#800,.T.);
#192=FACE_BOUND('',#868,.T.);
#193=FACE_BOUND('',#871,.T.);
#194=FACE_BOUND('',#885,.T.);
#195=CIRCLE('',#3993,4.7625);
#196=CIRCLE('',#3994,4.7625);
#197=CIRCLE('',#3998,2.1717);
#198=CIRCLE('',#3999,2.1717);
#199=CIRCLE('',#4000,2.1717);
#200=CIRCLE('',#4001,2.1717);
#201=CIRCLE('',#4003,6.35);
#202=CIRCLE('',#4007,3.0734);
#203=CIRCLE('',#4008,3.0734);
#204=CIRCLE('',#4009,1.016);
#205=CIRCLE('',#4010,1.016);
#206=CIRCLE('',#4012,4.7625);
#207=CIRCLE('',#4013,6.35);
#208=CIRCLE('',#4015,3.0734);
#209=CIRCLE('',#4017,3.0734);
#210=CIRCLE('',#4019,1.016);
#211=CIRCLE('',#4020,1.016);
#212=CIRCLE('',#4022,6.35);
#213=CIRCLE('',#4026,2.1717);
#214=CIRCLE('',#4027,2.1717);
#215=CIRCLE('',#4028,2.1717);
#216=CIRCLE('',#4029,2.1717);
#217=CIRCLE('',#4032,4.7625);
#218=CIRCLE('',#4033,6.35);
#219=CIRCLE('',#4073,3.25);
#220=CIRCLE('',#4074,3.25);
#221=CIRCLE('',#4076,3.25);
#222=CIRCLE('',#4077,3.25);
#223=CIRCLE('',#4079,2.5);
#224=CIRCLE('',#4080,2.5);
#225=CIRCLE('',#4082,6.75);
#226=CIRCLE('',#4083,6.75);
#227=CIRCLE('',#4085,3.25);
#228=CIRCLE('',#4086,3.25);
#229=CIRCLE('',#4088,3.25);
#230=CIRCLE('',#4089,3.25);
#231=CIRCLE('',#4091,3.25);
#232=CIRCLE('',#4092,3.25);
#233=CIRCLE('',#4094,3.25);
#234=CIRCLE('',#4095,3.25);
#235=CIRCLE('',#4097,2.5);
#236=CIRCLE('',#4098,2.5);
#237=CIRCLE('',#4100,3.25);
#238=CIRCLE('',#4101,3.25);
#239=CIRCLE('',#4103,3.25);
#240=CIRCLE('',#4104,3.25);
#241=CIRCLE('',#4106,3.25);
#242=CIRCLE('',#4107,3.25);
#243=CIRCLE('',#4109,2.5);
#244=CIRCLE('',#4110,2.5);
#245=CIRCLE('',#4112,2.5);
#246=CIRCLE('',#4113,2.5);
#247=CIRCLE('',#4115,2.5);
#248=CIRCLE('',#4116,2.5);
#249=CIRCLE('',#4118,2.5);
#250=CIRCLE('',#4119,2.5);
#251=CIRCLE('',#4121,2.5);
#252=CIRCLE('',#4122,2.5);
#253=CIRCLE('',#4124,2.5);
#254=CIRCLE('',#4125,2.5);
#255=CIRCLE('',#4127,1.99999995529652);
#256=CIRCLE('',#4128,1.99999995529652);
#257=CIRCLE('',#4130,2.00000002980232);
#258=CIRCLE('',#4131,2.00000002980232);
#259=CIRCLE('',#4133,2.00000002980232);
#260=CIRCLE('',#4134,2.00000002980232);
#261=CIRCLE('',#4140,2.00000002980232);
#262=CIRCLE('',#4141,2.00000002980232);
#263=CIRCLE('',#4144,0.8128);
#264=CIRCLE('',#4145,0.8128);
#265=CIRCLE('',#4146,0.8128);
#266=CIRCLE('',#4147,0.8128);
#267=CIRCLE('',#4148,0.8128);
#268=CIRCLE('',#4149,2.4384);
#269=CIRCLE('',#4150,2.4384);
#270=CIRCLE('',#4151,2.4384);
#271=CIRCLE('',#4152,2.4384);
#272=CIRCLE('',#4153,2.4384);
#273=CIRCLE('',#4158,1.397);
#274=CIRCLE('',#4159,1.397);
#275=CIRCLE('',#4160,1.397);
#276=CIRCLE('',#4161,2.4003);
#277=CIRCLE('',#4162,2.4003);
#278=CIRCLE('',#4163,1.397);
#279=CIRCLE('',#4165,2.4384);
#280=CIRCLE('',#4166,2.4384);
#281=CIRCLE('',#4167,2.4384);
#282=CIRCLE('',#4168,2.4384);
#283=CIRCLE('',#4169,2.4384);
#284=CIRCLE('',#4170,0.8128);
#285=CIRCLE('',#4171,0.8128);
#286=CIRCLE('',#4172,0.8128);
#287=CIRCLE('',#4173,0.8128);
#288=CIRCLE('',#4174,0.8128);
#289=CIRCLE('',#4177,1.397);
#290=CIRCLE('',#4178,1.397);
#291=CIRCLE('',#4179,1.397);
#292=CIRCLE('',#4180,2.4003);
#293=CIRCLE('',#4181,2.4003);
#294=CIRCLE('',#4182,1.397);
#295=CIRCLE('',#4193,1.397);
#296=CIRCLE('',#4194,1.397);
#297=CIRCLE('',#4195,1.397);
#298=CIRCLE('',#4196,2.4003);
#299=CIRCLE('',#4197,2.4003);
#300=CIRCLE('',#4198,1.397);
#301=CIRCLE('',#4201,1.397);
#302=CIRCLE('',#4202,1.397);
#303=CIRCLE('',#4203,1.397);
#304=CIRCLE('',#4204,2.4003);
#305=CIRCLE('',#4205,2.4003);
#306=CIRCLE('',#4206,1.397);
#307=CIRCLE('',#4258,11.6646009915847);
#308=CIRCLE('',#4260,11.6646009915847);
#309=CIRCLE('',#4262,11.6152359377803);
#310=CIRCLE('',#4264,1.77948022568973);
#311=CIRCLE('',#4265,1.6242517876002);
#312=CIRCLE('',#4267,11.6152359377803);
#313=CIRCLE('',#4269,11.6646009915847);
#314=CIRCLE('',#4271,11.6152359377803);
#315=CIRCLE('',#4273,1.77948022568973);
#316=CIRCLE('',#4274,1.6242517876002);
#317=CIRCLE('',#4276,11.6152359377803);
#318=CIRCLE('',#4278,11.6646009915847);
#319=CIRCLE('',#4280,11.6646009915847);
#320=CIRCLE('',#4282,11.6152359377803);
#321=CIRCLE('',#4284,1.77948022568973);
#322=CIRCLE('',#4285,1.6242517876002);
#323=CIRCLE('',#4287,11.6152359377803);
#324=CIRCLE('',#4289,11.6646009915847);
#325=CIRCLE('',#4291,11.6152359377803);
#326=CIRCLE('',#4293,1.77948022568973);
#327=CIRCLE('',#4294,1.6242517876002);
#328=CIRCLE('',#4296,11.6152359377803);
#329=CIRCLE('',#4298,11.6646009915847);
#330=CIRCLE('',#4300,11.6646009915847);
#331=CIRCLE('',#4303,2.42877429143831);
#332=CIRCLE('',#4305,3.25655074654677);
#333=CIRCLE('',#4306,1.18108841599064);
#334=CIRCLE('',#4308,1.6891);
#335=CIRCLE('',#4310,1.6891);
#336=CIRCLE('',#4312,1.54687842857226);
#337=CYLINDRICAL_SURFACE('',#3992,4.7625);
#338=CYLINDRICAL_SURFACE('',#4014,3.0734);
#339=CYLINDRICAL_SURFACE('',#4016,3.0734);
#340=CYLINDRICAL_SURFACE('',#4021,6.35);
#341=CYLINDRICAL_SURFACE('',#4024,1.016);
#342=CYLINDRICAL_SURFACE('',#4030,1.016);
#343=CYLINDRICAL_SURFACE('',#4034,6.35);
#344=CYLINDRICAL_SURFACE('',#4036,4.7625);
#345=CYLINDRICAL_SURFACE('',#4037,2.1717);
#346=CYLINDRICAL_SURFACE('',#4038,2.1717);
#347=CYLINDRICAL_SURFACE('',#4039,2.1717);
#348=CYLINDRICAL_SURFACE('',#4040,2.1717);
#349=CYLINDRICAL_SURFACE('',#4072,3.25);
#350=CYLINDRICAL_SURFACE('',#4075,3.25);
#351=CYLINDRICAL_SURFACE('',#4078,2.5);
#352=CYLINDRICAL_SURFACE('',#4081,6.75);
#353=CYLINDRICAL_SURFACE('',#4084,3.25);
#354=CYLINDRICAL_SURFACE('',#4087,3.25);
#355=CYLINDRICAL_SURFACE('',#4090,3.25);
#356=CYLINDRICAL_SURFACE('',#4093,3.25);
#357=CYLINDRICAL_SURFACE('',#4096,2.5);
#358=CYLINDRICAL_SURFACE('',#4099,3.25);
#359=CYLINDRICAL_SURFACE('',#4102,3.25);
#360=CYLINDRICAL_SURFACE('',#4105,3.25);
#361=CYLINDRICAL_SURFACE('',#4108,2.5);
#362=CYLINDRICAL_SURFACE('',#4111,2.5);
#363=CYLINDRICAL_SURFACE('',#4114,2.5);
#364=CYLINDRICAL_SURFACE('',#4117,2.5);
#365=CYLINDRICAL_SURFACE('',#4120,2.5);
#366=CYLINDRICAL_SURFACE('',#4123,2.5);
#367=CYLINDRICAL_SURFACE('',#4126,1.99999995529652);
#368=CYLINDRICAL_SURFACE('',#4129,2.00000002980232);
#369=CYLINDRICAL_SURFACE('',#4132,2.00000002980232);
#370=CYLINDRICAL_SURFACE('',#4139,2.00000002980232);
#371=CYLINDRICAL_SURFACE('',#4175,2.4384);
#372=CYLINDRICAL_SURFACE('',#4183,0.8128);
#373=CYLINDRICAL_SURFACE('',#4185,0.8128);
#374=CYLINDRICAL_SURFACE('',#4187,0.8128);
#375=CYLINDRICAL_SURFACE('',#4189,0.8128);
#376=CYLINDRICAL_SURFACE('',#4191,0.8128);
#377=CYLINDRICAL_SURFACE('',#4207,2.4384);
#378=CYLINDRICAL_SURFACE('',#4209,2.4384);
#379=CYLINDRICAL_SURFACE('',#4211,2.4384);
#380=CYLINDRICAL_SURFACE('',#4213,2.4384);
#381=CYLINDRICAL_SURFACE('',#4215,2.4003);
#382=CYLINDRICAL_SURFACE('',#4216,2.4003);
#383=CYLINDRICAL_SURFACE('',#4217,2.4003);
#384=CYLINDRICAL_SURFACE('',#4247,2.4003);
#385=CYLINDRICAL_SURFACE('',#4248,1.397);
#386=CYLINDRICAL_SURFACE('',#4249,1.397);
#387=CYLINDRICAL_SURFACE('',#4250,1.397);
#388=CYLINDRICAL_SURFACE('',#4251,1.397);
#389=CYLINDRICAL_SURFACE('',#4252,1.397);
#390=CYLINDRICAL_SURFACE('',#4253,1.397);
#391=CYLINDRICAL_SURFACE('',#4254,1.397);
#392=CYLINDRICAL_SURFACE('',#4255,1.397);
#393=CYLINDRICAL_SURFACE('',#4309,1.6891);
#394=FACE_OUTER_BOUND('',#584,.T.);
#395=FACE_OUTER_BOUND('',#585,.T.);
#396=FACE_OUTER_BOUND('',#586,.T.);
#397=FACE_OUTER_BOUND('',#587,.T.);
#398=FACE_OUTER_BOUND('',#588,.T.);
#399=FACE_OUTER_BOUND('',#601,.T.);
#400=FACE_OUTER_BOUND('',#602,.T.);
#401=FACE_OUTER_BOUND('',#603,.T.);
#402=FACE_OUTER_BOUND('',#604,.T.);
#403=FACE_OUTER_BOUND('',#605,.T.);
#404=FACE_OUTER_BOUND('',#606,.T.);
#405=FACE_OUTER_BOUND('',#607,.T.);
#406=FACE_OUTER_BOUND('',#608,.T.);
#407=FACE_OUTER_BOUND('',#609,.T.);
#408=FACE_OUTER_BOUND('',#610,.T.);
#409=FACE_OUTER_BOUND('',#611,.T.);
#410=FACE_OUTER_BOUND('',#612,.T.);
#411=FACE_OUTER_BOUND('',#625,.T.);
#412=FACE_OUTER_BOUND('',#626,.T.);
#413=FACE_OUTER_BOUND('',#627,.T.);
#414=FACE_OUTER_BOUND('',#628,.T.);
#415=FACE_OUTER_BOUND('',#629,.T.);
#416=FACE_OUTER_BOUND('',#630,.T.);
#417=FACE_OUTER_BOUND('',#631,.T.);
#418=FACE_OUTER_BOUND('',#632,.T.);
#419=FACE_OUTER_BOUND('',#633,.T.);
#420=FACE_OUTER_BOUND('',#634,.T.);
#421=FACE_OUTER_BOUND('',#635,.T.);
#422=FACE_OUTER_BOUND('',#636,.T.);
#423=FACE_OUTER_BOUND('',#637,.T.);
#424=FACE_OUTER_BOUND('',#638,.T.);
#425=FACE_OUTER_BOUND('',#639,.T.);
#426=FACE_OUTER_BOUND('',#640,.T.);
#427=FACE_OUTER_BOUND('',#641,.T.);
#428=FACE_OUTER_BOUND('',#642,.T.);
#429=FACE_OUTER_BOUND('',#643,.T.);
#430=FACE_OUTER_BOUND('',#644,.T.);
#431=FACE_OUTER_BOUND('',#645,.T.);
#432=FACE_OUTER_BOUND('',#646,.T.);
#433=FACE_OUTER_BOUND('',#647,.T.);
#434=FACE_OUTER_BOUND('',#648,.T.);
#435=FACE_OUTER_BOUND('',#649,.T.);
#436=FACE_OUTER_BOUND('',#650,.T.);
#437=FACE_OUTER_BOUND('',#651,.T.);
#438=FACE_OUTER_BOUND('',#652,.T.);
#439=FACE_OUTER_BOUND('',#653,.T.);
#440=FACE_OUTER_BOUND('',#654,.T.);
#441=FACE_OUTER_BOUND('',#655,.T.);
#442=FACE_OUTER_BOUND('',#656,.T.);
#443=FACE_OUTER_BOUND('',#657,.T.);
#444=FACE_OUTER_BOUND('',#658,.T.);
#445=FACE_OUTER_BOUND('',#659,.T.);
#446=FACE_OUTER_BOUND('',#660,.T.);
#447=FACE_OUTER_BOUND('',#661,.T.);
#448=FACE_OUTER_BOUND('',#662,.T.);
#449=FACE_OUTER_BOUND('',#663,.T.);
#450=FACE_OUTER_BOUND('',#664,.T.);
#451=FACE_OUTER_BOUND('',#665,.T.);
#452=FACE_OUTER_BOUND('',#666,.T.);
#453=FACE_OUTER_BOUND('',#667,.T.);
#454=FACE_OUTER_BOUND('',#668,.T.);
#455=FACE_OUTER_BOUND('',#669,.T.);
#456=FACE_OUTER_BOUND('',#670,.T.);
#457=FACE_OUTER_BOUND('',#671,.T.);
#458=FACE_OUTER_BOUND('',#672,.T.);
#459=FACE_OUTER_BOUND('',#673,.T.);
#460=FACE_OUTER_BOUND('',#674,.T.);
#461=FACE_OUTER_BOUND('',#675,.T.);
#462=FACE_OUTER_BOUND('',#676,.T.);
#463=FACE_OUTER_BOUND('',#677,.T.);
#464=FACE_OUTER_BOUND('',#678,.T.);
#465=FACE_OUTER_BOUND('',#679,.T.);
#466=FACE_OUTER_BOUND('',#680,.T.);
#467=FACE_OUTER_BOUND('',#681,.T.);
#468=FACE_OUTER_BOUND('',#682,.T.);
#469=FACE_OUTER_BOUND('',#683,.T.);
#470=FACE_OUTER_BOUND('',#684,.T.);
#471=FACE_OUTER_BOUND('',#685,.T.);
#472=FACE_OUTER_BOUND('',#686,.T.);
#473=FACE_OUTER_BOUND('',#687,.T.);
#474=FACE_OUTER_BOUND('',#688,.T.);
#475=FACE_OUTER_BOUND('',#689,.T.);
#476=FACE_OUTER_BOUND('',#690,.T.);
#477=FACE_OUTER_BOUND('',#691,.T.);
#478=FACE_OUTER_BOUND('',#692,.T.);
#479=FACE_OUTER_BOUND('',#693,.T.);
#480=FACE_OUTER_BOUND('',#694,.T.);
#481=FACE_OUTER_BOUND('',#708,.T.);
#482=FACE_OUTER_BOUND('',#715,.T.);
#483=FACE_OUTER_BOUND('',#716,.T.);
#484=FACE_OUTER_BOUND('',#717,.T.);
#485=FACE_OUTER_BOUND('',#724,.T.);
#486=FACE_OUTER_BOUND('',#725,.T.);
#487=FACE_OUTER_BOUND('',#739,.T.);
#488=FACE_OUTER_BOUND('',#740,.T.);
#489=FACE_OUTER_BOUND('',#741,.T.);
#490=FACE_OUTER_BOUND('',#742,.T.);
#491=FACE_OUTER_BOUND('',#755,.T.);
#492=FACE_OUTER_BOUND('',#756,.T.);
#493=FACE_OUTER_BOUND('',#763,.T.);
#494=FACE_OUTER_BOUND('',#764,.T.);
#495=FACE_OUTER_BOUND('',#771,.T.);
#496=FACE_OUTER_BOUND('',#772,.T.);
#497=FACE_OUTER_BOUND('',#779,.T.);
#498=FACE_OUTER_BOUND('',#780,.T.);
#499=FACE_OUTER_BOUND('',#787,.T.);
#500=FACE_OUTER_BOUND('',#788,.T.);
#501=FACE_OUTER_BOUND('',#801,.T.);
#502=FACE_OUTER_BOUND('',#802,.T.);
#503=FACE_OUTER_BOUND('',#803,.T.);
#504=FACE_OUTER_BOUND('',#804,.T.);
#505=FACE_OUTER_BOUND('',#805,.T.);
#506=FACE_OUTER_BOUND('',#806,.T.);
#507=FACE_OUTER_BOUND('',#807,.T.);
#508=FACE_OUTER_BOUND('',#808,.T.);
#509=FACE_OUTER_BOUND('',#809,.T.);
#510=FACE_OUTER_BOUND('',#810,.T.);
#511=FACE_OUTER_BOUND('',#811,.T.);
#512=FACE_OUTER_BOUND('',#812,.T.);
#513=FACE_OUTER_BOUND('',#813,.T.);
#514=FACE_OUTER_BOUND('',#814,.T.);
#515=FACE_OUTER_BOUND('',#815,.T.);
#516=FACE_OUTER_BOUND('',#816,.T.);
#517=FACE_OUTER_BOUND('',#817,.T.);
#518=FACE_OUTER_BOUND('',#818,.T.);
#519=FACE_OUTER_BOUND('',#819,.T.);
#520=FACE_OUTER_BOUND('',#820,.T.);
#521=FACE_OUTER_BOUND('',#821,.T.);
#522=FACE_OUTER_BOUND('',#822,.T.);
#523=FACE_OUTER_BOUND('',#823,.T.);
#524=FACE_OUTER_BOUND('',#824,.T.);
#525=FACE_OUTER_BOUND('',#825,.T.);
#526=FACE_OUTER_BOUND('',#826,.T.);
#527=FACE_OUTER_BOUND('',#827,.T.);
#528=FACE_OUTER_BOUND('',#828,.T.);
#529=FACE_OUTER_BOUND('',#829,.T.);
#530=FACE_OUTER_BOUND('',#830,.T.);
#531=FACE_OUTER_BOUND('',#831,.T.);
#532=FACE_OUTER_BOUND('',#832,.T.);
#533=FACE_OUTER_BOUND('',#833,.T.);
#534=FACE_OUTER_BOUND('',#834,.T.);
#535=FACE_OUTER_BOUND('',#835,.T.);
#536=FACE_OUTER_BOUND('',#836,.T.);
#537=FACE_OUTER_BOUND('',#837,.T.);
#538=FACE_OUTER_BOUND('',#838,.T.);
#539=FACE_OUTER_BOUND('',#839,.T.);
#540=FACE_OUTER_BOUND('',#840,.T.);
#541=FACE_OUTER_BOUND('',#841,.T.);
#542=FACE_OUTER_BOUND('',#842,.T.);
#543=FACE_OUTER_BOUND('',#843,.T.);
#544=FACE_OUTER_BOUND('',#844,.T.);
#545=FACE_OUTER_BOUND('',#845,.T.);
#546=FACE_OUTER_BOUND('',#846,.T.);
#547=FACE_OUTER_BOUND('',#847,.T.);
#548=FACE_OUTER_BOUND('',#848,.T.);
#549=FACE_OUTER_BOUND('',#849,.T.);
#550=FACE_OUTER_BOUND('',#850,.T.);
#551=FACE_OUTER_BOUND('',#851,.T.);
#552=FACE_OUTER_BOUND('',#852,.T.);
#553=FACE_OUTER_BOUND('',#853,.T.);
#554=FACE_OUTER_BOUND('',#854,.T.);
#555=FACE_OUTER_BOUND('',#855,.T.);
#556=FACE_OUTER_BOUND('',#856,.T.);
#557=FACE_OUTER_BOUND('',#857,.T.);
#558=FACE_OUTER_BOUND('',#858,.T.);
#559=FACE_OUTER_BOUND('',#859,.T.);
#560=FACE_OUTER_BOUND('',#860,.T.);
#561=FACE_OUTER_BOUND('',#861,.T.);
#562=FACE_OUTER_BOUND('',#862,.T.);
#563=FACE_OUTER_BOUND('',#863,.T.);
#564=FACE_OUTER_BOUND('',#864,.T.);
#565=FACE_OUTER_BOUND('',#865,.T.);
#566=FACE_OUTER_BOUND('',#866,.T.);
#567=FACE_OUTER_BOUND('',#867,.T.);
#568=FACE_OUTER_BOUND('',#869,.T.);
#569=FACE_OUTER_BOUND('',#870,.T.);
#570=FACE_OUTER_BOUND('',#872,.T.);
#571=FACE_OUTER_BOUND('',#873,.T.);
#572=FACE_OUTER_BOUND('',#874,.T.);
#573=FACE_OUTER_BOUND('',#875,.T.);
#574=FACE_OUTER_BOUND('',#876,.T.);
#575=FACE_OUTER_BOUND('',#877,.T.);
#576=FACE_OUTER_BOUND('',#878,.T.);
#577=FACE_OUTER_BOUND('',#879,.T.);
#578=FACE_OUTER_BOUND('',#880,.T.);
#579=FACE_OUTER_BOUND('',#881,.T.);
#580=FACE_OUTER_BOUND('',#882,.T.);
#581=FACE_OUTER_BOUND('',#883,.T.);
#582=FACE_OUTER_BOUND('',#884,.T.);
#583=FACE_OUTER_BOUND('',#886,.T.);
#584=EDGE_LOOP('',(#2552,#2553,#2554,#2555));
#585=EDGE_LOOP('',(#2556,#2557,#2558,#2559));
#586=EDGE_LOOP('',(#2560,#2561,#2562,#2563));
#587=EDGE_LOOP('',(#2564,#2565,#2566,#2567));
#588=EDGE_LOOP('',(#2568,#2569,#2570,#2571));
#589=EDGE_LOOP('',(#2572,#2573,#2574,#2575));
#590=EDGE_LOOP('',(#2576,#2577,#2578,#2579));
#591=EDGE_LOOP('',(#2580,#2581,#2582,#2583));
#592=EDGE_LOOP('',(#2584,#2585,#2586,#2587));
#593=EDGE_LOOP('',(#2588,#2589,#2590,#2591));
#594=EDGE_LOOP('',(#2592,#2593,#2594,#2595));
#595=EDGE_LOOP('',(#2596,#2597,#2598,#2599));
#596=EDGE_LOOP('',(#2600));
#597=EDGE_LOOP('',(#2601));
#598=EDGE_LOOP('',(#2602));
#599=EDGE_LOOP('',(#2603));
#600=EDGE_LOOP('',(#2604,#2605,#2606,#2607));
#601=EDGE_LOOP('',(#2608,#2609,#2610,#2611,#2612,#2613,#2614));
#602=EDGE_LOOP('',(#2615,#2616,#2617,#2618));
#603=EDGE_LOOP('',(#2619,#2620,#2621,#2622));
#604=EDGE_LOOP('',(#2623,#2624,#2625,#2626,#2627,#2628,#2629,#2630,#2631,
#2632,#2633,#2634));
#605=EDGE_LOOP('',(#2635,#2636,#2637,#2638,#2639,#2640,#2641));
#606=EDGE_LOOP('',(#2642,#2643,#2644,#2645));
#607=EDGE_LOOP('',(#2646,#2647,#2648,#2649));
#608=EDGE_LOOP('',(#2650,#2651,#2652,#2653,#2654,#2655,#2656,#2657,#2658,
#2659,#2660,#2661));
#609=EDGE_LOOP('',(#2662,#2663,#2664,#2665));
#610=EDGE_LOOP('',(#2666,#2667,#2668,#2669,#2670,#2671,#2672));
#611=EDGE_LOOP('',(#2673,#2674,#2675,#2676));
#612=EDGE_LOOP('',(#2677,#2678,#2679,#2680));
#613=EDGE_LOOP('',(#2681,#2682,#2683,#2684));
#614=EDGE_LOOP('',(#2685,#2686,#2687,#2688));
#615=EDGE_LOOP('',(#2689,#2690,#2691,#2692));
#616=EDGE_LOOP('',(#2693,#2694,#2695,#2696));
#617=EDGE_LOOP('',(#2697,#2698,#2699,#2700));
#618=EDGE_LOOP('',(#2701,#2702,#2703,#2704));
#619=EDGE_LOOP('',(#2705,#2706,#2707,#2708));
#620=EDGE_LOOP('',(#2709));
#621=EDGE_LOOP('',(#2710));
#622=EDGE_LOOP('',(#2711));
#623=EDGE_LOOP('',(#2712));
#624=EDGE_LOOP('',(#2713,#2714,#2715,#2716));
#625=EDGE_LOOP('',(#2717,#2718,#2719,#2720));
#626=EDGE_LOOP('',(#2721,#2722,#2723,#2724,#2725,#2726,#2727));
#627=EDGE_LOOP('',(#2728,#2729,#2730,#2731));
#628=EDGE_LOOP('',(#2732,#2733,#2734,#2735));
#629=EDGE_LOOP('',(#2736,#2737,#2738,#2739));
#630=EDGE_LOOP('',(#2740,#2741,#2742,#2743));
#631=EDGE_LOOP('',(#2744,#2745,#2746,#2747));
#632=EDGE_LOOP('',(#2748,#2749,#2750,#2751));
#633=EDGE_LOOP('',(#2752,#2753,#2754,#2755));
#634=EDGE_LOOP('',(#2756,#2757,#2758,#2759));
#635=EDGE_LOOP('',(#2760,#2761,#2762,#2763));
#636=EDGE_LOOP('',(#2764,#2765,#2766,#2767));
#637=EDGE_LOOP('',(#2768,#2769,#2770,#2771));
#638=EDGE_LOOP('',(#2772,#2773,#2774,#2775));
#639=EDGE_LOOP('',(#2776,#2777,#2778,#2779));
#640=EDGE_LOOP('',(#2780,#2781,#2782,#2783));
#641=EDGE_LOOP('',(#2784,#2785,#2786,#2787));
#642=EDGE_LOOP('',(#2788,#2789,#2790,#2791));
#643=EDGE_LOOP('',(#2792,#2793,#2794,#2795));
#644=EDGE_LOOP('',(#2796,#2797,#2798,#2799));
#645=EDGE_LOOP('',(#2800,#2801,#2802,#2803));
#646=EDGE_LOOP('',(#2804,#2805,#2806,#2807));
#647=EDGE_LOOP('',(#2808,#2809,#2810,#2811));
#648=EDGE_LOOP('',(#2812,#2813,#2814,#2815));
#649=EDGE_LOOP('',(#2816,#2817,#2818,#2819));
#650=EDGE_LOOP('',(#2820,#2821,#2822,#2823));
#651=EDGE_LOOP('',(#2824,#2825,#2826,#2827));
#652=EDGE_LOOP('',(#2828,#2829,#2830,#2831));
#653=EDGE_LOOP('',(#2832,#2833,#2834,#2835));
#654=EDGE_LOOP('',(#2836,#2837,#2838,#2839));
#655=EDGE_LOOP('',(#2840,#2841,#2842,#2843));
#656=EDGE_LOOP('',(#2844,#2845,#2846,#2847));
#657=EDGE_LOOP('',(#2848,#2849,#2850,#2851));
#658=EDGE_LOOP('',(#2852,#2853,#2854,#2855));
#659=EDGE_LOOP('',(#2856,#2857,#2858,#2859));
#660=EDGE_LOOP('',(#2860,#2861,#2862,#2863));
#661=EDGE_LOOP('',(#2864,#2865,#2866,#2867));
#662=EDGE_LOOP('',(#2868,#2869,#2870,#2871));
#663=EDGE_LOOP('',(#2872,#2873,#2874,#2875));
#664=EDGE_LOOP('',(#2876,#2877,#2878,#2879));
#665=EDGE_LOOP('',(#2880,#2881,#2882,#2883));
#666=EDGE_LOOP('',(#2884,#2885,#2886,#2887));
#667=EDGE_LOOP('',(#2888,#2889,#2890,#2891));
#668=EDGE_LOOP('',(#2892,#2893,#2894,#2895));
#669=EDGE_LOOP('',(#2896,#2897,#2898,#2899));
#670=EDGE_LOOP('',(#2900,#2901,#2902,#2903));
#671=EDGE_LOOP('',(#2904,#2905,#2906,#2907));
#672=EDGE_LOOP('',(#2908,#2909,#2910,#2911));
#673=EDGE_LOOP('',(#2912,#2913,#2914,#2915));
#674=EDGE_LOOP('',(#2916,#2917,#2918,#2919));
#675=EDGE_LOOP('',(#2920,#2921,#2922,#2923));
#676=EDGE_LOOP('',(#2924,#2925,#2926,#2927));
#677=EDGE_LOOP('',(#2928,#2929,#2930,#2931));
#678=EDGE_LOOP('',(#2932,#2933,#2934,#2935));
#679=EDGE_LOOP('',(#2936,#2937,#2938,#2939));
#680=EDGE_LOOP('',(#2940,#2941,#2942,#2943));
#681=EDGE_LOOP('',(#2944,#2945,#2946,#2947));
#682=EDGE_LOOP('',(#2948,#2949,#2950,#2951));
#683=EDGE_LOOP('',(#2952,#2953,#2954,#2955));
#684=EDGE_LOOP('',(#2956,#2957,#2958,#2959));
#685=EDGE_LOOP('',(#2960,#2961,#2962,#2963));
#686=EDGE_LOOP('',(#2964,#2965,#2966,#2967));
#687=EDGE_LOOP('',(#2968,#2969,#2970,#2971));
#688=EDGE_LOOP('',(#2972,#2973,#2974,#2975));
#689=EDGE_LOOP('',(#2976,#2977,#2978,#2979));
#690=EDGE_LOOP('',(#2980,#2981,#2982,#2983));
#691=EDGE_LOOP('',(#2984,#2985,#2986,#2987,#2988,#2989,#2990,#2991,#2992,
#2993,#2994,#2995,#2996,#2997,#2998,#2999,#3000,#3001,#3002,#3003,#3004,
#3005,#3006,#3007));
#692=EDGE_LOOP('',(#3008,#3009,#3010,#3011));
#693=EDGE_LOOP('',(#3012,#3013,#3014,#3015));
#694=EDGE_LOOP('',(#3016,#3017,#3018,#3019));
#695=EDGE_LOOP('',(#3020));
#696=EDGE_LOOP('',(#3021));
#697=EDGE_LOOP('',(#3022));
#698=EDGE_LOOP('',(#3023,#3024,#3025,#3026));
#699=EDGE_LOOP('',(#3027));
#700=EDGE_LOOP('',(#3028,#3029,#3030,#3031));
#701=EDGE_LOOP('',(#3032,#3033,#3034,#3035));
#702=EDGE_LOOP('',(#3036,#3037,#3038,#3039));
#703=EDGE_LOOP('',(#3040,#3041,#3042,#3043));
#704=EDGE_LOOP('',(#3044,#3045,#3046,#3047));
#705=EDGE_LOOP('',(#3048,#3049,#3050,#3051));
#706=EDGE_LOOP('',(#3052,#3053,#3054,#3055));
#707=EDGE_LOOP('',(#3056,#3057,#3058,#3059));
#708=EDGE_LOOP('',(#3060,#3061,#3062,#3063));
#709=EDGE_LOOP('',(#3064));
#710=EDGE_LOOP('',(#3065));
#711=EDGE_LOOP('',(#3066));
#712=EDGE_LOOP('',(#3067));
#713=EDGE_LOOP('',(#3068));
#714=EDGE_LOOP('',(#3069));
#715=EDGE_LOOP('',(#3070,#3071,#3072,#3073,#3074,#3075,#3076,#3077,#3078,
#3079,#3080,#3081,#3082,#3083,#3084,#3085,#3086,#3087,#3088,#3089,#3090,
#3091,#3092,#3093));
#716=EDGE_LOOP('',(#3094,#3095,#3096,#3097));
#717=EDGE_LOOP('',(#3098,#3099,#3100,#3101));
#718=EDGE_LOOP('',(#3102));
#719=EDGE_LOOP('',(#3103));
#720=EDGE_LOOP('',(#3104));
#721=EDGE_LOOP('',(#3105));
#722=EDGE_LOOP('',(#3106));
#723=EDGE_LOOP('',(#3107));
#724=EDGE_LOOP('',(#3108,#3109,#3110,#3111));
#725=EDGE_LOOP('',(#3112,#3113,#3114,#3115));
#726=EDGE_LOOP('',(#3116));
#727=EDGE_LOOP('',(#3117));
#728=EDGE_LOOP('',(#3118));
#729=EDGE_LOOP('',(#3119,#3120,#3121,#3122));
#730=EDGE_LOOP('',(#3123));
#731=EDGE_LOOP('',(#3124,#3125,#3126,#3127));
#732=EDGE_LOOP('',(#3128,#3129,#3130,#3131));
#733=EDGE_LOOP('',(#3132,#3133,#3134,#3135));
#734=EDGE_LOOP('',(#3136,#3137,#3138,#3139));
#735=EDGE_LOOP('',(#3140,#3141,#3142,#3143));
#736=EDGE_LOOP('',(#3144,#3145,#3146,#3147));
#737=EDGE_LOOP('',(#3148,#3149,#3150,#3151));
#738=EDGE_LOOP('',(#3152,#3153,#3154,#3155));
#739=EDGE_LOOP('',(#3156,#3157,#3158,#3159));
#740=EDGE_LOOP('',(#3160,#3161,#3162,#3163));
#741=EDGE_LOOP('',(#3164,#3165,#3166,#3167));
#742=EDGE_LOOP('',(#3168,#3169,#3170,#3171));
#743=EDGE_LOOP('',(#3172));
#744=EDGE_LOOP('',(#3173));
#745=EDGE_LOOP('',(#3174));
#746=EDGE_LOOP('',(#3175));
#747=EDGE_LOOP('',(#3176));
#748=EDGE_LOOP('',(#3177));
#749=EDGE_LOOP('',(#3178));
#750=EDGE_LOOP('',(#3179));
#751=EDGE_LOOP('',(#3180));
#752=EDGE_LOOP('',(#3181));
#753=EDGE_LOOP('',(#3182));
#754=EDGE_LOOP('',(#3183));
#755=EDGE_LOOP('',(#3184,#3185,#3186,#3187));
#756=EDGE_LOOP('',(#3188,#3189,#3190,#3191));
#757=EDGE_LOOP('',(#3192));
#758=EDGE_LOOP('',(#3193));
#759=EDGE_LOOP('',(#3194));
#760=EDGE_LOOP('',(#3195));
#761=EDGE_LOOP('',(#3196));
#762=EDGE_LOOP('',(#3197));
#763=EDGE_LOOP('',(#3198,#3199,#3200,#3201));
#764=EDGE_LOOP('',(#3202,#3203,#3204,#3205));
#765=EDGE_LOOP('',(#3206));
#766=EDGE_LOOP('',(#3207));
#767=EDGE_LOOP('',(#3208));
#768=EDGE_LOOP('',(#3209));
#769=EDGE_LOOP('',(#3210));
#770=EDGE_LOOP('',(#3211));
#771=EDGE_LOOP('',(#3212,#3213,#3214,#3215));
#772=EDGE_LOOP('',(#3216,#3217,#3218,#3219));
#773=EDGE_LOOP('',(#3220));
#774=EDGE_LOOP('',(#3221));
#775=EDGE_LOOP('',(#3222));
#776=EDGE_LOOP('',(#3223));
#777=EDGE_LOOP('',(#3224));
#778=EDGE_LOOP('',(#3225));
#779=EDGE_LOOP('',(#3226,#3227,#3228,#3229));
#780=EDGE_LOOP('',(#3230,#3231,#3232,#3233));
#781=EDGE_LOOP('',(#3234));
#782=EDGE_LOOP('',(#3235));
#783=EDGE_LOOP('',(#3236));
#784=EDGE_LOOP('',(#3237));
#785=EDGE_LOOP('',(#3238));
#786=EDGE_LOOP('',(#3239));
#787=EDGE_LOOP('',(#3240,#3241,#3242,#3243));
#788=EDGE_LOOP('',(#3244,#3245,#3246,#3247));
#789=EDGE_LOOP('',(#3248));
#790=EDGE_LOOP('',(#3249));
#791=EDGE_LOOP('',(#3250));
#792=EDGE_LOOP('',(#3251));
#793=EDGE_LOOP('',(#3252));
#794=EDGE_LOOP('',(#3253));
#795=EDGE_LOOP('',(#3254));
#796=EDGE_LOOP('',(#3255));
#797=EDGE_LOOP('',(#3256));
#798=EDGE_LOOP('',(#3257));
#799=EDGE_LOOP('',(#3258));
#800=EDGE_LOOP('',(#3259));
#801=EDGE_LOOP('',(#3260,#3261,#3262,#3263));
#802=EDGE_LOOP('',(#3264,#3265,#3266,#3267));
#803=EDGE_LOOP('',(#3268,#3269,#3270,#3271));
#804=EDGE_LOOP('',(#3272,#3273,#3274,#3275));
#805=EDGE_LOOP('',(#3276,#3277,#3278,#3279));
#806=EDGE_LOOP('',(#3280,#3281,#3282,#3283));
#807=EDGE_LOOP('',(#3284,#3285,#3286,#3287));
#808=EDGE_LOOP('',(#3288,#3289,#3290,#3291));
#809=EDGE_LOOP('',(#3292,#3293,#3294,#3295));
#810=EDGE_LOOP('',(#3296,#3297,#3298,#3299));
#811=EDGE_LOOP('',(#3300,#3301,#3302,#3303));
#812=EDGE_LOOP('',(#3304,#3305,#3306,#3307));
#813=EDGE_LOOP('',(#3308,#3309,#3310,#3311));
#814=EDGE_LOOP('',(#3312,#3313,#3314,#3315));
#815=EDGE_LOOP('',(#3316,#3317,#3318,#3319));
#816=EDGE_LOOP('',(#3320,#3321,#3322,#3323));
#817=EDGE_LOOP('',(#3324,#3325,#3326,#3327));
#818=EDGE_LOOP('',(#3328,#3329,#3330,#3331));
#819=EDGE_LOOP('',(#3332,#3333,#3334,#3335));
#820=EDGE_LOOP('',(#3336,#3337,#3338,#3339));
#821=EDGE_LOOP('',(#3340,#3341,#3342,#3343));
#822=EDGE_LOOP('',(#3344,#3345,#3346,#3347));
#823=EDGE_LOOP('',(#3348,#3349,#3350,#3351));
#824=EDGE_LOOP('',(#3352,#3353,#3354,#3355));
#825=EDGE_LOOP('',(#3356,#3357,#3358,#3359));
#826=EDGE_LOOP('',(#3360,#3361,#3362,#3363));
#827=EDGE_LOOP('',(#3364,#3365,#3366,#3367));
#828=EDGE_LOOP('',(#3368,#3369,#3370,#3371));
#829=EDGE_LOOP('',(#3372,#3373,#3374,#3375));
#830=EDGE_LOOP('',(#3376,#3377,#3378,#3379));
#831=EDGE_LOOP('',(#3380,#3381,#3382,#3383));
#832=EDGE_LOOP('',(#3384,#3385,#3386,#3387));
#833=EDGE_LOOP('',(#3388,#3389,#3390,#3391));
#834=EDGE_LOOP('',(#3392,#3393,#3394,#3395));
#835=EDGE_LOOP('',(#3396,#3397,#3398,#3399));
#836=EDGE_LOOP('',(#3400,#3401,#3402,#3403));
#837=EDGE_LOOP('',(#3404,#3405,#3406,#3407));
#838=EDGE_LOOP('',(#3408,#3409,#3410,#3411));
#839=EDGE_LOOP('',(#3412,#3413,#3414,#3415));
#840=EDGE_LOOP('',(#3416,#3417,#3418,#3419));
#841=EDGE_LOOP('',(#3420,#3421,#3422,#3423));
#842=EDGE_LOOP('',(#3424,#3425,#3426,#3427));
#843=EDGE_LOOP('',(#3428,#3429,#3430,#3431));
#844=EDGE_LOOP('',(#3432,#3433,#3434,#3435));
#845=EDGE_LOOP('',(#3436,#3437,#3438,#3439));
#846=EDGE_LOOP('',(#3440,#3441,#3442,#3443));
#847=EDGE_LOOP('',(#3444,#3445,#3446,#3447));
#848=EDGE_LOOP('',(#3448,#3449,#3450,#3451));
#849=EDGE_LOOP('',(#3452,#3453,#3454,#3455));
#850=EDGE_LOOP('',(#3456,#3457,#3458,#3459));
#851=EDGE_LOOP('',(#3460,#3461,#3462,#3463));
#852=EDGE_LOOP('',(#3464,#3465,#3466,#3467));
#853=EDGE_LOOP('',(#3468,#3469,#3470,#3471));
#854=EDGE_LOOP('',(#3472,#3473,#3474,#3475));
#855=EDGE_LOOP('',(#3476,#3477,#3478,#3479));
#856=EDGE_LOOP('',(#3480,#3481,#3482,#3483));
#857=EDGE_LOOP('',(#3484,#3485,#3486,#3487));
#858=EDGE_LOOP('',(#3488,#3489,#3490,#3491));
#859=EDGE_LOOP('',(#3492,#3493,#3494,#3495));
#860=EDGE_LOOP('',(#3496,#3497,#3498,#3499));
#861=EDGE_LOOP('',(#3500,#3501,#3502,#3503));
#862=EDGE_LOOP('',(#3504,#3505,#3506,#3507));
#863=EDGE_LOOP('',(#3508,#3509,#3510,#3511));
#864=EDGE_LOOP('',(#3512,#3513,#3514,#3515));
#865=EDGE_LOOP('',(#3516,#3517,#3518,#3519));
#866=EDGE_LOOP('',(#3520,#3521,#3522,#3523,#3524,#3525,#3526,#3527,#3528,
#3529,#3530,#3531,#3532,#3533,#3534,#3535,#3536,#3537,#3538,#3539));
#867=EDGE_LOOP('',(#3540));
#868=EDGE_LOOP('',(#3541,#3542,#3543,#3544,#3545,#3546,#3547,#3548,#3549,
#3550,#3551,#3552,#3553,#3554,#3555,#3556,#3557,#3558,#3559,#3560));
#869=EDGE_LOOP('',(#3561,#3562,#3563,#3564));
#870=EDGE_LOOP('',(#3565));
#871=EDGE_LOOP('',(#3566));
#872=EDGE_LOOP('',(#3567,#3568,#3569,#3570));
#873=EDGE_LOOP('',(#3571,#3572,#3573,#3574));
#874=EDGE_LOOP('',(#3575));
#875=EDGE_LOOP('',(#3576,#3577,#3578,#3579));
#876=EDGE_LOOP('',(#3580,#3581,#3582,#3583));
#877=EDGE_LOOP('',(#3584,#3585,#3586,#3587));
#878=EDGE_LOOP('',(#3588,#3589,#3590,#3591));
#879=EDGE_LOOP('',(#3592,#3593,#3594,#3595));
#880=EDGE_LOOP('',(#3596,#3597,#3598,#3599));
#881=EDGE_LOOP('',(#3600,#3601,#3602,#3603));
#882=EDGE_LOOP('',(#3604,#3605,#3606,#3607));
#883=EDGE_LOOP('',(#3608,#3609,#3610,#3611));
#884=EDGE_LOOP('',(#3612,#3613,#3614,#3615));
#885=EDGE_LOOP('',(#3616,#3617,#3618,#3619));
#886=EDGE_LOOP('',(#3620,#3621,#3622,#3623));
#887=LINE('',#5421,#1273);
#888=LINE('',#5423,#1274);
#889=LINE('',#5425,#1275);
#890=LINE('',#5426,#1276);
#891=LINE('',#5432,#1277);
#892=LINE('',#5435,#1278);
#893=LINE('',#5439,#1279);
#894=LINE('',#5441,#1280);
#895=LINE('',#5443,#1281);
#896=LINE('',#5444,#1282);
#897=LINE('',#5447,#1283);
#898=LINE('',#5449,#1284);
#899=LINE('',#5450,#1285);
#900=LINE('',#5454,#1286);
#901=LINE('',#5456,#1287);
#902=LINE('',#5458,#1288);
#903=LINE('',#5459,#1289);
#904=LINE('',#5462,#1290);
#905=LINE('',#5464,#1291);
#906=LINE('',#5466,#1292);
#907=LINE('',#5467,#1293);
#908=LINE('',#5470,#1294);
#909=LINE('',#5472,#1295);
#910=LINE('',#5474,#1296);
#911=LINE('',#5475,#1297);
#912=LINE('',#5478,#1298);
#913=LINE('',#5480,#1299);
#914=LINE('',#5482,#1300);
#915=LINE('',#5483,#1301);
#916=LINE('',#5486,#1302);
#917=LINE('',#5488,#1303);
#918=LINE('',#5490,#1304);
#919=LINE('',#5491,#1305);
#920=LINE('',#5494,#1306);
#921=LINE('',#5496,#1307);
#922=LINE('',#5498,#1308);
#923=LINE('',#5499,#1309);
#924=LINE('',#5502,#1310);
#925=LINE('',#5504,#1311);
#926=LINE('',#5506,#1312);
#927=LINE('',#5507,#1313);
#928=LINE('',#5510,#1314);
#929=LINE('',#5512,#1315);
#930=LINE('',#5514,#1316);
#931=LINE('',#5515,#1317);
#932=LINE('',#5525,#1318);
#933=LINE('',#5526,#1319);
#934=LINE('',#5529,#1320);
#935=LINE('',#5531,#1321);
#936=LINE('',#5533,#1322);
#937=LINE('',#5535,#1323);
#938=LINE('',#5538,#1324);
#939=LINE('',#5541,#1325);
#940=LINE('',#5543,#1326);
#941=LINE('',#5544,#1327);
#942=LINE('',#5546,#1328);
#943=LINE('',#5550,#1329);
#944=LINE('',#5552,#1330);
#945=LINE('',#5554,#1331);
#946=LINE('',#5558,#1332);
#947=LINE('',#5562,#1333);
#948=LINE('',#5567,#1334);
#949=LINE('',#5571,#1335);
#950=LINE('',#5572,#1336);
#951=LINE('',#5579,#1337);
#952=LINE('',#5581,#1338);
#953=LINE('',#5585,#1339);
#954=LINE('',#5589,#1340);
#955=LINE('',#5590,#1341);
#956=LINE('',#5594,#1342);
#957=LINE('',#5596,#1343);
#958=LINE('',#5598,#1344);
#959=LINE('',#5601,#1345);
#960=LINE('',#5603,#1346);
#961=LINE('',#5605,#1347);
#962=LINE('',#5606,#1348);
#963=LINE('',#5609,#1349);
#964=LINE('',#5611,#1350);
#965=LINE('',#5613,#1351);
#966=LINE('',#5614,#1352);
#967=LINE('',#5617,#1353);
#968=LINE('',#5619,#1354);
#969=LINE('',#5621,#1355);
#970=LINE('',#5622,#1356);
#971=LINE('',#5625,#1357);
#972=LINE('',#5627,#1358);
#973=LINE('',#5629,#1359);
#974=LINE('',#5630,#1360);
#975=LINE('',#5633,#1361);
#976=LINE('',#5635,#1362);
#977=LINE('',#5637,#1363);
#978=LINE('',#5638,#1364);
#979=LINE('',#5641,#1365);
#980=LINE('',#5643,#1366);
#981=LINE('',#5645,#1367);
#982=LINE('',#5646,#1368);
#983=LINE('',#5649,#1369);
#984=LINE('',#5651,#1370);
#985=LINE('',#5653,#1371);
#986=LINE('',#5654,#1372);
#987=LINE('',#5664,#1373);
#988=LINE('',#5665,#1374);
#989=LINE('',#5667,#1375);
#990=LINE('',#5672,#1376);
#991=LINE('',#5674,#1377);
#992=LINE('',#5678,#1378);
#993=LINE('',#5680,#1379);
#994=LINE('',#5682,#1380);
#995=LINE('',#5684,#1381);
#996=LINE('',#5686,#1382);
#997=LINE('',#5687,#1383);
#998=LINE('',#5689,#1384);
#999=LINE('',#5691,#1385);
#1000=LINE('',#5694,#1386);
#1001=LINE('',#5695,#1387);
#1002=LINE('',#5697,#1388);
#1003=LINE('',#5699,#1389);
#1004=LINE('',#5702,#1390);
#1005=LINE('',#5703,#1391);
#1006=LINE('',#5705,#1392);
#1007=LINE('',#5707,#1393);
#1008=LINE('',#5710,#1394);
#1009=LINE('',#5711,#1395);
#1010=LINE('',#5713,#1396);
#1011=LINE('',#5715,#1397);
#1012=LINE('',#5718,#1398);
#1013=LINE('',#5719,#1399);
#1014=LINE('',#5721,#1400);
#1015=LINE('',#5723,#1401);
#1016=LINE('',#5726,#1402);
#1017=LINE('',#5727,#1403);
#1018=LINE('',#5729,#1404);
#1019=LINE('',#5731,#1405);
#1020=LINE('',#5734,#1406);
#1021=LINE('',#5735,#1407);
#1022=LINE('',#5737,#1408);
#1023=LINE('',#5739,#1409);
#1024=LINE('',#5742,#1410);
#1025=LINE('',#5749,#1411);
#1026=LINE('',#5755,#1412);
#1027=LINE('',#5761,#1413);
#1028=LINE('',#5767,#1414);
#1029=LINE('',#5773,#1415);
#1030=LINE('',#5779,#1416);
#1031=LINE('',#5785,#1417);
#1032=LINE('',#5791,#1418);
#1033=LINE('',#5797,#1419);
#1034=LINE('',#5803,#1420);
#1035=LINE('',#5809,#1421);
#1036=LINE('',#5815,#1422);
#1037=LINE('',#5821,#1423);
#1038=LINE('',#5827,#1424);
#1039=LINE('',#5833,#1425);
#1040=LINE('',#5839,#1426);
#1041=LINE('',#5845,#1427);
#1042=LINE('',#5851,#1428);
#1043=LINE('',#5857,#1429);
#1044=LINE('',#5863,#1430);
#1045=LINE('',#5869,#1431);
#1046=LINE('',#5874,#1432);
#1047=LINE('',#5876,#1433);
#1048=LINE('',#5878,#1434);
#1049=LINE('',#5879,#1435);
#1050=LINE('',#5882,#1436);
#1051=LINE('',#5884,#1437);
#1052=LINE('',#5885,#1438);
#1053=LINE('',#5888,#1439);
#1054=LINE('',#5890,#1440);
#1055=LINE('',#5891,#1441);
#1056=LINE('',#5893,#1442);
#1057=LINE('',#5894,#1443);
#1058=LINE('',#5899,#1444);
#1059=LINE('',#5904,#1445);
#1060=LINE('',#5906,#1446);
#1061=LINE('',#5908,#1447);
#1062=LINE('',#5909,#1448);
#1063=LINE('',#5915,#1449);
#1064=LINE('',#5919,#1450);
#1065=LINE('',#5923,#1451);
#1066=LINE('',#5927,#1452);
#1067=LINE('',#5930,#1453);
#1068=LINE('',#5932,#1454);
#1069=LINE('',#5936,#1455);
#1070=LINE('',#5940,#1456);
#1071=LINE('',#5944,#1457);
#1072=LINE('',#5948,#1458);
#1073=LINE('',#5952,#1459);
#1074=LINE('',#5954,#1460);
#1075=LINE('',#5955,#1461);
#1076=LINE('',#5959,#1462);
#1077=LINE('',#5961,#1463);
#1078=LINE('',#5963,#1464);
#1079=LINE('',#5964,#1465);
#1080=LINE('',#5967,#1466);
#1081=LINE('',#5969,#1467);
#1082=LINE('',#5970,#1468);
#1083=LINE('',#5973,#1469);
#1084=LINE('',#5975,#1470);
#1085=LINE('',#5976,#1471);
#1086=LINE('',#5979,#1472);
#1087=LINE('',#5981,#1473);
#1088=LINE('',#5983,#1474);
#1089=LINE('',#5984,#1475);
#1090=LINE('',#5987,#1476);
#1091=LINE('',#5989,#1477);
#1092=LINE('',#5991,#1478);
#1093=LINE('',#5992,#1479);
#1094=LINE('',#5995,#1480);
#1095=LINE('',#5997,#1481);
#1096=LINE('',#5999,#1482);
#1097=LINE('',#6000,#1483);
#1098=LINE('',#6003,#1484);
#1099=LINE('',#6005,#1485);
#1100=LINE('',#6007,#1486);
#1101=LINE('',#6008,#1487);
#1102=LINE('',#6011,#1488);
#1103=LINE('',#6013,#1489);
#1104=LINE('',#6015,#1490);
#1105=LINE('',#6016,#1491);
#1106=LINE('',#6019,#1492);
#1107=LINE('',#6021,#1493);
#1108=LINE('',#6023,#1494);
#1109=LINE('',#6024,#1495);
#1110=LINE('',#6027,#1496);
#1111=LINE('',#6029,#1497);
#1112=LINE('',#6031,#1498);
#1113=LINE('',#6032,#1499);
#1114=LINE('',#6034,#1500);
#1115=LINE('',#6035,#1501);
#1116=LINE('',#6038,#1502);
#1117=LINE('',#6039,#1503);
#1118=LINE('',#6055,#1504);
#1119=LINE('',#6059,#1505);
#1120=LINE('',#6063,#1506);
#1121=LINE('',#6067,#1507);
#1122=LINE('',#6071,#1508);
#1123=LINE('',#6075,#1509);
#1124=LINE('',#6079,#1510);
#1125=LINE('',#6083,#1511);
#1126=LINE('',#6087,#1512);
#1127=LINE('',#6091,#1513);
#1128=LINE('',#6092,#1514);
#1129=LINE('',#6095,#1515);
#1130=LINE('',#6109,#1516);
#1131=LINE('',#6111,#1517);
#1132=LINE('',#6114,#1518);
#1133=LINE('',#6116,#1519);
#1134=LINE('',#6118,#1520);
#1135=LINE('',#6119,#1521);
#1136=LINE('',#6122,#1522);
#1137=LINE('',#6124,#1523);
#1138=LINE('',#6126,#1524);
#1139=LINE('',#6127,#1525);
#1140=LINE('',#6130,#1526);
#1141=LINE('',#6132,#1527);
#1142=LINE('',#6134,#1528);
#1143=LINE('',#6135,#1529);
#1144=LINE('',#6138,#1530);
#1145=LINE('',#6140,#1531);
#1146=LINE('',#6142,#1532);
#1147=LINE('',#6143,#1533);
#1148=LINE('',#6146,#1534);
#1149=LINE('',#6148,#1535);
#1150=LINE('',#6150,#1536);
#1151=LINE('',#6151,#1537);
#1152=LINE('',#6154,#1538);
#1153=LINE('',#6156,#1539);
#1154=LINE('',#6158,#1540);
#1155=LINE('',#6159,#1541);
#1156=LINE('',#6162,#1542);
#1157=LINE('',#6164,#1543);
#1158=LINE('',#6166,#1544);
#1159=LINE('',#6167,#1545);
#1160=LINE('',#6169,#1546);
#1161=LINE('',#6170,#1547);
#1162=LINE('',#6172,#1548);
#1163=LINE('',#6174,#1549);
#1164=LINE('',#6176,#1550);
#1165=LINE('',#6178,#1551);
#1166=LINE('',#6180,#1552);
#1167=LINE('',#6182,#1553);
#1168=LINE('',#6184,#1554);
#1169=LINE('',#6186,#1555);
#1170=LINE('',#6200,#1556);
#1171=LINE('',#6202,#1557);
#1172=LINE('',#6216,#1558);
#1173=LINE('',#6218,#1559);
#1174=LINE('',#6220,#1560);
#1175=LINE('',#6222,#1561);
#1176=LINE('',#6224,#1562);
#1177=LINE('',#6226,#1563);
#1178=LINE('',#6229,#1564);
#1179=LINE('',#6230,#1565);
#1180=LINE('',#6232,#1566);
#1181=LINE('',#6234,#1567);
#1182=LINE('',#6236,#1568);
#1183=LINE('',#6238,#1569);
#1184=LINE('',#6241,#1570);
#1185=LINE('',#6242,#1571);
#1186=LINE('',#6244,#1572);
#1187=LINE('',#6246,#1573);
#1188=LINE('',#6249,#1574);
#1189=LINE('',#6250,#1575);
#1190=LINE('',#6252,#1576);
#1191=LINE('',#6254,#1577);
#1192=LINE('',#6257,#1578);
#1193=LINE('',#6258,#1579);
#1194=LINE('',#6260,#1580);
#1195=LINE('',#6262,#1581);
#1196=LINE('',#6265,#1582);
#1197=LINE('',#6266,#1583);
#1198=LINE('',#6268,#1584);
#1199=LINE('',#6270,#1585);
#1200=LINE('',#6273,#1586);
#1201=LINE('',#6274,#1587);
#1202=LINE('',#6276,#1588);
#1203=LINE('',#6278,#1589);
#1204=LINE('',#6281,#1590);
#1205=LINE('',#6282,#1591);
#1206=LINE('',#6284,#1592);
#1207=LINE('',#6286,#1593);
#1208=LINE('',#6289,#1594);
#1209=LINE('',#6291,#1595);
#1210=LINE('',#6294,#1596);
#1211=LINE('',#6296,#1597);
#1212=LINE('',#6298,#1598);
#1213=LINE('',#6300,#1599);
#1214=LINE('',#6302,#1600);
#1215=LINE('',#6304,#1601);
#1216=LINE('',#6306,#1602);
#1217=LINE('',#6308,#1603);
#1218=LINE('',#6310,#1604);
#1219=LINE('',#6317,#1605);
#1220=LINE('',#6319,#1606);
#1221=LINE('',#6320,#1607);
#1222=LINE('',#6325,#1608);
#1223=LINE('',#6326,#1609);
#1224=LINE('',#6331,#1610);
#1225=LINE('',#6347,#1611);
#1226=LINE('',#6348,#1612);
#1227=LINE('',#6353,#1613);
#1228=LINE('',#6354,#1614);
#1229=LINE('',#6362,#1615);
#1230=LINE('',#6375,#1616);
#1231=LINE('',#6376,#1617);
#1232=LINE('',#6381,#1618);
#1233=LINE('',#6382,#1619);
#1234=LINE('',#6387,#1620);
#1235=LINE('',#6388,#1621);
#1236=LINE('',#6396,#1622);
#1237=LINE('',#6409,#1623);
#1238=LINE('',#6410,#1624);
#1239=LINE('',#6415,#1625);
#1240=LINE('',#6416,#1626);
#1241=LINE('',#6422,#1627);
#1242=LINE('',#6424,#1628);
#1243=LINE('',#6440,#1629);
#1244=LINE('',#6441,#1630);
#1245=LINE('',#6444,#1631);
#1246=LINE('',#6447,#1632);
#1247=LINE('',#6462,#1633);
#1248=LINE('',#6465,#1634);
#1249=LINE('',#6472,#1635);
#1250=LINE('',#6474,#1636);
#1251=LINE('',#6476,#1637);
#1252=LINE('',#6477,#1638);
#1253=LINE('',#6480,#1639);
#1254=LINE('',#6482,#1640);
#1255=LINE('',#6483,#1641);
#1256=LINE('',#6486,#1642);
#1257=LINE('',#6488,#1643);
#1258=LINE('',#6489,#1644);
#1259=LINE('',#6491,#1645);
#1260=LINE('',#6492,#1646);
#1261=LINE('',#6497,#1647);
#1262=LINE('',#6499,#1648);
#1263=LINE('',#6501,#1649);
#1264=LINE('',#6502,#1650);
#1265=LINE('',#6505,#1651);
#1266=LINE('',#6507,#1652);
#1267=LINE('',#6508,#1653);
#1268=LINE('',#6511,#1654);
#1269=LINE('',#6513,#1655);
#1270=LINE('',#6514,#1656);
#1271=LINE('',#6516,#1657);
#1272=LINE('',#6517,#1658);
#1273=VECTOR('',#4342,56.3753);
#1274=VECTOR('',#4343,2.05740000000001);
#1275=VECTOR('',#4344,56.3753);
#1276=VECTOR('',#4345,2.05740000000001);
#1277=VECTOR('',#4350,2.05740000000001);
#1278=VECTOR('',#4353,2.05740000000001);
#1279=VECTOR('',#4356,2.0574);
#1280=VECTOR('',#4357,22.225);
#1281=VECTOR('',#4358,2.0574);
#1282=VECTOR('',#4359,22.225);
#1283=VECTOR('',#4362,3.17499999999999);
#1284=VECTOR('',#4363,2.0574);
#1285=VECTOR('',#4364,3.17499999999999);
#1286=VECTOR('',#4367,100.076);
#1287=VECTOR('',#4368,146.05);
#1288=VECTOR('',#4369,100.076);
#1289=VECTOR('',#4370,146.05);
#1290=VECTOR('',#4371,3.175);
#1291=VECTOR('',#4372,22.225);
#1292=VECTOR('',#4373,3.17500000000001);
#1293=VECTOR('',#4374,22.225);
#1294=VECTOR('',#4375,3.175);
#1295=VECTOR('',#4376,22.225);
#1296=VECTOR('',#4377,3.175);
#1297=VECTOR('',#4378,22.225);
#1298=VECTOR('',#4379,3.17499999999997);
#1299=VECTOR('',#4380,22.225);
#1300=VECTOR('',#4381,3.17500000000002);
#1301=VECTOR('',#4382,22.225);
#1302=VECTOR('',#4383,3.17499999999997);
#1303=VECTOR('',#4384,22.225);
#1304=VECTOR('',#4385,3.17500000000001);
#1305=VECTOR('',#4386,22.225);
#1306=VECTOR('',#4387,3.175);
#1307=VECTOR('',#4388,22.225);
#1308=VECTOR('',#4389,3.175);
#1309=VECTOR('',#4390,22.225);
#1310=VECTOR('',#4391,3.175);
#1311=VECTOR('',#4392,22.225);
#1312=VECTOR('',#4393,3.175);
#1313=VECTOR('',#4394,22.225);
#1314=VECTOR('',#4395,3.17499999999999);
#1315=VECTOR('',#4396,22.225);
#1316=VECTOR('',#4397,3.17499999999999);
#1317=VECTOR('',#4398,22.225);
#1318=VECTOR('',#4407,3.17499999999999);
#1319=VECTOR('',#4408,22.225);
#1320=VECTOR('',#4411,56.3753);
#1321=VECTOR('',#4412,73.5965);
#1322=VECTOR('',#4413,146.05);
#1323=VECTOR('',#4414,25.6707479578376);
#1324=VECTOR('',#4417,94.380870265634);
#1325=VECTOR('',#4420,2.05740000000001);
#1326=VECTOR('',#4421,94.380870265634);
#1327=VECTOR('',#4422,2.05740000000001);
#1328=VECTOR('',#4425,56.3753);
#1329=VECTOR('',#4428,73.5965);
#1330=VECTOR('',#4429,2.0574);
#1331=VECTOR('',#4430,73.5965);
#1332=VECTOR('',#4435,73.5965);
#1333=VECTOR('',#4438,100.076);
#1334=VECTOR('',#4445,94.380870265634);
#1335=VECTOR('',#4448,25.6707479578375);
#1336=VECTOR('',#4449,146.05);
#1337=VECTOR('',#4460,2.05740000000001);
#1338=VECTOR('',#4461,25.6707479578375);
#1339=VECTOR('',#4464,100.076);
#1340=VECTOR('',#4467,25.6707479578376);
#1341=VECTOR('',#4468,2.05740000000001);
#1342=VECTOR('',#4475,146.05);
#1343=VECTOR('',#4478,146.05);
#1344=VECTOR('',#4481,146.05);
#1345=VECTOR('',#4482,22.225);
#1346=VECTOR('',#4483,3.175);
#1347=VECTOR('',#4484,22.225);
#1348=VECTOR('',#4485,3.175);
#1349=VECTOR('',#4486,22.225);
#1350=VECTOR('',#4487,3.175);
#1351=VECTOR('',#4488,22.225);
#1352=VECTOR('',#4489,3.175);
#1353=VECTOR('',#4490,22.225);
#1354=VECTOR('',#4491,3.17499999999997);
#1355=VECTOR('',#4492,22.225);
#1356=VECTOR('',#4493,3.17500000000002);
#1357=VECTOR('',#4494,22.225);
#1358=VECTOR('',#4495,3.17499999999997);
#1359=VECTOR('',#4496,22.225);
#1360=VECTOR('',#4497,3.17500000000001);
#1361=VECTOR('',#4498,22.225);
#1362=VECTOR('',#4499,3.175);
#1363=VECTOR('',#4500,22.225);
#1364=VECTOR('',#4501,3.175);
#1365=VECTOR('',#4502,22.225);
#1366=VECTOR('',#4503,3.175);
#1367=VECTOR('',#4504,22.225);
#1368=VECTOR('',#4505,3.175);
#1369=VECTOR('',#4506,22.225);
#1370=VECTOR('',#4507,3.17499999999999);
#1371=VECTOR('',#4508,22.225);
#1372=VECTOR('',#4509,3.17499999999999);
#1373=VECTOR('',#4518,3.17499999999999);
#1374=VECTOR('',#4519,22.225);
#1375=VECTOR('',#4522,146.05);
#1376=VECTOR('',#4529,94.380870265634);
#1377=VECTOR('',#4532,2.05740000000001);
#1378=VECTOR('',#4539,2.1717);
#1379=VECTOR('',#4542,2.1717);
#1380=VECTOR('',#4545,2.1717);
#1381=VECTOR('',#4548,2.1717);
#1382=VECTOR('',#4551,2.0574);
#1383=VECTOR('',#4552,2.0574);
#1384=VECTOR('',#4555,2.0574);
#1385=VECTOR('',#4558,2.0574);
#1386=VECTOR('',#4563,2.0574);
#1387=VECTOR('',#4564,2.0574);
#1388=VECTOR('',#4567,2.0574);
#1389=VECTOR('',#4570,2.0574);
#1390=VECTOR('',#4575,2.0574);
#1391=VECTOR('',#4576,2.0574);
#1392=VECTOR('',#4579,2.0574);
#1393=VECTOR('',#4582,2.0574);
#1394=VECTOR('',#4587,2.0574);
#1395=VECTOR('',#4588,2.0574);
#1396=VECTOR('',#4591,2.0574);
#1397=VECTOR('',#4594,2.0574);
#1398=VECTOR('',#4599,2.0574);
#1399=VECTOR('',#4600,2.0574);
#1400=VECTOR('',#4603,2.0574);
#1401=VECTOR('',#4606,2.0574);
#1402=VECTOR('',#4611,2.0574);
#1403=VECTOR('',#4612,2.0574);
#1404=VECTOR('',#4615,2.0574);
#1405=VECTOR('',#4618,2.0574);
#1406=VECTOR('',#4623,2.0574);
#1407=VECTOR('',#4624,2.0574);
#1408=VECTOR('',#4627,2.0574);
#1409=VECTOR('',#4630,2.0574);
#1410=VECTOR('',#4635,2.0574);
#1411=VECTOR('',#4644,3.25);
#1412=VECTOR('',#4651,3.25);
#1413=VECTOR('',#4658,2.5);
#1414=VECTOR('',#4665,6.75);
#1415=VECTOR('',#4672,3.25);
#1416=VECTOR('',#4679,3.25);
#1417=VECTOR('',#4686,3.25);
#1418=VECTOR('',#4693,3.25);
#1419=VECTOR('',#4700,2.5);
#1420=VECTOR('',#4707,3.25);
#1421=VECTOR('',#4714,3.25);
#1422=VECTOR('',#4721,3.25);
#1423=VECTOR('',#4728,2.5);
#1424=VECTOR('',#4735,2.5);
#1425=VECTOR('',#4742,2.5);
#1426=VECTOR('',#4749,2.5);
#1427=VECTOR('',#4756,2.5);
#1428=VECTOR('',#4763,2.5);
#1429=VECTOR('',#4770,1.99999995529652);
#1430=VECTOR('',#4777,2.00000002980232);
#1431=VECTOR('',#4784,2.00000002980232);
#1432=VECTOR('',#4789,10.);
#1433=VECTOR('',#4790,10.);
#1434=VECTOR('',#4791,10.);
#1435=VECTOR('',#4792,10.);
#1436=VECTOR('',#4795,10.);
#1437=VECTOR('',#4796,10.);
#1438=VECTOR('',#4797,10.);
#1439=VECTOR('',#4800,10.);
#1440=VECTOR('',#4801,10.);
#1441=VECTOR('',#4802,10.);
#1442=VECTOR('',#4805,10.);
#1443=VECTOR('',#4806,10.);
#1444=VECTOR('',#4811,2.00000002980232);
#1445=VECTOR('',#4816,1.62560000000001);
#1446=VECTOR('',#4817,101.6);
#1447=VECTOR('',#4818,1.62560000000001);
#1448=VECTOR('',#4819,101.6);
#1449=VECTOR('',#4824,24.7282681262547);
#1450=VECTOR('',#4827,93.2416215208489);
#1451=VECTOR('',#4830,54.0586514188414);
#1452=VECTOR('',#4833,71.3232);
#1453=VECTOR('',#4836,11.8491);
#1454=VECTOR('',#4837,11.8491);
#1455=VECTOR('',#4840,71.3232);
#1456=VECTOR('',#4843,54.0586514188414);
#1457=VECTOR('',#4846,93.2416215208492);
#1458=VECTOR('',#4849,24.7282681262547);
#1459=VECTOR('',#4852,11.8491);
#1460=VECTOR('',#4853,1.62560000000001);
#1461=VECTOR('',#4854,11.8491);
#1462=VECTOR('',#4857,1.6256);
#1463=VECTOR('',#4858,3.17499999999999);
#1464=VECTOR('',#4859,1.6256);
#1465=VECTOR('',#4860,3.17499999999999);
#1466=VECTOR('',#4863,22.225);
#1467=VECTOR('',#4864,1.6256);
#1468=VECTOR('',#4865,22.225);
#1469=VECTOR('',#4868,101.6);
#1470=VECTOR('',#4869,71.3232);
#1471=VECTOR('',#4870,101.6);
#1472=VECTOR('',#4871,3.175);
#1473=VECTOR('',#4872,22.225);
#1474=VECTOR('',#4873,3.175);
#1475=VECTOR('',#4874,22.225);
#1476=VECTOR('',#4875,3.175);
#1477=VECTOR('',#4876,22.225);
#1478=VECTOR('',#4877,3.175);
#1479=VECTOR('',#4878,22.225);
#1480=VECTOR('',#4879,3.17499999999999);
#1481=VECTOR('',#4880,22.225);
#1482=VECTOR('',#4881,3.17499999999999);
#1483=VECTOR('',#4882,22.225);
#1484=VECTOR('',#4883,3.17499999999999);
#1485=VECTOR('',#4884,22.225);
#1486=VECTOR('',#4885,3.17499999999999);
#1487=VECTOR('',#4886,22.225);
#1488=VECTOR('',#4887,3.175);
#1489=VECTOR('',#4888,22.225);
#1490=VECTOR('',#4889,3.175);
#1491=VECTOR('',#4890,22.225);
#1492=VECTOR('',#4891,3.17499999999999);
#1493=VECTOR('',#4892,22.225);
#1494=VECTOR('',#4893,3.17499999999999);
#1495=VECTOR('',#4894,22.225);
#1496=VECTOR('',#4895,3.17499999999999);
#1497=VECTOR('',#4896,22.225);
#1498=VECTOR('',#4897,3.17499999999999);
#1499=VECTOR('',#4898,22.225);
#1500=VECTOR('',#4899,3.17499999999999);
#1501=VECTOR('',#4900,22.225);
#1502=VECTOR('',#4903,11.8491);
#1503=VECTOR('',#4904,101.6);
#1504=VECTOR('',#4919,11.8491);
#1505=VECTOR('',#4922,24.7282681262547);
#1506=VECTOR('',#4925,93.2416215208492);
#1507=VECTOR('',#4928,54.0586514188414);
#1508=VECTOR('',#4933,11.8491);
#1509=VECTOR('',#4936,71.3232);
#1510=VECTOR('',#4939,54.0586514188414);
#1511=VECTOR('',#4942,93.2416215208489);
#1512=VECTOR('',#4945,24.7282681262547);
#1513=VECTOR('',#4948,11.8491);
#1514=VECTOR('',#4949,1.62560000000001);
#1515=VECTOR('',#4954,101.6);
#1516=VECTOR('',#4969,101.6);
#1517=VECTOR('',#4972,101.6);
#1518=VECTOR('',#4973,22.225);
#1519=VECTOR('',#4974,3.175);
#1520=VECTOR('',#4975,22.225);
#1521=VECTOR('',#4976,3.175);
#1522=VECTOR('',#4977,22.225);
#1523=VECTOR('',#4978,3.175);
#1524=VECTOR('',#4979,22.225);
#1525=VECTOR('',#4980,3.175);
#1526=VECTOR('',#4981,22.225);
#1527=VECTOR('',#4982,3.17499999999999);
#1528=VECTOR('',#4983,22.225);
#1529=VECTOR('',#4984,3.17499999999999);
#1530=VECTOR('',#4985,22.225);
#1531=VECTOR('',#4986,3.17499999999999);
#1532=VECTOR('',#4987,22.225);
#1533=VECTOR('',#4988,3.17499999999999);
#1534=VECTOR('',#4989,22.225);
#1535=VECTOR('',#4990,3.175);
#1536=VECTOR('',#4991,22.225);
#1537=VECTOR('',#4992,3.175);
#1538=VECTOR('',#4993,22.225);
#1539=VECTOR('',#4994,3.17499999999999);
#1540=VECTOR('',#4995,22.225);
#1541=VECTOR('',#4996,3.17499999999999);
#1542=VECTOR('',#4997,22.225);
#1543=VECTOR('',#4998,3.17499999999999);
#1544=VECTOR('',#4999,22.225);
#1545=VECTOR('',#5000,3.17499999999999);
#1546=VECTOR('',#5001,22.225);
#1547=VECTOR('',#5002,3.17499999999999);
#1548=VECTOR('',#5005,101.6);
#1549=VECTOR('',#5008,101.6);
#1550=VECTOR('',#5011,101.6);
#1551=VECTOR('',#5014,101.6);
#1552=VECTOR('',#5017,101.6);
#1553=VECTOR('',#5020,101.6);
#1554=VECTOR('',#5023,101.6);
#1555=VECTOR('',#5026,101.6);
#1556=VECTOR('',#5041,101.6);
#1557=VECTOR('',#5044,101.6);
#1558=VECTOR('',#5059,101.6);
#1559=VECTOR('',#5062,101.6);
#1560=VECTOR('',#5065,101.6);
#1561=VECTOR('',#5068,101.6);
#1562=VECTOR('',#5071,101.6);
#1563=VECTOR('',#5074,101.6);
#1564=VECTOR('',#5079,1.6256);
#1565=VECTOR('',#5080,1.6256);
#1566=VECTOR('',#5083,2.4003);
#1567=VECTOR('',#5086,2.4003);
#1568=VECTOR('',#5089,2.4003);
#1569=VECTOR('',#5092,1.6256);
#1570=VECTOR('',#5097,1.6256);
#1571=VECTOR('',#5098,1.6256);
#1572=VECTOR('',#5101,1.6256);
#1573=VECTOR('',#5104,1.6256);
#1574=VECTOR('',#5109,1.6256);
#1575=VECTOR('',#5110,1.6256);
#1576=VECTOR('',#5113,1.6256);
#1577=VECTOR('',#5116,1.6256);
#1578=VECTOR('',#5121,1.6256);
#1579=VECTOR('',#5122,1.6256);
#1580=VECTOR('',#5125,1.6256);
#1581=VECTOR('',#5128,1.6256);
#1582=VECTOR('',#5133,1.6256);
#1583=VECTOR('',#5134,1.6256);
#1584=VECTOR('',#5137,1.6256);
#1585=VECTOR('',#5140,1.6256);
#1586=VECTOR('',#5145,1.6256);
#1587=VECTOR('',#5146,1.6256);
#1588=VECTOR('',#5149,1.6256);
#1589=VECTOR('',#5152,1.6256);
#1590=VECTOR('',#5157,1.6256);
#1591=VECTOR('',#5158,1.6256);
#1592=VECTOR('',#5161,1.6256);
#1593=VECTOR('',#5164,1.6256);
#1594=VECTOR('',#5169,1.6256);
#1595=VECTOR('',#5172,1.6256);
#1596=VECTOR('',#5177,2.4003);
#1597=VECTOR('',#5180,1.397);
#1598=VECTOR('',#5183,1.397);
#1599=VECTOR('',#5186,1.397);
#1600=VECTOR('',#5189,1.397);
#1601=VECTOR('',#5192,1.397);
#1602=VECTOR('',#5195,1.397);
#1603=VECTOR('',#5198,1.397);
#1604=VECTOR('',#5201,1.397);
#1605=VECTOR('',#5208,10.);
#1606=VECTOR('',#5209,10.);
#1607=VECTOR('',#5210,10.);
#1608=VECTOR('',#5215,10.);
#1609=VECTOR('',#5216,10.);
#1610=VECTOR('',#5221,10.);
#1611=VECTOR('',#5232,10.);
#1612=VECTOR('',#5233,10.);
#1613=VECTOR('',#5238,10.);
#1614=VECTOR('',#5239,10.);
#1615=VECTOR('',#5244,10.);
#1616=VECTOR('',#5255,10.);
#1617=VECTOR('',#5256,10.);
#1618=VECTOR('',#5261,10.);
#1619=VECTOR('',#5262,10.);
#1620=VECTOR('',#5267,10.);
#1621=VECTOR('',#5268,10.);
#1622=VECTOR('',#5273,10.);
#1623=VECTOR('',#5284,10.);
#1624=VECTOR('',#5285,10.);
#1625=VECTOR('',#5290,10.);
#1626=VECTOR('',#5291,10.);
#1627=VECTOR('',#5296,10.);
#1628=VECTOR('',#5297,10.);
#1629=VECTOR('',#5308,10.);
#1630=VECTOR('',#5309,10.);
#1631=VECTOR('',#5314,10.);
#1632=VECTOR('',#5319,10.);
#1633=VECTOR('',#5340,1.6891);
#1634=VECTOR('',#5343,1.61798921428613);
#1635=VECTOR('',#5352,10.);
#1636=VECTOR('',#5353,10.);
#1637=VECTOR('',#5354,10.);
#1638=VECTOR('',#5355,10.);
#1639=VECTOR('',#5358,10.);
#1640=VECTOR('',#5359,10.);
#1641=VECTOR('',#5360,10.);
#1642=VECTOR('',#5363,10.);
#1643=VECTOR('',#5364,10.);
#1644=VECTOR('',#5365,10.);
#1645=VECTOR('',#5368,10.);
#1646=VECTOR('',#5369,10.);
#1647=VECTOR('',#5374,10.);
#1648=VECTOR('',#5375,10.);
#1649=VECTOR('',#5376,10.);
#1650=VECTOR('',#5377,10.);
#1651=VECTOR('',#5380,10.);
#1652=VECTOR('',#5381,10.);
#1653=VECTOR('',#5382,10.);
#1654=VECTOR('',#5385,10.);
#1655=VECTOR('',#5386,10.);
#1656=VECTOR('',#5387,10.);
#1657=VECTOR('',#5390,10.);
#1658=VECTOR('',#5391,10.);
#1659=VERTEX_POINT('',#5419);
#1660=VERTEX_POINT('',#5420);
#1661=VERTEX_POINT('',#5422);
#1662=VERTEX_POINT('',#5424);
#1663=VERTEX_POINT('',#5428);
#1664=VERTEX_POINT('',#5429);
#1665=VERTEX_POINT('',#5431);
#1666=VERTEX_POINT('',#5433);
#1667=VERTEX_POINT('',#5437);
#1668=VERTEX_POINT('',#5438);
#1669=VERTEX_POINT('',#5440);
#1670=VERTEX_POINT('',#5442);
#1671=VERTEX_POINT('',#5446);
#1672=VERTEX_POINT('',#5448);
#1673=VERTEX_POINT('',#5452);
#1674=VERTEX_POINT('',#5453);
#1675=VERTEX_POINT('',#5455);
#1676=VERTEX_POINT('',#5457);
#1677=VERTEX_POINT('',#5460);
#1678=VERTEX_POINT('',#5461);
#1679=VERTEX_POINT('',#5463);
#1680=VERTEX_POINT('',#5465);
#1681=VERTEX_POINT('',#5468);
#1682=VERTEX_POINT('',#5469);
#1683=VERTEX_POINT('',#5471);
#1684=VERTEX_POINT('',#5473);
#1685=VERTEX_POINT('',#5476);
#1686=VERTEX_POINT('',#5477);
#1687=VERTEX_POINT('',#5479);
#1688=VERTEX_POINT('',#5481);
#1689=VERTEX_POINT('',#5484);
#1690=VERTEX_POINT('',#5485);
#1691=VERTEX_POINT('',#5487);
#1692=VERTEX_POINT('',#5489);
#1693=VERTEX_POINT('',#5492);
#1694=VERTEX_POINT('',#5493);
#1695=VERTEX_POINT('',#5495);
#1696=VERTEX_POINT('',#5497);
#1697=VERTEX_POINT('',#5500);
#1698=VERTEX_POINT('',#5501);
#1699=VERTEX_POINT('',#5503);
#1700=VERTEX_POINT('',#5505);
#1701=VERTEX_POINT('',#5508);
#1702=VERTEX_POINT('',#5509);
#1703=VERTEX_POINT('',#5511);
#1704=VERTEX_POINT('',#5513);
#1705=VERTEX_POINT('',#5516);
#1706=VERTEX_POINT('',#5518);
#1707=VERTEX_POINT('',#5520);
#1708=VERTEX_POINT('',#5522);
#1709=VERTEX_POINT('',#5524);
#1710=VERTEX_POINT('',#5528);
#1711=VERTEX_POINT('',#5530);
#1712=VERTEX_POINT('',#5532);
#1713=VERTEX_POINT('',#5534);
#1714=VERTEX_POINT('',#5536);
#1715=VERTEX_POINT('',#5540);
#1716=VERTEX_POINT('',#5542);
#1717=VERTEX_POINT('',#5548);
#1718=VERTEX_POINT('',#5549);
#1719=VERTEX_POINT('',#5551);
#1720=VERTEX_POINT('',#5553);
#1721=VERTEX_POINT('',#5557);
#1722=VERTEX_POINT('',#5559);
#1723=VERTEX_POINT('',#5561);
#1724=VERTEX_POINT('',#5566);
#1725=VERTEX_POINT('',#5568);
#1726=VERTEX_POINT('',#5570);
#1727=VERTEX_POINT('',#5578);
#1728=VERTEX_POINT('',#5580);
#1729=VERTEX_POINT('',#5582);
#1730=VERTEX_POINT('',#5584);
#1731=VERTEX_POINT('',#5586);
#1732=VERTEX_POINT('',#5588);
#1733=VERTEX_POINT('',#5599);
#1734=VERTEX_POINT('',#5600);
#1735=VERTEX_POINT('',#5602);
#1736=VERTEX_POINT('',#5604);
#1737=VERTEX_POINT('',#5607);
#1738=VERTEX_POINT('',#5608);
#1739=VERTEX_POINT('',#5610);
#1740=VERTEX_POINT('',#5612);
#1741=VERTEX_POINT('',#5615);
#1742=VERTEX_POINT('',#5616);
#1743=VERTEX_POINT('',#5618);
#1744=VERTEX_POINT('',#5620);
#1745=VERTEX_POINT('',#5623);
#1746=VERTEX_POINT('',#5624);
#1747=VERTEX_POINT('',#5626);
#1748=VERTEX_POINT('',#5628);
#1749=VERTEX_POINT('',#5631);
#1750=VERTEX_POINT('',#5632);
#1751=VERTEX_POINT('',#5634);
#1752=VERTEX_POINT('',#5636);
#1753=VERTEX_POINT('',#5639);
#1754=VERTEX_POINT('',#5640);
#1755=VERTEX_POINT('',#5642);
#1756=VERTEX_POINT('',#5644);
#1757=VERTEX_POINT('',#5647);
#1758=VERTEX_POINT('',#5648);
#1759=VERTEX_POINT('',#5650);
#1760=VERTEX_POINT('',#5652);
#1761=VERTEX_POINT('',#5655);
#1762=VERTEX_POINT('',#5657);
#1763=VERTEX_POINT('',#5659);
#1764=VERTEX_POINT('',#5661);
#1765=VERTEX_POINT('',#5663);
#1766=VERTEX_POINT('',#5670);
#1767=VERTEX_POINT('',#5746);
#1768=VERTEX_POINT('',#5748);
#1769=VERTEX_POINT('',#5752);
#1770=VERTEX_POINT('',#5754);
#1771=VERTEX_POINT('',#5758);
#1772=VERTEX_POINT('',#5760);
#1773=VERTEX_POINT('',#5764);
#1774=VERTEX_POINT('',#5766);
#1775=VERTEX_POINT('',#5770);
#1776=VERTEX_POINT('',#5772);
#1777=VERTEX_POINT('',#5776);
#1778=VERTEX_POINT('',#5778);
#1779=VERTEX_POINT('',#5782);
#1780=VERTEX_POINT('',#5784);
#1781=VERTEX_POINT('',#5788);
#1782=VERTEX_POINT('',#5790);
#1783=VERTEX_POINT('',#5794);
#1784=VERTEX_POINT('',#5796);
#1785=VERTEX_POINT('',#5800);
#1786=VERTEX_POINT('',#5802);
#1787=VERTEX_POINT('',#5806);
#1788=VERTEX_POINT('',#5808);
#1789=VERTEX_POINT('',#5812);
#1790=VERTEX_POINT('',#5814);
#1791=VERTEX_POINT('',#5818);
#1792=VERTEX_POINT('',#5820);
#1793=VERTEX_POINT('',#5824);
#1794=VERTEX_POINT('',#5826);
#1795=VERTEX_POINT('',#5830);
#1796=VERTEX_POINT('',#5832);
#1797=VERTEX_POINT('',#5836);
#1798=VERTEX_POINT('',#5838);
#1799=VERTEX_POINT('',#5842);
#1800=VERTEX_POINT('',#5844);
#1801=VERTEX_POINT('',#5848);
#1802=VERTEX_POINT('',#5850);
#1803=VERTEX_POINT('',#5854);
#1804=VERTEX_POINT('',#5856);
#1805=VERTEX_POINT('',#5860);
#1806=VERTEX_POINT('',#5862);
#1807=VERTEX_POINT('',#5866);
#1808=VERTEX_POINT('',#5868);
#1809=VERTEX_POINT('',#5872);
#1810=VERTEX_POINT('',#5873);
#1811=VERTEX_POINT('',#5875);
#1812=VERTEX_POINT('',#5877);
#1813=VERTEX_POINT('',#5881);
#1814=VERTEX_POINT('',#5883);
#1815=VERTEX_POINT('',#5887);
#1816=VERTEX_POINT('',#5889);
#1817=VERTEX_POINT('',#5896);
#1818=VERTEX_POINT('',#5898);
#1819=VERTEX_POINT('',#5902);
#1820=VERTEX_POINT('',#5903);
#1821=VERTEX_POINT('',#5905);
#1822=VERTEX_POINT('',#5907);
#1823=VERTEX_POINT('',#5911);
#1824=VERTEX_POINT('',#5912);
#1825=VERTEX_POINT('',#5914);
#1826=VERTEX_POINT('',#5916);
#1827=VERTEX_POINT('',#5918);
#1828=VERTEX_POINT('',#5920);
#1829=VERTEX_POINT('',#5922);
#1830=VERTEX_POINT('',#5924);
#1831=VERTEX_POINT('',#5926);
#1832=VERTEX_POINT('',#5928);
#1833=VERTEX_POINT('',#5931);
#1834=VERTEX_POINT('',#5933);
#1835=VERTEX_POINT('',#5935);
#1836=VERTEX_POINT('',#5937);
#1837=VERTEX_POINT('',#5939);
#1838=VERTEX_POINT('',#5941);
#1839=VERTEX_POINT('',#5943);
#1840=VERTEX_POINT('',#5945);
#1841=VERTEX_POINT('',#5947);
#1842=VERTEX_POINT('',#5949);
#1843=VERTEX_POINT('',#5951);
#1844=VERTEX_POINT('',#5953);
#1845=VERTEX_POINT('',#5957);
#1846=VERTEX_POINT('',#5958);
#1847=VERTEX_POINT('',#5960);
#1848=VERTEX_POINT('',#5962);
#1849=VERTEX_POINT('',#5966);
#1850=VERTEX_POINT('',#5968);
#1851=VERTEX_POINT('',#5972);
#1852=VERTEX_POINT('',#5974);
#1853=VERTEX_POINT('',#5977);
#1854=VERTEX_POINT('',#5978);
#1855=VERTEX_POINT('',#5980);
#1856=VERTEX_POINT('',#5982);
#1857=VERTEX_POINT('',#5985);
#1858=VERTEX_POINT('',#5986);
#1859=VERTEX_POINT('',#5988);
#1860=VERTEX_POINT('',#5990);
#1861=VERTEX_POINT('',#5993);
#1862=VERTEX_POINT('',#5994);
#1863=VERTEX_POINT('',#5996);
#1864=VERTEX_POINT('',#5998);
#1865=VERTEX_POINT('',#6001);
#1866=VERTEX_POINT('',#6002);
#1867=VERTEX_POINT('',#6004);
#1868=VERTEX_POINT('',#6006);
#1869=VERTEX_POINT('',#6009);
#1870=VERTEX_POINT('',#6010);
#1871=VERTEX_POINT('',#6012);
#1872=VERTEX_POINT('',#6014);
#1873=VERTEX_POINT('',#6017);
#1874=VERTEX_POINT('',#6018);
#1875=VERTEX_POINT('',#6020);
#1876=VERTEX_POINT('',#6022);
#1877=VERTEX_POINT('',#6025);
#1878=VERTEX_POINT('',#6026);
#1879=VERTEX_POINT('',#6028);
#1880=VERTEX_POINT('',#6030);
#1881=VERTEX_POINT('',#6033);
#1882=VERTEX_POINT('',#6037);
#1883=VERTEX_POINT('',#6040);
#1884=VERTEX_POINT('',#6042);
#1885=VERTEX_POINT('',#6044);
#1886=VERTEX_POINT('',#6046);
#1887=VERTEX_POINT('',#6048);
#1888=VERTEX_POINT('',#6050);
#1889=VERTEX_POINT('',#6053);
#1890=VERTEX_POINT('',#6054);
#1891=VERTEX_POINT('',#6056);
#1892=VERTEX_POINT('',#6058);
#1893=VERTEX_POINT('',#6060);
#1894=VERTEX_POINT('',#6062);
#1895=VERTEX_POINT('',#6064);
#1896=VERTEX_POINT('',#6066);
#1897=VERTEX_POINT('',#6070);
#1898=VERTEX_POINT('',#6072);
#1899=VERTEX_POINT('',#6074);
#1900=VERTEX_POINT('',#6076);
#1901=VERTEX_POINT('',#6078);
#1902=VERTEX_POINT('',#6080);
#1903=VERTEX_POINT('',#6082);
#1904=VERTEX_POINT('',#6084);
#1905=VERTEX_POINT('',#6086);
#1906=VERTEX_POINT('',#6088);
#1907=VERTEX_POINT('',#6090);
#1908=VERTEX_POINT('',#6096);
#1909=VERTEX_POINT('',#6098);
#1910=VERTEX_POINT('',#6100);
#1911=VERTEX_POINT('',#6102);
#1912=VERTEX_POINT('',#6104);
#1913=VERTEX_POINT('',#6106);
#1914=VERTEX_POINT('',#6112);
#1915=VERTEX_POINT('',#6113);
#1916=VERTEX_POINT('',#6115);
#1917=VERTEX_POINT('',#6117);
#1918=VERTEX_POINT('',#6120);
#1919=VERTEX_POINT('',#6121);
#1920=VERTEX_POINT('',#6123);
#1921=VERTEX_POINT('',#6125);
#1922=VERTEX_POINT('',#6128);
#1923=VERTEX_POINT('',#6129);
#1924=VERTEX_POINT('',#6131);
#1925=VERTEX_POINT('',#6133);
#1926=VERTEX_POINT('',#6136);
#1927=VERTEX_POINT('',#6137);
#1928=VERTEX_POINT('',#6139);
#1929=VERTEX_POINT('',#6141);
#1930=VERTEX_POINT('',#6144);
#1931=VERTEX_POINT('',#6145);
#1932=VERTEX_POINT('',#6147);
#1933=VERTEX_POINT('',#6149);
#1934=VERTEX_POINT('',#6152);
#1935=VERTEX_POINT('',#6153);
#1936=VERTEX_POINT('',#6155);
#1937=VERTEX_POINT('',#6157);
#1938=VERTEX_POINT('',#6160);
#1939=VERTEX_POINT('',#6161);
#1940=VERTEX_POINT('',#6163);
#1941=VERTEX_POINT('',#6165);
#1942=VERTEX_POINT('',#6168);
#1943=VERTEX_POINT('',#6187);
#1944=VERTEX_POINT('',#6189);
#1945=VERTEX_POINT('',#6191);
#1946=VERTEX_POINT('',#6193);
#1947=VERTEX_POINT('',#6195);
#1948=VERTEX_POINT('',#6197);
#1949=VERTEX_POINT('',#6203);
#1950=VERTEX_POINT('',#6205);
#1951=VERTEX_POINT('',#6207);
#1952=VERTEX_POINT('',#6209);
#1953=VERTEX_POINT('',#6211);
#1954=VERTEX_POINT('',#6213);
#1955=VERTEX_POINT('',#6313);
#1956=VERTEX_POINT('',#6314);
#1957=VERTEX_POINT('',#6316);
#1958=VERTEX_POINT('',#6318);
#1959=VERTEX_POINT('',#6322);
#1960=VERTEX_POINT('',#6324);
#1961=VERTEX_POINT('',#6328);
#1962=VERTEX_POINT('',#6330);
#1963=VERTEX_POINT('',#6336);
#1964=VERTEX_POINT('',#6338);
#1965=VERTEX_POINT('',#6344);
#1966=VERTEX_POINT('',#6346);
#1967=VERTEX_POINT('',#6350);
#1968=VERTEX_POINT('',#6352);
#1969=VERTEX_POINT('',#6356);
#1970=VERTEX_POINT('',#6358);
#1971=VERTEX_POINT('',#6364);
#1972=VERTEX_POINT('',#6366);
#1973=VERTEX_POINT('',#6372);
#1974=VERTEX_POINT('',#6374);
#1975=VERTEX_POINT('',#6378);
#1976=VERTEX_POINT('',#6380);
#1977=VERTEX_POINT('',#6384);
#1978=VERTEX_POINT('',#6386);
#1979=VERTEX_POINT('',#6390);
#1980=VERTEX_POINT('',#6392);
#1981=VERTEX_POINT('',#6398);
#1982=VERTEX_POINT('',#6400);
#1983=VERTEX_POINT('',#6406);
#1984=VERTEX_POINT('',#6408);
#1985=VERTEX_POINT('',#6412);
#1986=VERTEX_POINT('',#6414);
#1987=VERTEX_POINT('',#6418);
#1988=VERTEX_POINT('',#6419);
#1989=VERTEX_POINT('',#6421);
#1990=VERTEX_POINT('',#6423);
#1991=VERTEX_POINT('',#6429);
#1992=VERTEX_POINT('',#6431);
#1993=VERTEX_POINT('',#6437);
#1994=VERTEX_POINT('',#6439);
#1995=VERTEX_POINT('',#6450);
#1996=VERTEX_POINT('',#6453);
#1997=VERTEX_POINT('',#6457);
#1998=VERTEX_POINT('',#6460);
#1999=VERTEX_POINT('',#6464);
#2000=VERTEX_POINT('',#6470);
#2001=VERTEX_POINT('',#6471);
#2002=VERTEX_POINT('',#6473);
#2003=VERTEX_POINT('',#6475);
#2004=VERTEX_POINT('',#6479);
#2005=VERTEX_POINT('',#6481);
#2006=VERTEX_POINT('',#6485);
#2007=VERTEX_POINT('',#6487);
#2008=VERTEX_POINT('',#6495);
#2009=VERTEX_POINT('',#6496);
#2010=VERTEX_POINT('',#6498);
#2011=VERTEX_POINT('',#6500);
#2012=VERTEX_POINT('',#6504);
#2013=VERTEX_POINT('',#6506);
#2014=VERTEX_POINT('',#6510);
#2015=VERTEX_POINT('',#6512);
#2016=EDGE_CURVE('',#1659,#1660,#887,.T.);
#2017=EDGE_CURVE('',#1659,#1661,#888,.T.);
#2018=EDGE_CURVE('',#1661,#1662,#889,.F.);
#2019=EDGE_CURVE('',#1662,#1660,#890,.T.);
#2020=EDGE_CURVE('',#1663,#1664,#195,.F.);
#2021=EDGE_CURVE('',#1665,#1663,#891,.F.);
#2022=EDGE_CURVE('',#1666,#1665,#196,.T.);
#2023=EDGE_CURVE('',#1664,#1666,#892,.T.);
#2024=EDGE_CURVE('',#1667,#1668,#893,.T.);
#2025=EDGE_CURVE('',#1669,#1668,#894,.T.);
#2026=EDGE_CURVE('',#1670,#1669,#895,.T.);
#2027=EDGE_CURVE('',#1670,#1667,#896,.T.);
#2028=EDGE_CURVE('',#1667,#1671,#897,.F.);
#2029=EDGE_CURVE('',#1671,#1672,#898,.T.);
#2030=EDGE_CURVE('',#1668,#1672,#899,.T.);
#2031=EDGE_CURVE('',#1673,#1674,#900,.T.);
#2032=EDGE_CURVE('',#1675,#1674,#901,.T.);
#2033=EDGE_CURVE('',#1676,#1675,#902,.T.);
#2034=EDGE_CURVE('',#1676,#1673,#903,.T.);
#2035=EDGE_CURVE('',#1677,#1678,#904,.T.);
#2036=EDGE_CURVE('',#1678,#1679,#905,.T.);
#2037=EDGE_CURVE('',#1679,#1680,#906,.T.);
#2038=EDGE_CURVE('',#1680,#1677,#907,.T.);
#2039=EDGE_CURVE('',#1681,#1682,#908,.T.);
#2040=EDGE_CURVE('',#1682,#1683,#909,.T.);
#2041=EDGE_CURVE('',#1683,#1684,#910,.T.);
#2042=EDGE_CURVE('',#1684,#1681,#911,.T.);
#2043=EDGE_CURVE('',#1685,#1686,#912,.T.);
#2044=EDGE_CURVE('',#1686,#1687,#913,.T.);
#2045=EDGE_CURVE('',#1687,#1688,#914,.T.);
#2046=EDGE_CURVE('',#1688,#1685,#915,.T.);
#2047=EDGE_CURVE('',#1689,#1690,#916,.T.);
#2048=EDGE_CURVE('',#1690,#1691,#917,.T.);
#2049=EDGE_CURVE('',#1691,#1692,#918,.T.);
#2050=EDGE_CURVE('',#1692,#1689,#919,.T.);
#2051=EDGE_CURVE('',#1693,#1694,#920,.T.);
#2052=EDGE_CURVE('',#1694,#1695,#921,.T.);
#2053=EDGE_CURVE('',#1695,#1696,#922,.T.);
#2054=EDGE_CURVE('',#1696,#1693,#923,.T.);
#2055=EDGE_CURVE('',#1697,#1698,#924,.T.);
#2056=EDGE_CURVE('',#1698,#1699,#925,.T.);
#2057=EDGE_CURVE('',#1699,#1700,#926,.T.);
#2058=EDGE_CURVE('',#1700,#1697,#927,.T.);
#2059=EDGE_CURVE('',#1701,#1702,#928,.T.);
#2060=EDGE_CURVE('',#1702,#1703,#929,.T.);
#2061=EDGE_CURVE('',#1703,#1704,#930,.T.);
#2062=EDGE_CURVE('',#1704,#1701,#931,.T.);
#2063=EDGE_CURVE('',#1705,#1705,#197,.T.);
#2064=EDGE_CURVE('',#1706,#1706,#198,.T.);
#2065=EDGE_CURVE('',#1707,#1707,#199,.T.);
#2066=EDGE_CURVE('',#1708,#1708,#200,.T.);
#2067=EDGE_CURVE('',#1709,#1669,#932,.T.);
#2068=EDGE_CURVE('',#1672,#1709,#933,.T.);
#2069=EDGE_CURVE('',#1663,#1710,#934,.T.);
#2070=EDGE_CURVE('',#1711,#1664,#935,.T.);
#2071=EDGE_CURVE('',#1711,#1712,#936,.T.);
#2072=EDGE_CURVE('',#1712,#1713,#937,.T.);
#2073=EDGE_CURVE('',#1713,#1714,#201,.F.);
#2074=EDGE_CURVE('',#1714,#1710,#938,.T.);
#2075=EDGE_CURVE('',#1714,#1715,#939,.T.);
#2076=EDGE_CURVE('',#1715,#1716,#940,.T.);
#2077=EDGE_CURVE('',#1716,#1710,#941,.T.);
#2078=EDGE_CURVE('',#1665,#1716,#942,.F.);
#2079=EDGE_CURVE('',#1717,#1718,#943,.F.);
#2080=EDGE_CURVE('',#1717,#1719,#944,.T.);
#2081=EDGE_CURVE('',#1719,#1720,#945,.T.);
#2082=EDGE_CURVE('',#1720,#1676,#202,.F.);
#2083=EDGE_CURVE('',#1675,#1711,#203,.F.);
#2084=EDGE_CURVE('',#1721,#1666,#946,.F.);
#2085=EDGE_CURVE('',#1722,#1721,#204,.F.);
#2086=EDGE_CURVE('',#1723,#1722,#947,.F.);
#2087=EDGE_CURVE('',#1718,#1723,#205,.F.);
#2088=EDGE_CURVE('',#1719,#1659,#206,.F.);
#2089=EDGE_CURVE('',#1660,#1724,#948,.T.);
#2090=EDGE_CURVE('',#1724,#1725,#207,.F.);
#2091=EDGE_CURVE('',#1725,#1726,#949,.T.);
#2092=EDGE_CURVE('',#1720,#1726,#950,.T.);
#2093=EDGE_CURVE('',#1726,#1673,#208,.F.);
#2094=EDGE_CURVE('',#1674,#1712,#209,.F.);
#2095=EDGE_CURVE('',#1725,#1727,#951,.F.);
#2096=EDGE_CURVE('',#1727,#1728,#952,.F.);
#2097=EDGE_CURVE('',#1728,#1729,#210,.F.);
#2098=EDGE_CURVE('',#1729,#1730,#953,.F.);
#2099=EDGE_CURVE('',#1730,#1731,#211,.F.);
#2100=EDGE_CURVE('',#1731,#1732,#954,.F.);
#2101=EDGE_CURVE('',#1732,#1713,#955,.T.);
#2102=EDGE_CURVE('',#1715,#1732,#212,.T.);
#2103=EDGE_CURVE('',#1721,#1731,#956,.T.);
#2104=EDGE_CURVE('',#1722,#1730,#957,.F.);
#2105=EDGE_CURVE('',#1723,#1729,#958,.T.);
#2106=EDGE_CURVE('',#1733,#1734,#959,.T.);
#2107=EDGE_CURVE('',#1735,#1733,#960,.T.);
#2108=EDGE_CURVE('',#1736,#1735,#961,.F.);
#2109=EDGE_CURVE('',#1734,#1736,#962,.F.);
#2110=EDGE_CURVE('',#1737,#1738,#963,.T.);
#2111=EDGE_CURVE('',#1739,#1737,#964,.T.);
#2112=EDGE_CURVE('',#1740,#1739,#965,.F.);
#2113=EDGE_CURVE('',#1738,#1740,#966,.F.);
#2114=EDGE_CURVE('',#1741,#1742,#967,.T.);
#2115=EDGE_CURVE('',#1743,#1741,#968,.T.);
#2116=EDGE_CURVE('',#1744,#1743,#969,.F.);
#2117=EDGE_CURVE('',#1742,#1744,#970,.F.);
#2118=EDGE_CURVE('',#1745,#1746,#971,.T.);
#2119=EDGE_CURVE('',#1747,#1745,#972,.T.);
#2120=EDGE_CURVE('',#1748,#1747,#973,.F.);
#2121=EDGE_CURVE('',#1746,#1748,#974,.F.);
#2122=EDGE_CURVE('',#1749,#1750,#975,.T.);
#2123=EDGE_CURVE('',#1751,#1749,#976,.T.);
#2124=EDGE_CURVE('',#1752,#1751,#977,.F.);
#2125=EDGE_CURVE('',#1750,#1752,#978,.F.);
#2126=EDGE_CURVE('',#1753,#1754,#979,.T.);
#2127=EDGE_CURVE('',#1755,#1753,#980,.T.);
#2128=EDGE_CURVE('',#1756,#1755,#981,.F.);
#2129=EDGE_CURVE('',#1754,#1756,#982,.F.);
#2130=EDGE_CURVE('',#1757,#1758,#983,.T.);
#2131=EDGE_CURVE('',#1759,#1757,#984,.T.);
#2132=EDGE_CURVE('',#1760,#1759,#985,.F.);
#2133=EDGE_CURVE('',#1758,#1760,#986,.F.);
#2134=EDGE_CURVE('',#1761,#1761,#213,.T.);
#2135=EDGE_CURVE('',#1762,#1762,#214,.T.);
#2136=EDGE_CURVE('',#1763,#1763,#215,.T.);
#2137=EDGE_CURVE('',#1764,#1764,#216,.T.);
#2138=EDGE_CURVE('',#1765,#1670,#987,.T.);
#2139=EDGE_CURVE('',#1671,#1765,#988,.F.);
#2140=EDGE_CURVE('',#1718,#1728,#989,.F.);
#2141=EDGE_CURVE('',#1661,#1717,#217,.T.);
#2142=EDGE_CURVE('',#1727,#1766,#218,.T.);
#2143=EDGE_CURVE('',#1662,#1766,#990,.T.);
#2144=EDGE_CURVE('',#1766,#1724,#991,.F.);
#2145=EDGE_CURVE('',#1764,#1708,#992,.T.);
#2146=EDGE_CURVE('',#1763,#1707,#993,.T.);
#2147=EDGE_CURVE('',#1762,#1706,#994,.T.);
#2148=EDGE_CURVE('',#1761,#1705,#995,.T.);
#2149=EDGE_CURVE('',#1758,#1703,#996,.T.);
#2150=EDGE_CURVE('',#1757,#1702,#997,.T.);
#2151=EDGE_CURVE('',#1759,#1701,#998,.T.);
#2152=EDGE_CURVE('',#1760,#1704,#999,.T.);
#2153=EDGE_CURVE('',#1754,#1699,#1000,.T.);
#2154=EDGE_CURVE('',#1753,#1698,#1001,.T.);
#2155=EDGE_CURVE('',#1755,#1697,#1002,.T.);
#2156=EDGE_CURVE('',#1756,#1700,#1003,.T.);
#2157=EDGE_CURVE('',#1750,#1695,#1004,.T.);
#2158=EDGE_CURVE('',#1749,#1694,#1005,.T.);
#2159=EDGE_CURVE('',#1751,#1693,#1006,.T.);
#2160=EDGE_CURVE('',#1752,#1696,#1007,.T.);
#2161=EDGE_CURVE('',#1746,#1691,#1008,.T.);
#2162=EDGE_CURVE('',#1745,#1690,#1009,.T.);
#2163=EDGE_CURVE('',#1747,#1689,#1010,.T.);
#2164=EDGE_CURVE('',#1748,#1692,#1011,.T.);
#2165=EDGE_CURVE('',#1742,#1687,#1012,.T.);
#2166=EDGE_CURVE('',#1741,#1686,#1013,.T.);
#2167=EDGE_CURVE('',#1743,#1685,#1014,.T.);
#2168=EDGE_CURVE('',#1744,#1688,#1015,.T.);
#2169=EDGE_CURVE('',#1738,#1683,#1016,.T.);
#2170=EDGE_CURVE('',#1737,#1682,#1017,.T.);
#2171=EDGE_CURVE('',#1739,#1681,#1018,.T.);
#2172=EDGE_CURVE('',#1740,#1684,#1019,.T.);
#2173=EDGE_CURVE('',#1734,#1679,#1020,.T.);
#2174=EDGE_CURVE('',#1733,#1678,#1021,.T.);
#2175=EDGE_CURVE('',#1735,#1677,#1022,.T.);
#2176=EDGE_CURVE('',#1736,#1680,#1023,.T.);
#2177=EDGE_CURVE('',#1765,#1709,#1024,.T.);
#2178=EDGE_CURVE('',#1767,#1767,#219,.T.);
#2179=EDGE_CURVE('',#1767,#1768,#1025,.T.);
#2180=EDGE_CURVE('',#1768,#1768,#220,.T.);
#2181=EDGE_CURVE('',#1769,#1769,#221,.T.);
#2182=EDGE_CURVE('',#1769,#1770,#1026,.T.);
#2183=EDGE_CURVE('',#1770,#1770,#222,.T.);
#2184=EDGE_CURVE('',#1771,#1771,#223,.T.);
#2185=EDGE_CURVE('',#1771,#1772,#1027,.T.);
#2186=EDGE_CURVE('',#1772,#1772,#224,.T.);
#2187=EDGE_CURVE('',#1773,#1773,#225,.T.);
#2188=EDGE_CURVE('',#1773,#1774,#1028,.T.);
#2189=EDGE_CURVE('',#1774,#1774,#226,.T.);
#2190=EDGE_CURVE('',#1775,#1775,#227,.T.);
#2191=EDGE_CURVE('',#1775,#1776,#1029,.T.);
#2192=EDGE_CURVE('',#1776,#1776,#228,.T.);
#2193=EDGE_CURVE('',#1777,#1777,#229,.T.);
#2194=EDGE_CURVE('',#1777,#1778,#1030,.T.);
#2195=EDGE_CURVE('',#1778,#1778,#230,.T.);
#2196=EDGE_CURVE('',#1779,#1779,#231,.T.);
#2197=EDGE_CURVE('',#1779,#1780,#1031,.T.);
#2198=EDGE_CURVE('',#1780,#1780,#232,.T.);
#2199=EDGE_CURVE('',#1781,#1781,#233,.T.);
#2200=EDGE_CURVE('',#1781,#1782,#1032,.T.);
#2201=EDGE_CURVE('',#1782,#1782,#234,.T.);
#2202=EDGE_CURVE('',#1783,#1783,#235,.T.);
#2203=EDGE_CURVE('',#1783,#1784,#1033,.T.);
#2204=EDGE_CURVE('',#1784,#1784,#236,.T.);
#2205=EDGE_CURVE('',#1785,#1785,#237,.T.);
#2206=EDGE_CURVE('',#1785,#1786,#1034,.T.);
#2207=EDGE_CURVE('',#1786,#1786,#238,.T.);
#2208=EDGE_CURVE('',#1787,#1787,#239,.T.);
#2209=EDGE_CURVE('',#1787,#1788,#1035,.T.);
#2210=EDGE_CURVE('',#1788,#1788,#240,.T.);
#2211=EDGE_CURVE('',#1789,#1789,#241,.T.);
#2212=EDGE_CURVE('',#1789,#1790,#1036,.T.);
#2213=EDGE_CURVE('',#1790,#1790,#242,.T.);
#2214=EDGE_CURVE('',#1791,#1791,#243,.T.);
#2215=EDGE_CURVE('',#1791,#1792,#1037,.T.);
#2216=EDGE_CURVE('',#1792,#1792,#244,.T.);
#2217=EDGE_CURVE('',#1793,#1793,#245,.T.);
#2218=EDGE_CURVE('',#1793,#1794,#1038,.T.);
#2219=EDGE_CURVE('',#1794,#1794,#246,.T.);
#2220=EDGE_CURVE('',#1795,#1795,#247,.T.);
#2221=EDGE_CURVE('',#1795,#1796,#1039,.T.);
#2222=EDGE_CURVE('',#1796,#1796,#248,.T.);
#2223=EDGE_CURVE('',#1797,#1797,#249,.T.);
#2224=EDGE_CURVE('',#1797,#1798,#1040,.T.);
#2225=EDGE_CURVE('',#1798,#1798,#250,.T.);
#2226=EDGE_CURVE('',#1799,#1799,#251,.T.);
#2227=EDGE_CURVE('',#1799,#1800,#1041,.T.);
#2228=EDGE_CURVE('',#1800,#1800,#252,.T.);
#2229=EDGE_CURVE('',#1801,#1801,#253,.T.);
#2230=EDGE_CURVE('',#1801,#1802,#1042,.T.);
#2231=EDGE_CURVE('',#1802,#1802,#254,.T.);
#2232=EDGE_CURVE('',#1803,#1803,#255,.T.);
#2233=EDGE_CURVE('',#1803,#1804,#1043,.T.);
#2234=EDGE_CURVE('',#1804,#1804,#256,.T.);
#2235=EDGE_CURVE('',#1805,#1805,#257,.T.);
#2236=EDGE_CURVE('',#1805,#1806,#1044,.T.);
#2237=EDGE_CURVE('',#1806,#1806,#258,.T.);
#2238=EDGE_CURVE('',#1807,#1807,#259,.T.);
#2239=EDGE_CURVE('',#1807,#1808,#1045,.T.);
#2240=EDGE_CURVE('',#1808,#1808,#260,.T.);
#2241=EDGE_CURVE('',#1809,#1810,#1046,.T.);
#2242=EDGE_CURVE('',#1811,#1809,#1047,.T.);
#2243=EDGE_CURVE('',#1812,#1811,#1048,.T.);
#2244=EDGE_CURVE('',#1812,#1810,#1049,.T.);
#2245=EDGE_CURVE('',#1810,#1813,#1050,.T.);
#2246=EDGE_CURVE('',#1814,#1812,#1051,.T.);
#2247=EDGE_CURVE('',#1813,#1814,#1052,.T.);
#2248=EDGE_CURVE('',#1813,#1815,#1053,.T.);
#2249=EDGE_CURVE('',#1816,#1814,#1054,.T.);
#2250=EDGE_CURVE('',#1816,#1815,#1055,.T.);
#2251=EDGE_CURVE('',#1815,#1809,#1056,.T.);
#2252=EDGE_CURVE('',#1811,#1816,#1057,.T.);
#2253=EDGE_CURVE('',#1817,#1817,#261,.T.);
#2254=EDGE_CURVE('',#1817,#1818,#1058,.T.);
#2255=EDGE_CURVE('',#1818,#1818,#262,.T.);
#2256=EDGE_CURVE('',#1819,#1820,#1059,.T.);
#2257=EDGE_CURVE('',#1821,#1819,#1060,.T.);
#2258=EDGE_CURVE('',#1821,#1822,#1061,.T.);
#2259=EDGE_CURVE('',#1822,#1820,#1062,.T.);
#2260=EDGE_CURVE('',#1823,#1824,#263,.T.);
#2261=EDGE_CURVE('',#1825,#1823,#1063,.T.);
#2262=EDGE_CURVE('',#1826,#1825,#264,.T.);
#2263=EDGE_CURVE('',#1827,#1826,#1064,.T.);
#2264=EDGE_CURVE('',#1828,#1827,#265,.T.);
#2265=EDGE_CURVE('',#1829,#1828,#1065,.T.);
#2266=EDGE_CURVE('',#1830,#1829,#266,.T.);
#2267=EDGE_CURVE('',#1831,#1830,#1066,.T.);
#2268=EDGE_CURVE('',#1832,#1831,#267,.T.);
#2269=EDGE_CURVE('',#1819,#1832,#1067,.T.);
#2270=EDGE_CURVE('',#1820,#1833,#1068,.T.);
#2271=EDGE_CURVE('',#1833,#1834,#268,.F.);
#2272=EDGE_CURVE('',#1834,#1835,#1069,.T.);
#2273=EDGE_CURVE('',#1835,#1836,#269,.F.);
#2274=EDGE_CURVE('',#1836,#1837,#1070,.T.);
#2275=EDGE_CURVE('',#1837,#1838,#270,.F.);
#2276=EDGE_CURVE('',#1838,#1839,#1071,.T.);
#2277=EDGE_CURVE('',#1839,#1840,#271,.F.);
#2278=EDGE_CURVE('',#1840,#1841,#1072,.T.);
#2279=EDGE_CURVE('',#1841,#1842,#272,.F.);
#2280=EDGE_CURVE('',#1842,#1843,#1073,.T.);
#2281=EDGE_CURVE('',#1844,#1843,#1074,.T.);
#2282=EDGE_CURVE('',#1824,#1844,#1075,.T.);
#2283=EDGE_CURVE('',#1845,#1846,#1076,.T.);
#2284=EDGE_CURVE('',#1846,#1847,#1077,.T.);
#2285=EDGE_CURVE('',#1848,#1847,#1078,.T.);
#2286=EDGE_CURVE('',#1845,#1848,#1079,.F.);
#2287=EDGE_CURVE('',#1849,#1845,#1080,.F.);
#2288=EDGE_CURVE('',#1849,#1850,#1081,.T.);
#2289=EDGE_CURVE('',#1850,#1846,#1082,.T.);
#2290=EDGE_CURVE('',#1851,#1834,#1083,.T.);
#2291=EDGE_CURVE('',#1851,#1852,#1084,.T.);
#2292=EDGE_CURVE('',#1852,#1835,#1085,.T.);
#2293=EDGE_CURVE('',#1853,#1854,#1086,.T.);
#2294=EDGE_CURVE('',#1855,#1853,#1087,.T.);
#2295=EDGE_CURVE('',#1856,#1855,#1088,.T.);
#2296=EDGE_CURVE('',#1854,#1856,#1089,.T.);
#2297=EDGE_CURVE('',#1857,#1858,#1090,.T.);
#2298=EDGE_CURVE('',#1859,#1857,#1091,.T.);
#2299=EDGE_CURVE('',#1860,#1859,#1092,.T.);
#2300=EDGE_CURVE('',#1858,#1860,#1093,.T.);
#2301=EDGE_CURVE('',#1861,#1862,#1094,.T.);
#2302=EDGE_CURVE('',#1863,#1861,#1095,.T.);
#2303=EDGE_CURVE('',#1864,#1863,#1096,.T.);
#2304=EDGE_CURVE('',#1862,#1864,#1097,.T.);
#2305=EDGE_CURVE('',#1865,#1866,#1098,.T.);
#2306=EDGE_CURVE('',#1867,#1865,#1099,.T.);
#2307=EDGE_CURVE('',#1868,#1867,#1100,.T.);
#2308=EDGE_CURVE('',#1866,#1868,#1101,.T.);
#2309=EDGE_CURVE('',#1869,#1870,#1102,.T.);
#2310=EDGE_CURVE('',#1871,#1869,#1103,.T.);
#2311=EDGE_CURVE('',#1872,#1871,#1104,.T.);
#2312=EDGE_CURVE('',#1870,#1872,#1105,.T.);
#2313=EDGE_CURVE('',#1873,#1874,#1106,.T.);
#2314=EDGE_CURVE('',#1875,#1873,#1107,.T.);
#2315=EDGE_CURVE('',#1876,#1875,#1108,.T.);
#2316=EDGE_CURVE('',#1874,#1876,#1109,.T.);
#2317=EDGE_CURVE('',#1877,#1878,#1110,.T.);
#2318=EDGE_CURVE('',#1879,#1877,#1111,.T.);
#2319=EDGE_CURVE('',#1880,#1879,#1112,.T.);
#2320=EDGE_CURVE('',#1878,#1880,#1113,.T.);
#2321=EDGE_CURVE('',#1881,#1850,#1114,.T.);
#2322=EDGE_CURVE('',#1847,#1881,#1115,.T.);
#2323=EDGE_CURVE('',#1822,#1882,#1116,.T.);
#2324=EDGE_CURVE('',#1882,#1833,#1117,.T.);
#2325=EDGE_CURVE('',#1883,#1883,#273,.T.);
#2326=EDGE_CURVE('',#1884,#1884,#274,.T.);
#2327=EDGE_CURVE('',#1885,#1885,#275,.T.);
#2328=EDGE_CURVE('',#1886,#1886,#276,.T.);
#2329=EDGE_CURVE('',#1887,#1887,#277,.T.);
#2330=EDGE_CURVE('',#1888,#1888,#278,.T.);
#2331=EDGE_CURVE('',#1889,#1890,#1118,.T.);
#2332=EDGE_CURVE('',#1891,#1889,#279,.F.);
#2333=EDGE_CURVE('',#1892,#1891,#1119,.T.);
#2334=EDGE_CURVE('',#1893,#1892,#280,.F.);
#2335=EDGE_CURVE('',#1894,#1893,#1120,.T.);
#2336=EDGE_CURVE('',#1895,#1894,#281,.F.);
#2337=EDGE_CURVE('',#1896,#1895,#1121,.T.);
#2338=EDGE_CURVE('',#1852,#1896,#282,.F.);
#2339=EDGE_CURVE('',#1882,#1851,#283,.F.);
#2340=EDGE_CURVE('',#1821,#1897,#1122,.T.);
#2341=EDGE_CURVE('',#1897,#1898,#284,.T.);
#2342=EDGE_CURVE('',#1898,#1899,#1123,.T.);
#2343=EDGE_CURVE('',#1899,#1900,#285,.T.);
#2344=EDGE_CURVE('',#1900,#1901,#1124,.T.);
#2345=EDGE_CURVE('',#1901,#1902,#286,.T.);
#2346=EDGE_CURVE('',#1902,#1903,#1125,.T.);
#2347=EDGE_CURVE('',#1903,#1904,#287,.T.);
#2348=EDGE_CURVE('',#1904,#1905,#1126,.T.);
#2349=EDGE_CURVE('',#1905,#1906,#288,.T.);
#2350=EDGE_CURVE('',#1906,#1907,#1127,.T.);
#2351=EDGE_CURVE('',#1907,#1890,#1128,.T.);
#2352=EDGE_CURVE('',#1897,#1832,#1129,.T.);
#2353=EDGE_CURVE('',#1908,#1908,#289,.T.);
#2354=EDGE_CURVE('',#1909,#1909,#290,.T.);
#2355=EDGE_CURVE('',#1910,#1910,#291,.T.);
#2356=EDGE_CURVE('',#1911,#1911,#292,.T.);
#2357=EDGE_CURVE('',#1912,#1912,#293,.T.);
#2358=EDGE_CURVE('',#1913,#1913,#294,.T.);
#2359=EDGE_CURVE('',#1898,#1831,#1130,.T.);
#2360=EDGE_CURVE('',#1899,#1830,#1131,.T.);
#2361=EDGE_CURVE('',#1914,#1915,#1132,.F.);
#2362=EDGE_CURVE('',#1915,#1916,#1133,.F.);
#2363=EDGE_CURVE('',#1916,#1917,#1134,.T.);
#2364=EDGE_CURVE('',#1917,#1914,#1135,.T.);
#2365=EDGE_CURVE('',#1918,#1919,#1136,.F.);
#2366=EDGE_CURVE('',#1919,#1920,#1137,.F.);
#2367=EDGE_CURVE('',#1920,#1921,#1138,.T.);
#2368=EDGE_CURVE('',#1921,#1918,#1139,.T.);
#2369=EDGE_CURVE('',#1922,#1923,#1140,.F.);
#2370=EDGE_CURVE('',#1923,#1924,#1141,.F.);
#2371=EDGE_CURVE('',#1924,#1925,#1142,.T.);
#2372=EDGE_CURVE('',#1925,#1922,#1143,.T.);
#2373=EDGE_CURVE('',#1926,#1927,#1144,.F.);
#2374=EDGE_CURVE('',#1927,#1928,#1145,.F.);
#2375=EDGE_CURVE('',#1928,#1929,#1146,.T.);
#2376=EDGE_CURVE('',#1929,#1926,#1147,.T.);
#2377=EDGE_CURVE('',#1930,#1931,#1148,.F.);
#2378=EDGE_CURVE('',#1931,#1932,#1149,.F.);
#2379=EDGE_CURVE('',#1932,#1933,#1150,.T.);
#2380=EDGE_CURVE('',#1933,#1930,#1151,.T.);
#2381=EDGE_CURVE('',#1934,#1935,#1152,.F.);
#2382=EDGE_CURVE('',#1935,#1936,#1153,.F.);
#2383=EDGE_CURVE('',#1936,#1937,#1154,.T.);
#2384=EDGE_CURVE('',#1937,#1934,#1155,.T.);
#2385=EDGE_CURVE('',#1938,#1939,#1156,.F.);
#2386=EDGE_CURVE('',#1939,#1940,#1157,.F.);
#2387=EDGE_CURVE('',#1940,#1941,#1158,.T.);
#2388=EDGE_CURVE('',#1941,#1938,#1159,.T.);
#2389=EDGE_CURVE('',#1848,#1942,#1160,.T.);
#2390=EDGE_CURVE('',#1942,#1849,#1161,.T.);
#2391=EDGE_CURVE('',#1900,#1829,#1162,.T.);
#2392=EDGE_CURVE('',#1901,#1828,#1163,.T.);
#2393=EDGE_CURVE('',#1902,#1827,#1164,.T.);
#2394=EDGE_CURVE('',#1903,#1826,#1165,.T.);
#2395=EDGE_CURVE('',#1904,#1825,#1166,.T.);
#2396=EDGE_CURVE('',#1905,#1823,#1167,.T.);
#2397=EDGE_CURVE('',#1906,#1824,#1168,.T.);
#2398=EDGE_CURVE('',#1907,#1844,#1169,.F.);
#2399=EDGE_CURVE('',#1943,#1943,#295,.T.);
#2400=EDGE_CURVE('',#1944,#1944,#296,.T.);
#2401=EDGE_CURVE('',#1945,#1945,#297,.T.);
#2402=EDGE_CURVE('',#1946,#1946,#298,.T.);
#2403=EDGE_CURVE('',#1947,#1947,#299,.T.);
#2404=EDGE_CURVE('',#1948,#1948,#300,.T.);
#2405=EDGE_CURVE('',#1890,#1843,#1170,.T.);
#2406=EDGE_CURVE('',#1889,#1842,#1171,.T.);
#2407=EDGE_CURVE('',#1949,#1949,#301,.T.);
#2408=EDGE_CURVE('',#1950,#1950,#302,.T.);
#2409=EDGE_CURVE('',#1951,#1951,#303,.T.);
#2410=EDGE_CURVE('',#1952,#1952,#304,.T.);
#2411=EDGE_CURVE('',#1953,#1953,#305,.T.);
#2412=EDGE_CURVE('',#1954,#1954,#306,.T.);
#2413=EDGE_CURVE('',#1891,#1841,#1172,.T.);
#2414=EDGE_CURVE('',#1892,#1840,#1173,.T.);
#2415=EDGE_CURVE('',#1893,#1839,#1174,.T.);
#2416=EDGE_CURVE('',#1894,#1838,#1175,.T.);
#2417=EDGE_CURVE('',#1895,#1837,#1176,.T.);
#2418=EDGE_CURVE('',#1896,#1836,#1177,.T.);
#2419=EDGE_CURVE('',#1939,#1877,#1178,.T.);
#2420=EDGE_CURVE('',#1940,#1878,#1179,.T.);
#2421=EDGE_CURVE('',#1953,#1947,#1180,.T.);
#2422=EDGE_CURVE('',#1887,#1912,#1181,.T.);
#2423=EDGE_CURVE('',#1886,#1911,#1182,.T.);
#2424=EDGE_CURVE('',#1942,#1881,#1183,.T.);
#2425=EDGE_CURVE('',#1914,#1855,#1184,.T.);
#2426=EDGE_CURVE('',#1915,#1853,#1185,.T.);
#2427=EDGE_CURVE('',#1917,#1856,#1186,.T.);
#2428=EDGE_CURVE('',#1916,#1854,#1187,.T.);
#2429=EDGE_CURVE('',#1918,#1859,#1188,.T.);
#2430=EDGE_CURVE('',#1919,#1857,#1189,.T.);
#2431=EDGE_CURVE('',#1921,#1860,#1190,.T.);
#2432=EDGE_CURVE('',#1920,#1858,#1191,.T.);
#2433=EDGE_CURVE('',#1922,#1863,#1192,.T.);
#2434=EDGE_CURVE('',#1923,#1861,#1193,.T.);
#2435=EDGE_CURVE('',#1925,#1864,#1194,.T.);
#2436=EDGE_CURVE('',#1924,#1862,#1195,.T.);
#2437=EDGE_CURVE('',#1926,#1867,#1196,.T.);
#2438=EDGE_CURVE('',#1927,#1865,#1197,.T.);
#2439=EDGE_CURVE('',#1929,#1868,#1198,.T.);
#2440=EDGE_CURVE('',#1928,#1866,#1199,.T.);
#2441=EDGE_CURVE('',#1930,#1871,#1200,.T.);
#2442=EDGE_CURVE('',#1931,#1869,#1201,.T.);
#2443=EDGE_CURVE('',#1933,#1872,#1202,.T.);
#2444=EDGE_CURVE('',#1932,#1870,#1203,.T.);
#2445=EDGE_CURVE('',#1934,#1875,#1204,.T.);
#2446=EDGE_CURVE('',#1935,#1873,#1205,.T.);
#2447=EDGE_CURVE('',#1937,#1876,#1206,.T.);
#2448=EDGE_CURVE('',#1936,#1874,#1207,.T.);
#2449=EDGE_CURVE('',#1938,#1879,#1208,.T.);
#2450=EDGE_CURVE('',#1941,#1880,#1209,.T.);
#2451=EDGE_CURVE('',#1952,#1946,#1210,.T.);
#2452=EDGE_CURVE('',#1951,#1945,#1211,.T.);
#2453=EDGE_CURVE('',#1950,#1944,#1212,.T.);
#2454=EDGE_CURVE('',#1949,#1943,#1213,.T.);
#2455=EDGE_CURVE('',#1885,#1910,#1214,.T.);
#2456=EDGE_CURVE('',#1884,#1909,#1215,.T.);
#2457=EDGE_CURVE('',#1883,#1908,#1216,.T.);
#2458=EDGE_CURVE('',#1888,#1913,#1217,.T.);
#2459=EDGE_CURVE('',#1954,#1948,#1218,.T.);
#2460=EDGE_CURVE('',#1955,#1956,#307,.T.);
#2461=EDGE_CURVE('',#1955,#1957,#1219,.F.);
#2462=EDGE_CURVE('',#1957,#1958,#1220,.T.);
#2463=EDGE_CURVE('',#1956,#1958,#1221,.F.);
#2464=EDGE_CURVE('',#1956,#1959,#308,.T.);
#2465=EDGE_CURVE('',#1958,#1960,#1222,.T.);
#2466=EDGE_CURVE('',#1959,#1960,#1223,.T.);
#2467=EDGE_CURVE('',#1959,#1961,#309,.T.);
#2468=EDGE_CURVE('',#1960,#1962,#1224,.T.);
#2469=EDGE_CURVE('',#1961,#1962,#58,.T.);
#2470=EDGE_CURVE('',#1961,#1963,#310,.F.);
#2471=EDGE_CURVE('',#1962,#1964,#311,.T.);
#2472=EDGE_CURVE('',#1963,#1964,#59,.F.);
#2473=EDGE_CURVE('',#1963,#1965,#312,.T.);
#2474=EDGE_CURVE('',#1964,#1966,#1225,.T.);
#2475=EDGE_CURVE('',#1965,#1966,#1226,.T.);
#2476=EDGE_CURVE('',#1965,#1967,#313,.T.);
#2477=EDGE_CURVE('',#1966,#1968,#1227,.T.);
#2478=EDGE_CURVE('',#1967,#1968,#1228,.T.);
#2479=EDGE_CURVE('',#1969,#1955,#314,.T.);
#2480=EDGE_CURVE('',#1969,#1970,#60,.T.);
#2481=EDGE_CURVE('',#1970,#1957,#1229,.T.);
#2482=EDGE_CURVE('',#1971,#1969,#315,.F.);
#2483=EDGE_CURVE('',#1971,#1972,#61,.T.);
#2484=EDGE_CURVE('',#1972,#1970,#316,.T.);
#2485=EDGE_CURVE('',#1973,#1971,#317,.T.);
#2486=EDGE_CURVE('',#1973,#1974,#1230,.F.);
#2487=EDGE_CURVE('',#1974,#1972,#1231,.T.);
#2488=EDGE_CURVE('',#1975,#1973,#318,.T.);
#2489=EDGE_CURVE('',#1975,#1976,#1232,.T.);
#2490=EDGE_CURVE('',#1976,#1974,#1233,.T.);
#2491=EDGE_CURVE('',#1977,#1975,#319,.T.);
#2492=EDGE_CURVE('',#1977,#1978,#1234,.T.);
#2493=EDGE_CURVE('',#1978,#1976,#1235,.T.);
#2494=EDGE_CURVE('',#1979,#1977,#320,.T.);
#2495=EDGE_CURVE('',#1979,#1980,#62,.F.);
#2496=EDGE_CURVE('',#1980,#1978,#1236,.T.);
#2497=EDGE_CURVE('',#1981,#1979,#321,.F.);
#2498=EDGE_CURVE('',#1981,#1982,#63,.F.);
#2499=EDGE_CURVE('',#1982,#1980,#322,.T.);
#2500=EDGE_CURVE('',#1983,#1981,#323,.T.);
#2501=EDGE_CURVE('',#1983,#1984,#1237,.F.);
#2502=EDGE_CURVE('',#1984,#1982,#1238,.T.);
#2503=EDGE_CURVE('',#1985,#1983,#324,.T.);
#2504=EDGE_CURVE('',#1985,#1986,#1239,.F.);
#2505=EDGE_CURVE('',#1986,#1984,#1240,.T.);
#2506=EDGE_CURVE('',#1987,#1988,#325,.T.);
#2507=EDGE_CURVE('',#1987,#1989,#1241,.T.);
#2508=EDGE_CURVE('',#1989,#1990,#1242,.T.);
#2509=EDGE_CURVE('',#1988,#1990,#64,.F.);
#2510=EDGE_CURVE('',#1988,#1991,#326,.F.);
#2511=EDGE_CURVE('',#1990,#1992,#327,.T.);
#2512=EDGE_CURVE('',#1991,#1992,#65,.F.);
#2513=EDGE_CURVE('',#1991,#1993,#328,.T.);
#2514=EDGE_CURVE('',#1992,#1994,#1243,.T.);
#2515=EDGE_CURVE('',#1993,#1994,#1244,.T.);
#2516=EDGE_CURVE('',#1993,#1985,#329,.T.);
#2517=EDGE_CURVE('',#1994,#1986,#1245,.T.);
#2518=EDGE_CURVE('',#1967,#1987,#330,.T.);
#2519=EDGE_CURVE('',#1968,#1989,#1246,.T.);
#2520=EDGE_CURVE('',#1995,#1995,#331,.T.);
#2521=EDGE_CURVE('',#1996,#1996,#332,.T.);
#2522=EDGE_CURVE('',#1996,#1995,#333,.T.);
#2523=EDGE_CURVE('',#1997,#1997,#334,.T.);
#2524=EDGE_CURVE('',#1998,#1998,#335,.T.);
#2525=EDGE_CURVE('',#1998,#1997,#1247,.T.);
#2526=EDGE_CURVE('',#1998,#1999,#1248,.T.);
#2527=EDGE_CURVE('',#1999,#1999,#336,.T.);
#2528=EDGE_CURVE('',#2000,#2001,#1249,.T.);
#2529=EDGE_CURVE('',#2002,#2001,#1250,.T.);
#2530=EDGE_CURVE('',#2003,#2002,#1251,.T.);
#2531=EDGE_CURVE('',#2003,#2000,#1252,.T.);
#2532=EDGE_CURVE('',#2001,#2004,#1253,.T.);
#2533=EDGE_CURVE('',#2005,#2004,#1254,.T.);
#2534=EDGE_CURVE('',#2002,#2005,#1255,.T.);
#2535=EDGE_CURVE('',#2004,#2006,#1256,.T.);
#2536=EDGE_CURVE('',#2007,#2006,#1257,.T.);
#2537=EDGE_CURVE('',#2005,#2007,#1258,.T.);
#2538=EDGE_CURVE('',#2006,#2000,#1259,.T.);
#2539=EDGE_CURVE('',#2007,#2003,#1260,.T.);
#2540=EDGE_CURVE('',#2008,#2009,#1261,.T.);
#2541=EDGE_CURVE('',#2010,#2009,#1262,.T.);
#2542=EDGE_CURVE('',#2011,#2010,#1263,.T.);
#2543=EDGE_CURVE('',#2011,#2008,#1264,.T.);
#2544=EDGE_CURVE('',#2009,#2012,#1265,.T.);
#2545=EDGE_CURVE('',#2013,#2012,#1266,.T.);
#2546=EDGE_CURVE('',#2010,#2013,#1267,.T.);
#2547=EDGE_CURVE('',#2012,#2014,#1268,.T.);
#2548=EDGE_CURVE('',#2015,#2014,#1269,.T.);
#2549=EDGE_CURVE('',#2013,#2015,#1270,.T.);
#2550=EDGE_CURVE('',#2014,#2008,#1271,.T.);
#2551=EDGE_CURVE('',#2015,#2011,#1272,.T.);
#2552=ORIENTED_EDGE('',*,*,#2016,.F.);
#2553=ORIENTED_EDGE('',*,*,#2017,.T.);
#2554=ORIENTED_EDGE('',*,*,#2018,.T.);
#2555=ORIENTED_EDGE('',*,*,#2019,.T.);
#2556=ORIENTED_EDGE('',*,*,#2020,.F.);
#2557=ORIENTED_EDGE('',*,*,#2021,.F.);
#2558=ORIENTED_EDGE('',*,*,#2022,.F.);
#2559=ORIENTED_EDGE('',*,*,#2023,.F.);
#2560=ORIENTED_EDGE('',*,*,#2024,.T.);
#2561=ORIENTED_EDGE('',*,*,#2025,.F.);
#2562=ORIENTED_EDGE('',*,*,#2026,.F.);
#2563=ORIENTED_EDGE('',*,*,#2027,.T.);
#2564=ORIENTED_EDGE('',*,*,#2028,.T.);
#2565=ORIENTED_EDGE('',*,*,#2029,.T.);
#2566=ORIENTED_EDGE('',*,*,#2030,.F.);
#2567=ORIENTED_EDGE('',*,*,#2024,.F.);
#2568=ORIENTED_EDGE('',*,*,#2031,.T.);
#2569=ORIENTED_EDGE('',*,*,#2032,.F.);
#2570=ORIENTED_EDGE('',*,*,#2033,.F.);
#2571=ORIENTED_EDGE('',*,*,#2034,.T.);
#2572=ORIENTED_EDGE('',*,*,#2035,.T.);
#2573=ORIENTED_EDGE('',*,*,#2036,.T.);
#2574=ORIENTED_EDGE('',*,*,#2037,.T.);
#2575=ORIENTED_EDGE('',*,*,#2038,.T.);
#2576=ORIENTED_EDGE('',*,*,#2039,.T.);
#2577=ORIENTED_EDGE('',*,*,#2040,.T.);
#2578=ORIENTED_EDGE('',*,*,#2041,.T.);
#2579=ORIENTED_EDGE('',*,*,#2042,.T.);
#2580=ORIENTED_EDGE('',*,*,#2043,.T.);
#2581=ORIENTED_EDGE('',*,*,#2044,.T.);
#2582=ORIENTED_EDGE('',*,*,#2045,.T.);
#2583=ORIENTED_EDGE('',*,*,#2046,.T.);
#2584=ORIENTED_EDGE('',*,*,#2047,.T.);
#2585=ORIENTED_EDGE('',*,*,#2048,.T.);
#2586=ORIENTED_EDGE('',*,*,#2049,.T.);
#2587=ORIENTED_EDGE('',*,*,#2050,.T.);
#2588=ORIENTED_EDGE('',*,*,#2051,.T.);
#2589=ORIENTED_EDGE('',*,*,#2052,.T.);
#2590=ORIENTED_EDGE('',*,*,#2053,.T.);
#2591=ORIENTED_EDGE('',*,*,#2054,.T.);
#2592=ORIENTED_EDGE('',*,*,#2055,.T.);
#2593=ORIENTED_EDGE('',*,*,#2056,.T.);
#2594=ORIENTED_EDGE('',*,*,#2057,.T.);
#2595=ORIENTED_EDGE('',*,*,#2058,.T.);
#2596=ORIENTED_EDGE('',*,*,#2059,.T.);
#2597=ORIENTED_EDGE('',*,*,#2060,.T.);
#2598=ORIENTED_EDGE('',*,*,#2061,.T.);
#2599=ORIENTED_EDGE('',*,*,#2062,.T.);
#2600=ORIENTED_EDGE('',*,*,#2063,.T.);
#2601=ORIENTED_EDGE('',*,*,#2064,.T.);
#2602=ORIENTED_EDGE('',*,*,#2065,.T.);
#2603=ORIENTED_EDGE('',*,*,#2066,.T.);
#2604=ORIENTED_EDGE('',*,*,#2067,.T.);
#2605=ORIENTED_EDGE('',*,*,#2025,.T.);
#2606=ORIENTED_EDGE('',*,*,#2030,.T.);
#2607=ORIENTED_EDGE('',*,*,#2068,.T.);
#2608=ORIENTED_EDGE('',*,*,#2069,.F.);
#2609=ORIENTED_EDGE('',*,*,#2020,.T.);
#2610=ORIENTED_EDGE('',*,*,#2070,.F.);
#2611=ORIENTED_EDGE('',*,*,#2071,.T.);
#2612=ORIENTED_EDGE('',*,*,#2072,.T.);
#2613=ORIENTED_EDGE('',*,*,#2073,.T.);
#2614=ORIENTED_EDGE('',*,*,#2074,.T.);
#2615=ORIENTED_EDGE('',*,*,#2074,.F.);
#2616=ORIENTED_EDGE('',*,*,#2075,.T.);
#2617=ORIENTED_EDGE('',*,*,#2076,.T.);
#2618=ORIENTED_EDGE('',*,*,#2077,.T.);
#2619=ORIENTED_EDGE('',*,*,#2078,.F.);
#2620=ORIENTED_EDGE('',*,*,#2021,.T.);
#2621=ORIENTED_EDGE('',*,*,#2069,.T.);
#2622=ORIENTED_EDGE('',*,*,#2077,.F.);
#2623=ORIENTED_EDGE('',*,*,#2079,.F.);
#2624=ORIENTED_EDGE('',*,*,#2080,.T.);
#2625=ORIENTED_EDGE('',*,*,#2081,.T.);
#2626=ORIENTED_EDGE('',*,*,#2082,.T.);
#2627=ORIENTED_EDGE('',*,*,#2033,.T.);
#2628=ORIENTED_EDGE('',*,*,#2083,.T.);
#2629=ORIENTED_EDGE('',*,*,#2070,.T.);
#2630=ORIENTED_EDGE('',*,*,#2023,.T.);
#2631=ORIENTED_EDGE('',*,*,#2084,.F.);
#2632=ORIENTED_EDGE('',*,*,#2085,.F.);
#2633=ORIENTED_EDGE('',*,*,#2086,.F.);
#2634=ORIENTED_EDGE('',*,*,#2087,.F.);
#2635=ORIENTED_EDGE('',*,*,#2081,.F.);
#2636=ORIENTED_EDGE('',*,*,#2088,.T.);
#2637=ORIENTED_EDGE('',*,*,#2016,.T.);
#2638=ORIENTED_EDGE('',*,*,#2089,.T.);
#2639=ORIENTED_EDGE('',*,*,#2090,.T.);
#2640=ORIENTED_EDGE('',*,*,#2091,.T.);
#2641=ORIENTED_EDGE('',*,*,#2092,.F.);
#2642=ORIENTED_EDGE('',*,*,#2093,.T.);
#2643=ORIENTED_EDGE('',*,*,#2034,.F.);
#2644=ORIENTED_EDGE('',*,*,#2082,.F.);
#2645=ORIENTED_EDGE('',*,*,#2092,.T.);
#2646=ORIENTED_EDGE('',*,*,#2094,.T.);
#2647=ORIENTED_EDGE('',*,*,#2071,.F.);
#2648=ORIENTED_EDGE('',*,*,#2083,.F.);
#2649=ORIENTED_EDGE('',*,*,#2032,.T.);
#2650=ORIENTED_EDGE('',*,*,#2091,.F.);
#2651=ORIENTED_EDGE('',*,*,#2095,.T.);
#2652=ORIENTED_EDGE('',*,*,#2096,.T.);
#2653=ORIENTED_EDGE('',*,*,#2097,.T.);
#2654=ORIENTED_EDGE('',*,*,#2098,.T.);
#2655=ORIENTED_EDGE('',*,*,#2099,.T.);
#2656=ORIENTED_EDGE('',*,*,#2100,.T.);
#2657=ORIENTED_EDGE('',*,*,#2101,.T.);
#2658=ORIENTED_EDGE('',*,*,#2072,.F.);
#2659=ORIENTED_EDGE('',*,*,#2094,.F.);
#2660=ORIENTED_EDGE('',*,*,#2031,.F.);
#2661=ORIENTED_EDGE('',*,*,#2093,.F.);
#2662=ORIENTED_EDGE('',*,*,#2102,.F.);
#2663=ORIENTED_EDGE('',*,*,#2075,.F.);
#2664=ORIENTED_EDGE('',*,*,#2073,.F.);
#2665=ORIENTED_EDGE('',*,*,#2101,.F.);
#2666=ORIENTED_EDGE('',*,*,#2084,.T.);
#2667=ORIENTED_EDGE('',*,*,#2022,.T.);
#2668=ORIENTED_EDGE('',*,*,#2078,.T.);
#2669=ORIENTED_EDGE('',*,*,#2076,.F.);
#2670=ORIENTED_EDGE('',*,*,#2102,.T.);
#2671=ORIENTED_EDGE('',*,*,#2100,.F.);
#2672=ORIENTED_EDGE('',*,*,#2103,.F.);
#2673=ORIENTED_EDGE('',*,*,#2099,.F.);
#2674=ORIENTED_EDGE('',*,*,#2104,.F.);
#2675=ORIENTED_EDGE('',*,*,#2085,.T.);
#2676=ORIENTED_EDGE('',*,*,#2103,.T.);
#2677=ORIENTED_EDGE('',*,*,#2098,.F.);
#2678=ORIENTED_EDGE('',*,*,#2105,.F.);
#2679=ORIENTED_EDGE('',*,*,#2086,.T.);
#2680=ORIENTED_EDGE('',*,*,#2104,.T.);
#2681=ORIENTED_EDGE('',*,*,#2106,.F.);
#2682=ORIENTED_EDGE('',*,*,#2107,.F.);
#2683=ORIENTED_EDGE('',*,*,#2108,.F.);
#2684=ORIENTED_EDGE('',*,*,#2109,.F.);
#2685=ORIENTED_EDGE('',*,*,#2110,.F.);
#2686=ORIENTED_EDGE('',*,*,#2111,.F.);
#2687=ORIENTED_EDGE('',*,*,#2112,.F.);
#2688=ORIENTED_EDGE('',*,*,#2113,.F.);
#2689=ORIENTED_EDGE('',*,*,#2114,.F.);
#2690=ORIENTED_EDGE('',*,*,#2115,.F.);
#2691=ORIENTED_EDGE('',*,*,#2116,.F.);
#2692=ORIENTED_EDGE('',*,*,#2117,.F.);
#2693=ORIENTED_EDGE('',*,*,#2118,.F.);
#2694=ORIENTED_EDGE('',*,*,#2119,.F.);
#2695=ORIENTED_EDGE('',*,*,#2120,.F.);
#2696=ORIENTED_EDGE('',*,*,#2121,.F.);
#2697=ORIENTED_EDGE('',*,*,#2122,.F.);
#2698=ORIENTED_EDGE('',*,*,#2123,.F.);
#2699=ORIENTED_EDGE('',*,*,#2124,.F.);
#2700=ORIENTED_EDGE('',*,*,#2125,.F.);
#2701=ORIENTED_EDGE('',*,*,#2126,.F.);
#2702=ORIENTED_EDGE('',*,*,#2127,.F.);
#2703=ORIENTED_EDGE('',*,*,#2128,.F.);
#2704=ORIENTED_EDGE('',*,*,#2129,.F.);
#2705=ORIENTED_EDGE('',*,*,#2130,.F.);
#2706=ORIENTED_EDGE('',*,*,#2131,.F.);
#2707=ORIENTED_EDGE('',*,*,#2132,.F.);
#2708=ORIENTED_EDGE('',*,*,#2133,.F.);
#2709=ORIENTED_EDGE('',*,*,#2134,.F.);
#2710=ORIENTED_EDGE('',*,*,#2135,.F.);
#2711=ORIENTED_EDGE('',*,*,#2136,.F.);
#2712=ORIENTED_EDGE('',*,*,#2137,.F.);
#2713=ORIENTED_EDGE('',*,*,#2027,.F.);
#2714=ORIENTED_EDGE('',*,*,#2138,.F.);
#2715=ORIENTED_EDGE('',*,*,#2139,.F.);
#2716=ORIENTED_EDGE('',*,*,#2028,.F.);
#2717=ORIENTED_EDGE('',*,*,#2097,.F.);
#2718=ORIENTED_EDGE('',*,*,#2140,.F.);
#2719=ORIENTED_EDGE('',*,*,#2087,.T.);
#2720=ORIENTED_EDGE('',*,*,#2105,.T.);
#2721=ORIENTED_EDGE('',*,*,#2018,.F.);
#2722=ORIENTED_EDGE('',*,*,#2141,.T.);
#2723=ORIENTED_EDGE('',*,*,#2079,.T.);
#2724=ORIENTED_EDGE('',*,*,#2140,.T.);
#2725=ORIENTED_EDGE('',*,*,#2096,.F.);
#2726=ORIENTED_EDGE('',*,*,#2142,.T.);
#2727=ORIENTED_EDGE('',*,*,#2143,.F.);
#2728=ORIENTED_EDGE('',*,*,#2142,.F.);
#2729=ORIENTED_EDGE('',*,*,#2095,.F.);
#2730=ORIENTED_EDGE('',*,*,#2090,.F.);
#2731=ORIENTED_EDGE('',*,*,#2144,.F.);
#2732=ORIENTED_EDGE('',*,*,#2143,.T.);
#2733=ORIENTED_EDGE('',*,*,#2144,.T.);
#2734=ORIENTED_EDGE('',*,*,#2089,.F.);
#2735=ORIENTED_EDGE('',*,*,#2019,.F.);
#2736=ORIENTED_EDGE('',*,*,#2088,.F.);
#2737=ORIENTED_EDGE('',*,*,#2080,.F.);
#2738=ORIENTED_EDGE('',*,*,#2141,.F.);
#2739=ORIENTED_EDGE('',*,*,#2017,.F.);
#2740=ORIENTED_EDGE('',*,*,#2137,.T.);
#2741=ORIENTED_EDGE('',*,*,#2145,.T.);
#2742=ORIENTED_EDGE('',*,*,#2066,.F.);
#2743=ORIENTED_EDGE('',*,*,#2145,.F.);
#2744=ORIENTED_EDGE('',*,*,#2136,.T.);
#2745=ORIENTED_EDGE('',*,*,#2146,.T.);
#2746=ORIENTED_EDGE('',*,*,#2065,.F.);
#2747=ORIENTED_EDGE('',*,*,#2146,.F.);
#2748=ORIENTED_EDGE('',*,*,#2135,.T.);
#2749=ORIENTED_EDGE('',*,*,#2147,.T.);
#2750=ORIENTED_EDGE('',*,*,#2064,.F.);
#2751=ORIENTED_EDGE('',*,*,#2147,.F.);
#2752=ORIENTED_EDGE('',*,*,#2134,.T.);
#2753=ORIENTED_EDGE('',*,*,#2148,.T.);
#2754=ORIENTED_EDGE('',*,*,#2063,.F.);
#2755=ORIENTED_EDGE('',*,*,#2148,.F.);
#2756=ORIENTED_EDGE('',*,*,#2149,.T.);
#2757=ORIENTED_EDGE('',*,*,#2060,.F.);
#2758=ORIENTED_EDGE('',*,*,#2150,.F.);
#2759=ORIENTED_EDGE('',*,*,#2130,.T.);
#2760=ORIENTED_EDGE('',*,*,#2150,.T.);
#2761=ORIENTED_EDGE('',*,*,#2059,.F.);
#2762=ORIENTED_EDGE('',*,*,#2151,.F.);
#2763=ORIENTED_EDGE('',*,*,#2131,.T.);
#2764=ORIENTED_EDGE('',*,*,#2151,.T.);
#2765=ORIENTED_EDGE('',*,*,#2062,.F.);
#2766=ORIENTED_EDGE('',*,*,#2152,.F.);
#2767=ORIENTED_EDGE('',*,*,#2132,.T.);
#2768=ORIENTED_EDGE('',*,*,#2133,.T.);
#2769=ORIENTED_EDGE('',*,*,#2152,.T.);
#2770=ORIENTED_EDGE('',*,*,#2061,.F.);
#2771=ORIENTED_EDGE('',*,*,#2149,.F.);
#2772=ORIENTED_EDGE('',*,*,#2153,.T.);
#2773=ORIENTED_EDGE('',*,*,#2056,.F.);
#2774=ORIENTED_EDGE('',*,*,#2154,.F.);
#2775=ORIENTED_EDGE('',*,*,#2126,.T.);
#2776=ORIENTED_EDGE('',*,*,#2154,.T.);
#2777=ORIENTED_EDGE('',*,*,#2055,.F.);
#2778=ORIENTED_EDGE('',*,*,#2155,.F.);
#2779=ORIENTED_EDGE('',*,*,#2127,.T.);
#2780=ORIENTED_EDGE('',*,*,#2155,.T.);
#2781=ORIENTED_EDGE('',*,*,#2058,.F.);
#2782=ORIENTED_EDGE('',*,*,#2156,.F.);
#2783=ORIENTED_EDGE('',*,*,#2128,.T.);
#2784=ORIENTED_EDGE('',*,*,#2129,.T.);
#2785=ORIENTED_EDGE('',*,*,#2156,.T.);
#2786=ORIENTED_EDGE('',*,*,#2057,.F.);
#2787=ORIENTED_EDGE('',*,*,#2153,.F.);
#2788=ORIENTED_EDGE('',*,*,#2157,.T.);
#2789=ORIENTED_EDGE('',*,*,#2052,.F.);
#2790=ORIENTED_EDGE('',*,*,#2158,.F.);
#2791=ORIENTED_EDGE('',*,*,#2122,.T.);
#2792=ORIENTED_EDGE('',*,*,#2158,.T.);
#2793=ORIENTED_EDGE('',*,*,#2051,.F.);
#2794=ORIENTED_EDGE('',*,*,#2159,.F.);
#2795=ORIENTED_EDGE('',*,*,#2123,.T.);
#2796=ORIENTED_EDGE('',*,*,#2159,.T.);
#2797=ORIENTED_EDGE('',*,*,#2054,.F.);
#2798=ORIENTED_EDGE('',*,*,#2160,.F.);
#2799=ORIENTED_EDGE('',*,*,#2124,.T.);
#2800=ORIENTED_EDGE('',*,*,#2125,.T.);
#2801=ORIENTED_EDGE('',*,*,#2160,.T.);
#2802=ORIENTED_EDGE('',*,*,#2053,.F.);
#2803=ORIENTED_EDGE('',*,*,#2157,.F.);
#2804=ORIENTED_EDGE('',*,*,#2161,.T.);
#2805=ORIENTED_EDGE('',*,*,#2048,.F.);
#2806=ORIENTED_EDGE('',*,*,#2162,.F.);
#2807=ORIENTED_EDGE('',*,*,#2118,.T.);
#2808=ORIENTED_EDGE('',*,*,#2162,.T.);
#2809=ORIENTED_EDGE('',*,*,#2047,.F.);
#2810=ORIENTED_EDGE('',*,*,#2163,.F.);
#2811=ORIENTED_EDGE('',*,*,#2119,.T.);
#2812=ORIENTED_EDGE('',*,*,#2163,.T.);
#2813=ORIENTED_EDGE('',*,*,#2050,.F.);
#2814=ORIENTED_EDGE('',*,*,#2164,.F.);
#2815=ORIENTED_EDGE('',*,*,#2120,.T.);
#2816=ORIENTED_EDGE('',*,*,#2121,.T.);
#2817=ORIENTED_EDGE('',*,*,#2164,.T.);
#2818=ORIENTED_EDGE('',*,*,#2049,.F.);
#2819=ORIENTED_EDGE('',*,*,#2161,.F.);
#2820=ORIENTED_EDGE('',*,*,#2165,.T.);
#2821=ORIENTED_EDGE('',*,*,#2044,.F.);
#2822=ORIENTED_EDGE('',*,*,#2166,.F.);
#2823=ORIENTED_EDGE('',*,*,#2114,.T.);
#2824=ORIENTED_EDGE('',*,*,#2166,.T.);
#2825=ORIENTED_EDGE('',*,*,#2043,.F.);
#2826=ORIENTED_EDGE('',*,*,#2167,.F.);
#2827=ORIENTED_EDGE('',*,*,#2115,.T.);
#2828=ORIENTED_EDGE('',*,*,#2167,.T.);
#2829=ORIENTED_EDGE('',*,*,#2046,.F.);
#2830=ORIENTED_EDGE('',*,*,#2168,.F.);
#2831=ORIENTED_EDGE('',*,*,#2116,.T.);
#2832=ORIENTED_EDGE('',*,*,#2117,.T.);
#2833=ORIENTED_EDGE('',*,*,#2168,.T.);
#2834=ORIENTED_EDGE('',*,*,#2045,.F.);
#2835=ORIENTED_EDGE('',*,*,#2165,.F.);
#2836=ORIENTED_EDGE('',*,*,#2169,.T.);
#2837=ORIENTED_EDGE('',*,*,#2040,.F.);
#2838=ORIENTED_EDGE('',*,*,#2170,.F.);
#2839=ORIENTED_EDGE('',*,*,#2110,.T.);
#2840=ORIENTED_EDGE('',*,*,#2170,.T.);
#2841=ORIENTED_EDGE('',*,*,#2039,.F.);
#2842=ORIENTED_EDGE('',*,*,#2171,.F.);
#2843=ORIENTED_EDGE('',*,*,#2111,.T.);
#2844=ORIENTED_EDGE('',*,*,#2171,.T.);
#2845=ORIENTED_EDGE('',*,*,#2042,.F.);
#2846=ORIENTED_EDGE('',*,*,#2172,.F.);
#2847=ORIENTED_EDGE('',*,*,#2112,.T.);
#2848=ORIENTED_EDGE('',*,*,#2113,.T.);
#2849=ORIENTED_EDGE('',*,*,#2172,.T.);
#2850=ORIENTED_EDGE('',*,*,#2041,.F.);
#2851=ORIENTED_EDGE('',*,*,#2169,.F.);
#2852=ORIENTED_EDGE('',*,*,#2173,.T.);
#2853=ORIENTED_EDGE('',*,*,#2036,.F.);
#2854=ORIENTED_EDGE('',*,*,#2174,.F.);
#2855=ORIENTED_EDGE('',*,*,#2106,.T.);
#2856=ORIENTED_EDGE('',*,*,#2174,.T.);
#2857=ORIENTED_EDGE('',*,*,#2035,.F.);
#2858=ORIENTED_EDGE('',*,*,#2175,.F.);
#2859=ORIENTED_EDGE('',*,*,#2107,.T.);
#2860=ORIENTED_EDGE('',*,*,#2175,.T.);
#2861=ORIENTED_EDGE('',*,*,#2038,.F.);
#2862=ORIENTED_EDGE('',*,*,#2176,.F.);
#2863=ORIENTED_EDGE('',*,*,#2108,.T.);
#2864=ORIENTED_EDGE('',*,*,#2109,.T.);
#2865=ORIENTED_EDGE('',*,*,#2176,.T.);
#2866=ORIENTED_EDGE('',*,*,#2037,.F.);
#2867=ORIENTED_EDGE('',*,*,#2173,.F.);
#2868=ORIENTED_EDGE('',*,*,#2026,.T.);
#2869=ORIENTED_EDGE('',*,*,#2067,.F.);
#2870=ORIENTED_EDGE('',*,*,#2177,.F.);
#2871=ORIENTED_EDGE('',*,*,#2138,.T.);
#2872=ORIENTED_EDGE('',*,*,#2177,.T.);
#2873=ORIENTED_EDGE('',*,*,#2068,.F.);
#2874=ORIENTED_EDGE('',*,*,#2029,.F.);
#2875=ORIENTED_EDGE('',*,*,#2139,.T.);
#2876=ORIENTED_EDGE('',*,*,#2178,.F.);
#2877=ORIENTED_EDGE('',*,*,#2179,.T.);
#2878=ORIENTED_EDGE('',*,*,#2180,.F.);
#2879=ORIENTED_EDGE('',*,*,#2179,.F.);
#2880=ORIENTED_EDGE('',*,*,#2181,.F.);
#2881=ORIENTED_EDGE('',*,*,#2182,.T.);
#2882=ORIENTED_EDGE('',*,*,#2183,.F.);
#2883=ORIENTED_EDGE('',*,*,#2182,.F.);
#2884=ORIENTED_EDGE('',*,*,#2184,.F.);
#2885=ORIENTED_EDGE('',*,*,#2185,.T.);
#2886=ORIENTED_EDGE('',*,*,#2186,.F.);
#2887=ORIENTED_EDGE('',*,*,#2185,.F.);
#2888=ORIENTED_EDGE('',*,*,#2187,.F.);
#2889=ORIENTED_EDGE('',*,*,#2188,.T.);
#2890=ORIENTED_EDGE('',*,*,#2189,.F.);
#2891=ORIENTED_EDGE('',*,*,#2188,.F.);
#2892=ORIENTED_EDGE('',*,*,#2190,.F.);
#2893=ORIENTED_EDGE('',*,*,#2191,.T.);
#2894=ORIENTED_EDGE('',*,*,#2192,.F.);
#2895=ORIENTED_EDGE('',*,*,#2191,.F.);
#2896=ORIENTED_EDGE('',*,*,#2193,.F.);
#2897=ORIENTED_EDGE('',*,*,#2194,.T.);
#2898=ORIENTED_EDGE('',*,*,#2195,.F.);
#2899=ORIENTED_EDGE('',*,*,#2194,.F.);
#2900=ORIENTED_EDGE('',*,*,#2196,.F.);
#2901=ORIENTED_EDGE('',*,*,#2197,.T.);
#2902=ORIENTED_EDGE('',*,*,#2198,.F.);
#2903=ORIENTED_EDGE('',*,*,#2197,.F.);
#2904=ORIENTED_EDGE('',*,*,#2199,.F.);
#2905=ORIENTED_EDGE('',*,*,#2200,.T.);
#2906=ORIENTED_EDGE('',*,*,#2201,.F.);
#2907=ORIENTED_EDGE('',*,*,#2200,.F.);
#2908=ORIENTED_EDGE('',*,*,#2202,.F.);
#2909=ORIENTED_EDGE('',*,*,#2203,.T.);
#2910=ORIENTED_EDGE('',*,*,#2204,.F.);
#2911=ORIENTED_EDGE('',*,*,#2203,.F.);
#2912=ORIENTED_EDGE('',*,*,#2205,.F.);
#2913=ORIENTED_EDGE('',*,*,#2206,.T.);
#2914=ORIENTED_EDGE('',*,*,#2207,.F.);
#2915=ORIENTED_EDGE('',*,*,#2206,.F.);
#2916=ORIENTED_EDGE('',*,*,#2208,.F.);
#2917=ORIENTED_EDGE('',*,*,#2209,.T.);
#2918=ORIENTED_EDGE('',*,*,#2210,.F.);
#2919=ORIENTED_EDGE('',*,*,#2209,.F.);
#2920=ORIENTED_EDGE('',*,*,#2211,.F.);
#2921=ORIENTED_EDGE('',*,*,#2212,.T.);
#2922=ORIENTED_EDGE('',*,*,#2213,.F.);
#2923=ORIENTED_EDGE('',*,*,#2212,.F.);
#2924=ORIENTED_EDGE('',*,*,#2214,.F.);
#2925=ORIENTED_EDGE('',*,*,#2215,.T.);
#2926=ORIENTED_EDGE('',*,*,#2216,.F.);
#2927=ORIENTED_EDGE('',*,*,#2215,.F.);
#2928=ORIENTED_EDGE('',*,*,#2217,.F.);
#2929=ORIENTED_EDGE('',*,*,#2218,.T.);
#2930=ORIENTED_EDGE('',*,*,#2219,.F.);
#2931=ORIENTED_EDGE('',*,*,#2218,.F.);
#2932=ORIENTED_EDGE('',*,*,#2220,.F.);
#2933=ORIENTED_EDGE('',*,*,#2221,.T.);
#2934=ORIENTED_EDGE('',*,*,#2222,.F.);
#2935=ORIENTED_EDGE('',*,*,#2221,.F.);
#2936=ORIENTED_EDGE('',*,*,#2223,.F.);
#2937=ORIENTED_EDGE('',*,*,#2224,.T.);
#2938=ORIENTED_EDGE('',*,*,#2225,.F.);
#2939=ORIENTED_EDGE('',*,*,#2224,.F.);
#2940=ORIENTED_EDGE('',*,*,#2226,.F.);
#2941=ORIENTED_EDGE('',*,*,#2227,.T.);
#2942=ORIENTED_EDGE('',*,*,#2228,.F.);
#2943=ORIENTED_EDGE('',*,*,#2227,.F.);
#2944=ORIENTED_EDGE('',*,*,#2229,.F.);
#2945=ORIENTED_EDGE('',*,*,#2230,.T.);
#2946=ORIENTED_EDGE('',*,*,#2231,.F.);
#2947=ORIENTED_EDGE('',*,*,#2230,.F.);
#2948=ORIENTED_EDGE('',*,*,#2232,.F.);
#2949=ORIENTED_EDGE('',*,*,#2233,.T.);
#2950=ORIENTED_EDGE('',*,*,#2234,.F.);
#2951=ORIENTED_EDGE('',*,*,#2233,.F.);
#2952=ORIENTED_EDGE('',*,*,#2235,.F.);
#2953=ORIENTED_EDGE('',*,*,#2236,.T.);
#2954=ORIENTED_EDGE('',*,*,#2237,.F.);
#2955=ORIENTED_EDGE('',*,*,#2236,.F.);
#2956=ORIENTED_EDGE('',*,*,#2238,.F.);
#2957=ORIENTED_EDGE('',*,*,#2239,.T.);
#2958=ORIENTED_EDGE('',*,*,#2240,.F.);
#2959=ORIENTED_EDGE('',*,*,#2239,.F.);
#2960=ORIENTED_EDGE('',*,*,#2241,.F.);
#2961=ORIENTED_EDGE('',*,*,#2242,.F.);
#2962=ORIENTED_EDGE('',*,*,#2243,.F.);
#2963=ORIENTED_EDGE('',*,*,#2244,.T.);
#2964=ORIENTED_EDGE('',*,*,#2245,.F.);
#2965=ORIENTED_EDGE('',*,*,#2244,.F.);
#2966=ORIENTED_EDGE('',*,*,#2246,.F.);
#2967=ORIENTED_EDGE('',*,*,#2247,.F.);
#2968=ORIENTED_EDGE('',*,*,#2248,.F.);
#2969=ORIENTED_EDGE('',*,*,#2247,.T.);
#2970=ORIENTED_EDGE('',*,*,#2249,.F.);
#2971=ORIENTED_EDGE('',*,*,#2250,.T.);
#2972=ORIENTED_EDGE('',*,*,#2251,.F.);
#2973=ORIENTED_EDGE('',*,*,#2250,.F.);
#2974=ORIENTED_EDGE('',*,*,#2252,.F.);
#2975=ORIENTED_EDGE('',*,*,#2242,.T.);
#2976=ORIENTED_EDGE('',*,*,#2253,.F.);
#2977=ORIENTED_EDGE('',*,*,#2254,.T.);
#2978=ORIENTED_EDGE('',*,*,#2255,.F.);
#2979=ORIENTED_EDGE('',*,*,#2254,.F.);
#2980=ORIENTED_EDGE('',*,*,#2256,.F.);
#2981=ORIENTED_EDGE('',*,*,#2257,.F.);
#2982=ORIENTED_EDGE('',*,*,#2258,.T.);
#2983=ORIENTED_EDGE('',*,*,#2259,.T.);
#2984=ORIENTED_EDGE('',*,*,#2260,.F.);
#2985=ORIENTED_EDGE('',*,*,#2261,.F.);
#2986=ORIENTED_EDGE('',*,*,#2262,.F.);
#2987=ORIENTED_EDGE('',*,*,#2263,.F.);
#2988=ORIENTED_EDGE('',*,*,#2264,.F.);
#2989=ORIENTED_EDGE('',*,*,#2265,.F.);
#2990=ORIENTED_EDGE('',*,*,#2266,.F.);
#2991=ORIENTED_EDGE('',*,*,#2267,.F.);
#2992=ORIENTED_EDGE('',*,*,#2268,.F.);
#2993=ORIENTED_EDGE('',*,*,#2269,.F.);
#2994=ORIENTED_EDGE('',*,*,#2256,.T.);
#2995=ORIENTED_EDGE('',*,*,#2270,.T.);
#2996=ORIENTED_EDGE('',*,*,#2271,.T.);
#2997=ORIENTED_EDGE('',*,*,#2272,.T.);
#2998=ORIENTED_EDGE('',*,*,#2273,.T.);
#2999=ORIENTED_EDGE('',*,*,#2274,.T.);
#3000=ORIENTED_EDGE('',*,*,#2275,.T.);
#3001=ORIENTED_EDGE('',*,*,#2276,.T.);
#3002=ORIENTED_EDGE('',*,*,#2277,.T.);
#3003=ORIENTED_EDGE('',*,*,#2278,.T.);
#3004=ORIENTED_EDGE('',*,*,#2279,.T.);
#3005=ORIENTED_EDGE('',*,*,#2280,.T.);
#3006=ORIENTED_EDGE('',*,*,#2281,.F.);
#3007=ORIENTED_EDGE('',*,*,#2282,.F.);
#3008=ORIENTED_EDGE('',*,*,#2283,.T.);
#3009=ORIENTED_EDGE('',*,*,#2284,.T.);
#3010=ORIENTED_EDGE('',*,*,#2285,.F.);
#3011=ORIENTED_EDGE('',*,*,#2286,.F.);
#3012=ORIENTED_EDGE('',*,*,#2287,.F.);
#3013=ORIENTED_EDGE('',*,*,#2288,.T.);
#3014=ORIENTED_EDGE('',*,*,#2289,.T.);
#3015=ORIENTED_EDGE('',*,*,#2283,.F.);
#3016=ORIENTED_EDGE('',*,*,#2272,.F.);
#3017=ORIENTED_EDGE('',*,*,#2290,.F.);
#3018=ORIENTED_EDGE('',*,*,#2291,.T.);
#3019=ORIENTED_EDGE('',*,*,#2292,.T.);
#3020=ORIENTED_EDGE('',*,*,#2234,.T.);
#3021=ORIENTED_EDGE('',*,*,#2237,.T.);
#3022=ORIENTED_EDGE('',*,*,#2240,.T.);
#3023=ORIENTED_EDGE('',*,*,#2248,.T.);
#3024=ORIENTED_EDGE('',*,*,#2251,.T.);
#3025=ORIENTED_EDGE('',*,*,#2241,.T.);
#3026=ORIENTED_EDGE('',*,*,#2245,.T.);
#3027=ORIENTED_EDGE('',*,*,#2255,.T.);
#3028=ORIENTED_EDGE('',*,*,#2293,.F.);
#3029=ORIENTED_EDGE('',*,*,#2294,.F.);
#3030=ORIENTED_EDGE('',*,*,#2295,.F.);
#3031=ORIENTED_EDGE('',*,*,#2296,.F.);
#3032=ORIENTED_EDGE('',*,*,#2297,.F.);
#3033=ORIENTED_EDGE('',*,*,#2298,.F.);
#3034=ORIENTED_EDGE('',*,*,#2299,.F.);
#3035=ORIENTED_EDGE('',*,*,#2300,.F.);
#3036=ORIENTED_EDGE('',*,*,#2301,.F.);
#3037=ORIENTED_EDGE('',*,*,#2302,.F.);
#3038=ORIENTED_EDGE('',*,*,#2303,.F.);
#3039=ORIENTED_EDGE('',*,*,#2304,.F.);
#3040=ORIENTED_EDGE('',*,*,#2305,.F.);
#3041=ORIENTED_EDGE('',*,*,#2306,.F.);
#3042=ORIENTED_EDGE('',*,*,#2307,.F.);
#3043=ORIENTED_EDGE('',*,*,#2308,.F.);
#3044=ORIENTED_EDGE('',*,*,#2309,.F.);
#3045=ORIENTED_EDGE('',*,*,#2310,.F.);
#3046=ORIENTED_EDGE('',*,*,#2311,.F.);
#3047=ORIENTED_EDGE('',*,*,#2312,.F.);
#3048=ORIENTED_EDGE('',*,*,#2313,.F.);
#3049=ORIENTED_EDGE('',*,*,#2314,.F.);
#3050=ORIENTED_EDGE('',*,*,#2315,.F.);
#3051=ORIENTED_EDGE('',*,*,#2316,.F.);
#3052=ORIENTED_EDGE('',*,*,#2317,.F.);
#3053=ORIENTED_EDGE('',*,*,#2318,.F.);
#3054=ORIENTED_EDGE('',*,*,#2319,.F.);
#3055=ORIENTED_EDGE('',*,*,#2320,.F.);
#3056=ORIENTED_EDGE('',*,*,#2284,.F.);
#3057=ORIENTED_EDGE('',*,*,#2289,.F.);
#3058=ORIENTED_EDGE('',*,*,#2321,.F.);
#3059=ORIENTED_EDGE('',*,*,#2322,.F.);
#3060=ORIENTED_EDGE('',*,*,#2270,.F.);
#3061=ORIENTED_EDGE('',*,*,#2259,.F.);
#3062=ORIENTED_EDGE('',*,*,#2323,.T.);
#3063=ORIENTED_EDGE('',*,*,#2324,.T.);
#3064=ORIENTED_EDGE('',*,*,#2325,.F.);
#3065=ORIENTED_EDGE('',*,*,#2326,.F.);
#3066=ORIENTED_EDGE('',*,*,#2327,.F.);
#3067=ORIENTED_EDGE('',*,*,#2328,.F.);
#3068=ORIENTED_EDGE('',*,*,#2329,.F.);
#3069=ORIENTED_EDGE('',*,*,#2330,.F.);
#3070=ORIENTED_EDGE('',*,*,#2331,.F.);
#3071=ORIENTED_EDGE('',*,*,#2332,.F.);
#3072=ORIENTED_EDGE('',*,*,#2333,.F.);
#3073=ORIENTED_EDGE('',*,*,#2334,.F.);
#3074=ORIENTED_EDGE('',*,*,#2335,.F.);
#3075=ORIENTED_EDGE('',*,*,#2336,.F.);
#3076=ORIENTED_EDGE('',*,*,#2337,.F.);
#3077=ORIENTED_EDGE('',*,*,#2338,.F.);
#3078=ORIENTED_EDGE('',*,*,#2291,.F.);
#3079=ORIENTED_EDGE('',*,*,#2339,.F.);
#3080=ORIENTED_EDGE('',*,*,#2323,.F.);
#3081=ORIENTED_EDGE('',*,*,#2258,.F.);
#3082=ORIENTED_EDGE('',*,*,#2340,.T.);
#3083=ORIENTED_EDGE('',*,*,#2341,.T.);
#3084=ORIENTED_EDGE('',*,*,#2342,.T.);
#3085=ORIENTED_EDGE('',*,*,#2343,.T.);
#3086=ORIENTED_EDGE('',*,*,#2344,.T.);
#3087=ORIENTED_EDGE('',*,*,#2345,.T.);
#3088=ORIENTED_EDGE('',*,*,#2346,.T.);
#3089=ORIENTED_EDGE('',*,*,#2347,.T.);
#3090=ORIENTED_EDGE('',*,*,#2348,.T.);
#3091=ORIENTED_EDGE('',*,*,#2349,.T.);
#3092=ORIENTED_EDGE('',*,*,#2350,.T.);
#3093=ORIENTED_EDGE('',*,*,#2351,.T.);
#3094=ORIENTED_EDGE('',*,*,#2271,.F.);
#3095=ORIENTED_EDGE('',*,*,#2324,.F.);
#3096=ORIENTED_EDGE('',*,*,#2339,.T.);
#3097=ORIENTED_EDGE('',*,*,#2290,.T.);
#3098=ORIENTED_EDGE('',*,*,#2269,.T.);
#3099=ORIENTED_EDGE('',*,*,#2352,.F.);
#3100=ORIENTED_EDGE('',*,*,#2340,.F.);
#3101=ORIENTED_EDGE('',*,*,#2257,.T.);
#3102=ORIENTED_EDGE('',*,*,#2353,.T.);
#3103=ORIENTED_EDGE('',*,*,#2354,.T.);
#3104=ORIENTED_EDGE('',*,*,#2355,.T.);
#3105=ORIENTED_EDGE('',*,*,#2356,.T.);
#3106=ORIENTED_EDGE('',*,*,#2357,.T.);
#3107=ORIENTED_EDGE('',*,*,#2358,.T.);
#3108=ORIENTED_EDGE('',*,*,#2268,.T.);
#3109=ORIENTED_EDGE('',*,*,#2359,.F.);
#3110=ORIENTED_EDGE('',*,*,#2341,.F.);
#3111=ORIENTED_EDGE('',*,*,#2352,.T.);
#3112=ORIENTED_EDGE('',*,*,#2267,.T.);
#3113=ORIENTED_EDGE('',*,*,#2360,.F.);
#3114=ORIENTED_EDGE('',*,*,#2342,.F.);
#3115=ORIENTED_EDGE('',*,*,#2359,.T.);
#3116=ORIENTED_EDGE('',*,*,#2232,.T.);
#3117=ORIENTED_EDGE('',*,*,#2235,.T.);
#3118=ORIENTED_EDGE('',*,*,#2238,.T.);
#3119=ORIENTED_EDGE('',*,*,#2249,.T.);
#3120=ORIENTED_EDGE('',*,*,#2246,.T.);
#3121=ORIENTED_EDGE('',*,*,#2243,.T.);
#3122=ORIENTED_EDGE('',*,*,#2252,.T.);
#3123=ORIENTED_EDGE('',*,*,#2253,.T.);
#3124=ORIENTED_EDGE('',*,*,#2361,.T.);
#3125=ORIENTED_EDGE('',*,*,#2362,.T.);
#3126=ORIENTED_EDGE('',*,*,#2363,.T.);
#3127=ORIENTED_EDGE('',*,*,#2364,.T.);
#3128=ORIENTED_EDGE('',*,*,#2365,.T.);
#3129=ORIENTED_EDGE('',*,*,#2366,.T.);
#3130=ORIENTED_EDGE('',*,*,#2367,.T.);
#3131=ORIENTED_EDGE('',*,*,#2368,.T.);
#3132=ORIENTED_EDGE('',*,*,#2369,.T.);
#3133=ORIENTED_EDGE('',*,*,#2370,.T.);
#3134=ORIENTED_EDGE('',*,*,#2371,.T.);
#3135=ORIENTED_EDGE('',*,*,#2372,.T.);
#3136=ORIENTED_EDGE('',*,*,#2373,.T.);
#3137=ORIENTED_EDGE('',*,*,#2374,.T.);
#3138=ORIENTED_EDGE('',*,*,#2375,.T.);
#3139=ORIENTED_EDGE('',*,*,#2376,.T.);
#3140=ORIENTED_EDGE('',*,*,#2377,.T.);
#3141=ORIENTED_EDGE('',*,*,#2378,.T.);
#3142=ORIENTED_EDGE('',*,*,#2379,.T.);
#3143=ORIENTED_EDGE('',*,*,#2380,.T.);
#3144=ORIENTED_EDGE('',*,*,#2381,.T.);
#3145=ORIENTED_EDGE('',*,*,#2382,.T.);
#3146=ORIENTED_EDGE('',*,*,#2383,.T.);
#3147=ORIENTED_EDGE('',*,*,#2384,.T.);
#3148=ORIENTED_EDGE('',*,*,#2385,.T.);
#3149=ORIENTED_EDGE('',*,*,#2386,.T.);
#3150=ORIENTED_EDGE('',*,*,#2387,.T.);
#3151=ORIENTED_EDGE('',*,*,#2388,.T.);
#3152=ORIENTED_EDGE('',*,*,#2287,.T.);
#3153=ORIENTED_EDGE('',*,*,#2286,.T.);
#3154=ORIENTED_EDGE('',*,*,#2389,.T.);
#3155=ORIENTED_EDGE('',*,*,#2390,.T.);
#3156=ORIENTED_EDGE('',*,*,#2266,.T.);
#3157=ORIENTED_EDGE('',*,*,#2391,.F.);
#3158=ORIENTED_EDGE('',*,*,#2343,.F.);
#3159=ORIENTED_EDGE('',*,*,#2360,.T.);
#3160=ORIENTED_EDGE('',*,*,#2265,.T.);
#3161=ORIENTED_EDGE('',*,*,#2392,.F.);
#3162=ORIENTED_EDGE('',*,*,#2344,.F.);
#3163=ORIENTED_EDGE('',*,*,#2391,.T.);
#3164=ORIENTED_EDGE('',*,*,#2264,.T.);
#3165=ORIENTED_EDGE('',*,*,#2393,.F.);
#3166=ORIENTED_EDGE('',*,*,#2345,.F.);
#3167=ORIENTED_EDGE('',*,*,#2392,.T.);
#3168=ORIENTED_EDGE('',*,*,#2263,.T.);
#3169=ORIENTED_EDGE('',*,*,#2394,.F.);
#3170=ORIENTED_EDGE('',*,*,#2346,.F.);
#3171=ORIENTED_EDGE('',*,*,#2393,.T.);
#3172=ORIENTED_EDGE('',*,*,#2178,.T.);
#3173=ORIENTED_EDGE('',*,*,#2181,.T.);
#3174=ORIENTED_EDGE('',*,*,#2184,.T.);
#3175=ORIENTED_EDGE('',*,*,#2187,.T.);
#3176=ORIENTED_EDGE('',*,*,#2190,.T.);
#3177=ORIENTED_EDGE('',*,*,#2193,.T.);
#3178=ORIENTED_EDGE('',*,*,#2196,.T.);
#3179=ORIENTED_EDGE('',*,*,#2199,.T.);
#3180=ORIENTED_EDGE('',*,*,#2202,.T.);
#3181=ORIENTED_EDGE('',*,*,#2205,.T.);
#3182=ORIENTED_EDGE('',*,*,#2208,.T.);
#3183=ORIENTED_EDGE('',*,*,#2211,.T.);
#3184=ORIENTED_EDGE('',*,*,#2262,.T.);
#3185=ORIENTED_EDGE('',*,*,#2395,.F.);
#3186=ORIENTED_EDGE('',*,*,#2347,.F.);
#3187=ORIENTED_EDGE('',*,*,#2394,.T.);
#3188=ORIENTED_EDGE('',*,*,#2261,.T.);
#3189=ORIENTED_EDGE('',*,*,#2396,.F.);
#3190=ORIENTED_EDGE('',*,*,#2348,.F.);
#3191=ORIENTED_EDGE('',*,*,#2395,.T.);
#3192=ORIENTED_EDGE('',*,*,#2214,.T.);
#3193=ORIENTED_EDGE('',*,*,#2217,.T.);
#3194=ORIENTED_EDGE('',*,*,#2220,.T.);
#3195=ORIENTED_EDGE('',*,*,#2223,.T.);
#3196=ORIENTED_EDGE('',*,*,#2226,.T.);
#3197=ORIENTED_EDGE('',*,*,#2229,.T.);
#3198=ORIENTED_EDGE('',*,*,#2260,.T.);
#3199=ORIENTED_EDGE('',*,*,#2397,.F.);
#3200=ORIENTED_EDGE('',*,*,#2349,.F.);
#3201=ORIENTED_EDGE('',*,*,#2396,.T.);
#3202=ORIENTED_EDGE('',*,*,#2282,.T.);
#3203=ORIENTED_EDGE('',*,*,#2398,.F.);
#3204=ORIENTED_EDGE('',*,*,#2350,.F.);
#3205=ORIENTED_EDGE('',*,*,#2397,.T.);
#3206=ORIENTED_EDGE('',*,*,#2399,.T.);
#3207=ORIENTED_EDGE('',*,*,#2400,.T.);
#3208=ORIENTED_EDGE('',*,*,#2401,.T.);
#3209=ORIENTED_EDGE('',*,*,#2402,.T.);
#3210=ORIENTED_EDGE('',*,*,#2403,.T.);
#3211=ORIENTED_EDGE('',*,*,#2404,.T.);
#3212=ORIENTED_EDGE('',*,*,#2351,.F.);
#3213=ORIENTED_EDGE('',*,*,#2398,.T.);
#3214=ORIENTED_EDGE('',*,*,#2281,.T.);
#3215=ORIENTED_EDGE('',*,*,#2405,.F.);
#3216=ORIENTED_EDGE('',*,*,#2280,.F.);
#3217=ORIENTED_EDGE('',*,*,#2406,.F.);
#3218=ORIENTED_EDGE('',*,*,#2331,.T.);
#3219=ORIENTED_EDGE('',*,*,#2405,.T.);
#3220=ORIENTED_EDGE('',*,*,#2407,.F.);
#3221=ORIENTED_EDGE('',*,*,#2408,.F.);
#3222=ORIENTED_EDGE('',*,*,#2409,.F.);
#3223=ORIENTED_EDGE('',*,*,#2410,.F.);
#3224=ORIENTED_EDGE('',*,*,#2411,.F.);
#3225=ORIENTED_EDGE('',*,*,#2412,.F.);
#3226=ORIENTED_EDGE('',*,*,#2279,.F.);
#3227=ORIENTED_EDGE('',*,*,#2413,.F.);
#3228=ORIENTED_EDGE('',*,*,#2332,.T.);
#3229=ORIENTED_EDGE('',*,*,#2406,.T.);
#3230=ORIENTED_EDGE('',*,*,#2278,.F.);
#3231=ORIENTED_EDGE('',*,*,#2414,.F.);
#3232=ORIENTED_EDGE('',*,*,#2333,.T.);
#3233=ORIENTED_EDGE('',*,*,#2413,.T.);
#3234=ORIENTED_EDGE('',*,*,#2216,.T.);
#3235=ORIENTED_EDGE('',*,*,#2219,.T.);
#3236=ORIENTED_EDGE('',*,*,#2222,.T.);
#3237=ORIENTED_EDGE('',*,*,#2225,.T.);
#3238=ORIENTED_EDGE('',*,*,#2228,.T.);
#3239=ORIENTED_EDGE('',*,*,#2231,.T.);
#3240=ORIENTED_EDGE('',*,*,#2277,.F.);
#3241=ORIENTED_EDGE('',*,*,#2415,.F.);
#3242=ORIENTED_EDGE('',*,*,#2334,.T.);
#3243=ORIENTED_EDGE('',*,*,#2414,.T.);
#3244=ORIENTED_EDGE('',*,*,#2276,.F.);
#3245=ORIENTED_EDGE('',*,*,#2416,.F.);
#3246=ORIENTED_EDGE('',*,*,#2335,.T.);
#3247=ORIENTED_EDGE('',*,*,#2415,.T.);
#3248=ORIENTED_EDGE('',*,*,#2180,.T.);
#3249=ORIENTED_EDGE('',*,*,#2183,.T.);
#3250=ORIENTED_EDGE('',*,*,#2186,.T.);
#3251=ORIENTED_EDGE('',*,*,#2189,.T.);
#3252=ORIENTED_EDGE('',*,*,#2192,.T.);
#3253=ORIENTED_EDGE('',*,*,#2195,.T.);
#3254=ORIENTED_EDGE('',*,*,#2198,.T.);
#3255=ORIENTED_EDGE('',*,*,#2201,.T.);
#3256=ORIENTED_EDGE('',*,*,#2204,.T.);
#3257=ORIENTED_EDGE('',*,*,#2207,.T.);
#3258=ORIENTED_EDGE('',*,*,#2210,.T.);
#3259=ORIENTED_EDGE('',*,*,#2213,.T.);
#3260=ORIENTED_EDGE('',*,*,#2275,.F.);
#3261=ORIENTED_EDGE('',*,*,#2417,.F.);
#3262=ORIENTED_EDGE('',*,*,#2336,.T.);
#3263=ORIENTED_EDGE('',*,*,#2416,.T.);
#3264=ORIENTED_EDGE('',*,*,#2274,.F.);
#3265=ORIENTED_EDGE('',*,*,#2418,.F.);
#3266=ORIENTED_EDGE('',*,*,#2337,.T.);
#3267=ORIENTED_EDGE('',*,*,#2417,.T.);
#3268=ORIENTED_EDGE('',*,*,#2273,.F.);
#3269=ORIENTED_EDGE('',*,*,#2292,.F.);
#3270=ORIENTED_EDGE('',*,*,#2338,.T.);
#3271=ORIENTED_EDGE('',*,*,#2418,.T.);
#3272=ORIENTED_EDGE('',*,*,#2419,.T.);
#3273=ORIENTED_EDGE('',*,*,#2317,.T.);
#3274=ORIENTED_EDGE('',*,*,#2420,.F.);
#3275=ORIENTED_EDGE('',*,*,#2386,.F.);
#3276=ORIENTED_EDGE('',*,*,#2411,.T.);
#3277=ORIENTED_EDGE('',*,*,#2421,.T.);
#3278=ORIENTED_EDGE('',*,*,#2403,.F.);
#3279=ORIENTED_EDGE('',*,*,#2421,.F.);
#3280=ORIENTED_EDGE('',*,*,#2329,.T.);
#3281=ORIENTED_EDGE('',*,*,#2422,.T.);
#3282=ORIENTED_EDGE('',*,*,#2357,.F.);
#3283=ORIENTED_EDGE('',*,*,#2422,.F.);
#3284=ORIENTED_EDGE('',*,*,#2328,.T.);
#3285=ORIENTED_EDGE('',*,*,#2423,.T.);
#3286=ORIENTED_EDGE('',*,*,#2356,.F.);
#3287=ORIENTED_EDGE('',*,*,#2423,.F.);
#3288=ORIENTED_EDGE('',*,*,#2424,.T.);
#3289=ORIENTED_EDGE('',*,*,#2321,.T.);
#3290=ORIENTED_EDGE('',*,*,#2288,.F.);
#3291=ORIENTED_EDGE('',*,*,#2390,.F.);
#3292=ORIENTED_EDGE('',*,*,#2285,.T.);
#3293=ORIENTED_EDGE('',*,*,#2322,.T.);
#3294=ORIENTED_EDGE('',*,*,#2424,.F.);
#3295=ORIENTED_EDGE('',*,*,#2389,.F.);
#3296=ORIENTED_EDGE('',*,*,#2361,.F.);
#3297=ORIENTED_EDGE('',*,*,#2425,.T.);
#3298=ORIENTED_EDGE('',*,*,#2294,.T.);
#3299=ORIENTED_EDGE('',*,*,#2426,.F.);
#3300=ORIENTED_EDGE('',*,*,#2427,.T.);
#3301=ORIENTED_EDGE('',*,*,#2295,.T.);
#3302=ORIENTED_EDGE('',*,*,#2425,.F.);
#3303=ORIENTED_EDGE('',*,*,#2364,.F.);
#3304=ORIENTED_EDGE('',*,*,#2428,.T.);
#3305=ORIENTED_EDGE('',*,*,#2296,.T.);
#3306=ORIENTED_EDGE('',*,*,#2427,.F.);
#3307=ORIENTED_EDGE('',*,*,#2363,.F.);
#3308=ORIENTED_EDGE('',*,*,#2426,.T.);
#3309=ORIENTED_EDGE('',*,*,#2293,.T.);
#3310=ORIENTED_EDGE('',*,*,#2428,.F.);
#3311=ORIENTED_EDGE('',*,*,#2362,.F.);
#3312=ORIENTED_EDGE('',*,*,#2365,.F.);
#3313=ORIENTED_EDGE('',*,*,#2429,.T.);
#3314=ORIENTED_EDGE('',*,*,#2298,.T.);
#3315=ORIENTED_EDGE('',*,*,#2430,.F.);
#3316=ORIENTED_EDGE('',*,*,#2431,.T.);
#3317=ORIENTED_EDGE('',*,*,#2299,.T.);
#3318=ORIENTED_EDGE('',*,*,#2429,.F.);
#3319=ORIENTED_EDGE('',*,*,#2368,.F.);
#3320=ORIENTED_EDGE('',*,*,#2432,.T.);
#3321=ORIENTED_EDGE('',*,*,#2300,.T.);
#3322=ORIENTED_EDGE('',*,*,#2431,.F.);
#3323=ORIENTED_EDGE('',*,*,#2367,.F.);
#3324=ORIENTED_EDGE('',*,*,#2430,.T.);
#3325=ORIENTED_EDGE('',*,*,#2297,.T.);
#3326=ORIENTED_EDGE('',*,*,#2432,.F.);
#3327=ORIENTED_EDGE('',*,*,#2366,.F.);
#3328=ORIENTED_EDGE('',*,*,#2369,.F.);
#3329=ORIENTED_EDGE('',*,*,#2433,.T.);
#3330=ORIENTED_EDGE('',*,*,#2302,.T.);
#3331=ORIENTED_EDGE('',*,*,#2434,.F.);
#3332=ORIENTED_EDGE('',*,*,#2435,.T.);
#3333=ORIENTED_EDGE('',*,*,#2303,.T.);
#3334=ORIENTED_EDGE('',*,*,#2433,.F.);
#3335=ORIENTED_EDGE('',*,*,#2372,.F.);
#3336=ORIENTED_EDGE('',*,*,#2436,.T.);
#3337=ORIENTED_EDGE('',*,*,#2304,.T.);
#3338=ORIENTED_EDGE('',*,*,#2435,.F.);
#3339=ORIENTED_EDGE('',*,*,#2371,.F.);
#3340=ORIENTED_EDGE('',*,*,#2434,.T.);
#3341=ORIENTED_EDGE('',*,*,#2301,.T.);
#3342=ORIENTED_EDGE('',*,*,#2436,.F.);
#3343=ORIENTED_EDGE('',*,*,#2370,.F.);
#3344=ORIENTED_EDGE('',*,*,#2373,.F.);
#3345=ORIENTED_EDGE('',*,*,#2437,.T.);
#3346=ORIENTED_EDGE('',*,*,#2306,.T.);
#3347=ORIENTED_EDGE('',*,*,#2438,.F.);
#3348=ORIENTED_EDGE('',*,*,#2439,.T.);
#3349=ORIENTED_EDGE('',*,*,#2307,.T.);
#3350=ORIENTED_EDGE('',*,*,#2437,.F.);
#3351=ORIENTED_EDGE('',*,*,#2376,.F.);
#3352=ORIENTED_EDGE('',*,*,#2440,.T.);
#3353=ORIENTED_EDGE('',*,*,#2308,.T.);
#3354=ORIENTED_EDGE('',*,*,#2439,.F.);
#3355=ORIENTED_EDGE('',*,*,#2375,.F.);
#3356=ORIENTED_EDGE('',*,*,#2438,.T.);
#3357=ORIENTED_EDGE('',*,*,#2305,.T.);
#3358=ORIENTED_EDGE('',*,*,#2440,.F.);
#3359=ORIENTED_EDGE('',*,*,#2374,.F.);
#3360=ORIENTED_EDGE('',*,*,#2377,.F.);
#3361=ORIENTED_EDGE('',*,*,#2441,.T.);
#3362=ORIENTED_EDGE('',*,*,#2310,.T.);
#3363=ORIENTED_EDGE('',*,*,#2442,.F.);
#3364=ORIENTED_EDGE('',*,*,#2443,.T.);
#3365=ORIENTED_EDGE('',*,*,#2311,.T.);
#3366=ORIENTED_EDGE('',*,*,#2441,.F.);
#3367=ORIENTED_EDGE('',*,*,#2380,.F.);
#3368=ORIENTED_EDGE('',*,*,#2444,.T.);
#3369=ORIENTED_EDGE('',*,*,#2312,.T.);
#3370=ORIENTED_EDGE('',*,*,#2443,.F.);
#3371=ORIENTED_EDGE('',*,*,#2379,.F.);
#3372=ORIENTED_EDGE('',*,*,#2442,.T.);
#3373=ORIENTED_EDGE('',*,*,#2309,.T.);
#3374=ORIENTED_EDGE('',*,*,#2444,.F.);
#3375=ORIENTED_EDGE('',*,*,#2378,.F.);
#3376=ORIENTED_EDGE('',*,*,#2381,.F.);
#3377=ORIENTED_EDGE('',*,*,#2445,.T.);
#3378=ORIENTED_EDGE('',*,*,#2314,.T.);
#3379=ORIENTED_EDGE('',*,*,#2446,.F.);
#3380=ORIENTED_EDGE('',*,*,#2447,.T.);
#3381=ORIENTED_EDGE('',*,*,#2315,.T.);
#3382=ORIENTED_EDGE('',*,*,#2445,.F.);
#3383=ORIENTED_EDGE('',*,*,#2384,.F.);
#3384=ORIENTED_EDGE('',*,*,#2448,.T.);
#3385=ORIENTED_EDGE('',*,*,#2316,.T.);
#3386=ORIENTED_EDGE('',*,*,#2447,.F.);
#3387=ORIENTED_EDGE('',*,*,#2383,.F.);
#3388=ORIENTED_EDGE('',*,*,#2446,.T.);
#3389=ORIENTED_EDGE('',*,*,#2313,.T.);
#3390=ORIENTED_EDGE('',*,*,#2448,.F.);
#3391=ORIENTED_EDGE('',*,*,#2382,.F.);
#3392=ORIENTED_EDGE('',*,*,#2385,.F.);
#3393=ORIENTED_EDGE('',*,*,#2449,.T.);
#3394=ORIENTED_EDGE('',*,*,#2318,.T.);
#3395=ORIENTED_EDGE('',*,*,#2419,.F.);
#3396=ORIENTED_EDGE('',*,*,#2450,.T.);
#3397=ORIENTED_EDGE('',*,*,#2319,.T.);
#3398=ORIENTED_EDGE('',*,*,#2449,.F.);
#3399=ORIENTED_EDGE('',*,*,#2388,.F.);
#3400=ORIENTED_EDGE('',*,*,#2420,.T.);
#3401=ORIENTED_EDGE('',*,*,#2320,.T.);
#3402=ORIENTED_EDGE('',*,*,#2450,.F.);
#3403=ORIENTED_EDGE('',*,*,#2387,.F.);
#3404=ORIENTED_EDGE('',*,*,#2410,.T.);
#3405=ORIENTED_EDGE('',*,*,#2451,.T.);
#3406=ORIENTED_EDGE('',*,*,#2402,.F.);
#3407=ORIENTED_EDGE('',*,*,#2451,.F.);
#3408=ORIENTED_EDGE('',*,*,#2409,.T.);
#3409=ORIENTED_EDGE('',*,*,#2452,.T.);
#3410=ORIENTED_EDGE('',*,*,#2401,.F.);
#3411=ORIENTED_EDGE('',*,*,#2452,.F.);
#3412=ORIENTED_EDGE('',*,*,#2408,.T.);
#3413=ORIENTED_EDGE('',*,*,#2453,.T.);
#3414=ORIENTED_EDGE('',*,*,#2400,.F.);
#3415=ORIENTED_EDGE('',*,*,#2453,.F.);
#3416=ORIENTED_EDGE('',*,*,#2407,.T.);
#3417=ORIENTED_EDGE('',*,*,#2454,.T.);
#3418=ORIENTED_EDGE('',*,*,#2399,.F.);
#3419=ORIENTED_EDGE('',*,*,#2454,.F.);
#3420=ORIENTED_EDGE('',*,*,#2327,.T.);
#3421=ORIENTED_EDGE('',*,*,#2455,.T.);
#3422=ORIENTED_EDGE('',*,*,#2355,.F.);
#3423=ORIENTED_EDGE('',*,*,#2455,.F.);
#3424=ORIENTED_EDGE('',*,*,#2326,.T.);
#3425=ORIENTED_EDGE('',*,*,#2456,.T.);
#3426=ORIENTED_EDGE('',*,*,#2354,.F.);
#3427=ORIENTED_EDGE('',*,*,#2456,.F.);
#3428=ORIENTED_EDGE('',*,*,#2325,.T.);
#3429=ORIENTED_EDGE('',*,*,#2457,.T.);
#3430=ORIENTED_EDGE('',*,*,#2353,.F.);
#3431=ORIENTED_EDGE('',*,*,#2457,.F.);
#3432=ORIENTED_EDGE('',*,*,#2330,.T.);
#3433=ORIENTED_EDGE('',*,*,#2458,.T.);
#3434=ORIENTED_EDGE('',*,*,#2358,.F.);
#3435=ORIENTED_EDGE('',*,*,#2458,.F.);
#3436=ORIENTED_EDGE('',*,*,#2412,.T.);
#3437=ORIENTED_EDGE('',*,*,#2459,.T.);
#3438=ORIENTED_EDGE('',*,*,#2404,.F.);
#3439=ORIENTED_EDGE('',*,*,#2459,.F.);
#3440=ORIENTED_EDGE('',*,*,#2460,.F.);
#3441=ORIENTED_EDGE('',*,*,#2461,.T.);
#3442=ORIENTED_EDGE('',*,*,#2462,.T.);
#3443=ORIENTED_EDGE('',*,*,#2463,.F.);
#3444=ORIENTED_EDGE('',*,*,#2464,.F.);
#3445=ORIENTED_EDGE('',*,*,#2463,.T.);
#3446=ORIENTED_EDGE('',*,*,#2465,.T.);
#3447=ORIENTED_EDGE('',*,*,#2466,.F.);
#3448=ORIENTED_EDGE('',*,*,#2467,.F.);
#3449=ORIENTED_EDGE('',*,*,#2466,.T.);
#3450=ORIENTED_EDGE('',*,*,#2468,.T.);
#3451=ORIENTED_EDGE('',*,*,#2469,.F.);
#3452=ORIENTED_EDGE('',*,*,#2470,.F.);
#3453=ORIENTED_EDGE('',*,*,#2469,.T.);
#3454=ORIENTED_EDGE('',*,*,#2471,.T.);
#3455=ORIENTED_EDGE('',*,*,#2472,.F.);
#3456=ORIENTED_EDGE('',*,*,#2473,.F.);
#3457=ORIENTED_EDGE('',*,*,#2472,.T.);
#3458=ORIENTED_EDGE('',*,*,#2474,.T.);
#3459=ORIENTED_EDGE('',*,*,#2475,.F.);
#3460=ORIENTED_EDGE('',*,*,#2476,.F.);
#3461=ORIENTED_EDGE('',*,*,#2475,.T.);
#3462=ORIENTED_EDGE('',*,*,#2477,.T.);
#3463=ORIENTED_EDGE('',*,*,#2478,.F.);
#3464=ORIENTED_EDGE('',*,*,#2479,.F.);
#3465=ORIENTED_EDGE('',*,*,#2480,.T.);
#3466=ORIENTED_EDGE('',*,*,#2481,.T.);
#3467=ORIENTED_EDGE('',*,*,#2461,.F.);
#3468=ORIENTED_EDGE('',*,*,#2482,.F.);
#3469=ORIENTED_EDGE('',*,*,#2483,.T.);
#3470=ORIENTED_EDGE('',*,*,#2484,.T.);
#3471=ORIENTED_EDGE('',*,*,#2480,.F.);
#3472=ORIENTED_EDGE('',*,*,#2485,.F.);
#3473=ORIENTED_EDGE('',*,*,#2486,.T.);
#3474=ORIENTED_EDGE('',*,*,#2487,.T.);
#3475=ORIENTED_EDGE('',*,*,#2483,.F.);
#3476=ORIENTED_EDGE('',*,*,#2488,.F.);
#3477=ORIENTED_EDGE('',*,*,#2489,.T.);
#3478=ORIENTED_EDGE('',*,*,#2490,.T.);
#3479=ORIENTED_EDGE('',*,*,#2486,.F.);
#3480=ORIENTED_EDGE('',*,*,#2491,.F.);
#3481=ORIENTED_EDGE('',*,*,#2492,.T.);
#3482=ORIENTED_EDGE('',*,*,#2493,.T.);
#3483=ORIENTED_EDGE('',*,*,#2489,.F.);
#3484=ORIENTED_EDGE('',*,*,#2494,.F.);
#3485=ORIENTED_EDGE('',*,*,#2495,.T.);
#3486=ORIENTED_EDGE('',*,*,#2496,.T.);
#3487=ORIENTED_EDGE('',*,*,#2492,.F.);
#3488=ORIENTED_EDGE('',*,*,#2497,.F.);
#3489=ORIENTED_EDGE('',*,*,#2498,.T.);
#3490=ORIENTED_EDGE('',*,*,#2499,.T.);
#3491=ORIENTED_EDGE('',*,*,#2495,.F.);
#3492=ORIENTED_EDGE('',*,*,#2500,.F.);
#3493=ORIENTED_EDGE('',*,*,#2501,.T.);
#3494=ORIENTED_EDGE('',*,*,#2502,.T.);
#3495=ORIENTED_EDGE('',*,*,#2498,.F.);
#3496=ORIENTED_EDGE('',*,*,#2503,.F.);
#3497=ORIENTED_EDGE('',*,*,#2504,.T.);
#3498=ORIENTED_EDGE('',*,*,#2505,.T.);
#3499=ORIENTED_EDGE('',*,*,#2501,.F.);
#3500=ORIENTED_EDGE('',*,*,#2506,.F.);
#3501=ORIENTED_EDGE('',*,*,#2507,.T.);
#3502=ORIENTED_EDGE('',*,*,#2508,.T.);
#3503=ORIENTED_EDGE('',*,*,#2509,.F.);
#3504=ORIENTED_EDGE('',*,*,#2510,.F.);
#3505=ORIENTED_EDGE('',*,*,#2509,.T.);
#3506=ORIENTED_EDGE('',*,*,#2511,.T.);
#3507=ORIENTED_EDGE('',*,*,#2512,.F.);
#3508=ORIENTED_EDGE('',*,*,#2513,.F.);
#3509=ORIENTED_EDGE('',*,*,#2512,.T.);
#3510=ORIENTED_EDGE('',*,*,#2514,.T.);
#3511=ORIENTED_EDGE('',*,*,#2515,.F.);
#3512=ORIENTED_EDGE('',*,*,#2516,.F.);
#3513=ORIENTED_EDGE('',*,*,#2515,.T.);
#3514=ORIENTED_EDGE('',*,*,#2517,.T.);
#3515=ORIENTED_EDGE('',*,*,#2504,.F.);
#3516=ORIENTED_EDGE('',*,*,#2518,.F.);
#3517=ORIENTED_EDGE('',*,*,#2478,.T.);
#3518=ORIENTED_EDGE('',*,*,#2519,.T.);
#3519=ORIENTED_EDGE('',*,*,#2507,.F.);
#3520=ORIENTED_EDGE('',*,*,#2517,.F.);
#3521=ORIENTED_EDGE('',*,*,#2514,.F.);
#3522=ORIENTED_EDGE('',*,*,#2511,.F.);
#3523=ORIENTED_EDGE('',*,*,#2508,.F.);
#3524=ORIENTED_EDGE('',*,*,#2519,.F.);
#3525=ORIENTED_EDGE('',*,*,#2477,.F.);
#3526=ORIENTED_EDGE('',*,*,#2474,.F.);
#3527=ORIENTED_EDGE('',*,*,#2471,.F.);
#3528=ORIENTED_EDGE('',*,*,#2468,.F.);
#3529=ORIENTED_EDGE('',*,*,#2465,.F.);
#3530=ORIENTED_EDGE('',*,*,#2462,.F.);
#3531=ORIENTED_EDGE('',*,*,#2481,.F.);
#3532=ORIENTED_EDGE('',*,*,#2484,.F.);
#3533=ORIENTED_EDGE('',*,*,#2487,.F.);
#3534=ORIENTED_EDGE('',*,*,#2490,.F.);
#3535=ORIENTED_EDGE('',*,*,#2493,.F.);
#3536=ORIENTED_EDGE('',*,*,#2496,.F.);
#3537=ORIENTED_EDGE('',*,*,#2499,.F.);
#3538=ORIENTED_EDGE('',*,*,#2502,.F.);
#3539=ORIENTED_EDGE('',*,*,#2505,.F.);
#3540=ORIENTED_EDGE('',*,*,#2520,.F.);
#3541=ORIENTED_EDGE('',*,*,#2476,.T.);
#3542=ORIENTED_EDGE('',*,*,#2518,.T.);
#3543=ORIENTED_EDGE('',*,*,#2506,.T.);
#3544=ORIENTED_EDGE('',*,*,#2510,.T.);
#3545=ORIENTED_EDGE('',*,*,#2513,.T.);
#3546=ORIENTED_EDGE('',*,*,#2516,.T.);
#3547=ORIENTED_EDGE('',*,*,#2503,.T.);
#3548=ORIENTED_EDGE('',*,*,#2500,.T.);
#3549=ORIENTED_EDGE('',*,*,#2497,.T.);
#3550=ORIENTED_EDGE('',*,*,#2494,.T.);
#3551=ORIENTED_EDGE('',*,*,#2491,.T.);
#3552=ORIENTED_EDGE('',*,*,#2488,.T.);
#3553=ORIENTED_EDGE('',*,*,#2485,.T.);
#3554=ORIENTED_EDGE('',*,*,#2482,.T.);
#3555=ORIENTED_EDGE('',*,*,#2479,.T.);
#3556=ORIENTED_EDGE('',*,*,#2460,.T.);
#3557=ORIENTED_EDGE('',*,*,#2464,.T.);
#3558=ORIENTED_EDGE('',*,*,#2467,.T.);
#3559=ORIENTED_EDGE('',*,*,#2470,.T.);
#3560=ORIENTED_EDGE('',*,*,#2473,.T.);
#3561=ORIENTED_EDGE('',*,*,#2521,.F.);
#3562=ORIENTED_EDGE('',*,*,#2522,.T.);
#3563=ORIENTED_EDGE('',*,*,#2520,.T.);
#3564=ORIENTED_EDGE('',*,*,#2522,.F.);
#3565=ORIENTED_EDGE('',*,*,#2521,.T.);
#3566=ORIENTED_EDGE('',*,*,#2523,.F.);
#3567=ORIENTED_EDGE('',*,*,#2524,.F.);
#3568=ORIENTED_EDGE('',*,*,#2525,.T.);
#3569=ORIENTED_EDGE('',*,*,#2523,.T.);
#3570=ORIENTED_EDGE('',*,*,#2525,.F.);
#3571=ORIENTED_EDGE('',*,*,#2524,.T.);
#3572=ORIENTED_EDGE('',*,*,#2526,.T.);
#3573=ORIENTED_EDGE('',*,*,#2527,.F.);
#3574=ORIENTED_EDGE('',*,*,#2526,.F.);
#3575=ORIENTED_EDGE('',*,*,#2527,.T.);
#3576=ORIENTED_EDGE('',*,*,#2528,.T.);
#3577=ORIENTED_EDGE('',*,*,#2529,.F.);
#3578=ORIENTED_EDGE('',*,*,#2530,.F.);
#3579=ORIENTED_EDGE('',*,*,#2531,.T.);
#3580=ORIENTED_EDGE('',*,*,#2532,.T.);
#3581=ORIENTED_EDGE('',*,*,#2533,.F.);
#3582=ORIENTED_EDGE('',*,*,#2534,.F.);
#3583=ORIENTED_EDGE('',*,*,#2529,.T.);
#3584=ORIENTED_EDGE('',*,*,#2535,.T.);
#3585=ORIENTED_EDGE('',*,*,#2536,.F.);
#3586=ORIENTED_EDGE('',*,*,#2537,.F.);
#3587=ORIENTED_EDGE('',*,*,#2533,.T.);
#3588=ORIENTED_EDGE('',*,*,#2538,.T.);
#3589=ORIENTED_EDGE('',*,*,#2531,.F.);
#3590=ORIENTED_EDGE('',*,*,#2539,.F.);
#3591=ORIENTED_EDGE('',*,*,#2536,.T.);
#3592=ORIENTED_EDGE('',*,*,#2528,.F.);
#3593=ORIENTED_EDGE('',*,*,#2538,.F.);
#3594=ORIENTED_EDGE('',*,*,#2535,.F.);
#3595=ORIENTED_EDGE('',*,*,#2532,.F.);
#3596=ORIENTED_EDGE('',*,*,#2540,.T.);
#3597=ORIENTED_EDGE('',*,*,#2541,.F.);
#3598=ORIENTED_EDGE('',*,*,#2542,.F.);
#3599=ORIENTED_EDGE('',*,*,#2543,.T.);
#3600=ORIENTED_EDGE('',*,*,#2544,.T.);
#3601=ORIENTED_EDGE('',*,*,#2545,.F.);
#3602=ORIENTED_EDGE('',*,*,#2546,.F.);
#3603=ORIENTED_EDGE('',*,*,#2541,.T.);
#3604=ORIENTED_EDGE('',*,*,#2547,.T.);
#3605=ORIENTED_EDGE('',*,*,#2548,.F.);
#3606=ORIENTED_EDGE('',*,*,#2549,.F.);
#3607=ORIENTED_EDGE('',*,*,#2545,.T.);
#3608=ORIENTED_EDGE('',*,*,#2550,.T.);
#3609=ORIENTED_EDGE('',*,*,#2543,.F.);
#3610=ORIENTED_EDGE('',*,*,#2551,.F.);
#3611=ORIENTED_EDGE('',*,*,#2548,.T.);
#3612=ORIENTED_EDGE('',*,*,#2540,.F.);
#3613=ORIENTED_EDGE('',*,*,#2550,.F.);
#3614=ORIENTED_EDGE('',*,*,#2547,.F.);
#3615=ORIENTED_EDGE('',*,*,#2544,.F.);
#3616=ORIENTED_EDGE('',*,*,#2530,.T.);
#3617=ORIENTED_EDGE('',*,*,#2534,.T.);
#3618=ORIENTED_EDGE('',*,*,#2537,.T.);
#3619=ORIENTED_EDGE('',*,*,#2539,.T.);
#3620=ORIENTED_EDGE('',*,*,#2551,.T.);
#3621=ORIENTED_EDGE('',*,*,#2542,.T.);
#3622=ORIENTED_EDGE('',*,*,#2546,.T.);
#3623=ORIENTED_EDGE('',*,*,#2549,.T.);
#3624=PLANE('',#3991);
#3625=PLANE('',#3995);
#3626=PLANE('',#3996);
#3627=PLANE('',#3997);
#3628=PLANE('',#4002);
#3629=PLANE('',#4004);
#3630=PLANE('',#4005);
#3631=PLANE('',#4006);
#3632=PLANE('',#4011);
#3633=PLANE('',#4018);
#3634=PLANE('',#4023);
#3635=PLANE('',#4025);
#3636=PLANE('',#4031);
#3637=PLANE('',#4035);
#3638=PLANE('',#4041);
#3639=PLANE('',#4042);
#3640=PLANE('',#4043);
#3641=PLANE('',#4044);
#3642=PLANE('',#4045);
#3643=PLANE('',#4046);
#3644=PLANE('',#4047);
#3645=PLANE('',#4048);
#3646=PLANE('',#4049);
#3647=PLANE('',#4050);
#3648=PLANE('',#4051);
#3649=PLANE('',#4052);
#3650=PLANE('',#4053);
#3651=PLANE('',#4054);
#3652=PLANE('',#4055);
#3653=PLANE('',#4056);
#3654=PLANE('',#4057);
#3655=PLANE('',#4058);
#3656=PLANE('',#4059);
#3657=PLANE('',#4060);
#3658=PLANE('',#4061);
#3659=PLANE('',#4062);
#3660=PLANE('',#4063);
#3661=PLANE('',#4064);
#3662=PLANE('',#4065);
#3663=PLANE('',#4066);
#3664=PLANE('',#4067);
#3665=PLANE('',#4068);
#3666=PLANE('',#4069);
#3667=PLANE('',#4070);
#3668=PLANE('',#4135);
#3669=PLANE('',#4136);
#3670=PLANE('',#4137);
#3671=PLANE('',#4138);
#3672=PLANE('',#4142);
#3673=PLANE('',#4143);
#3674=PLANE('',#4154);
#3675=PLANE('',#4155);
#3676=PLANE('',#4156);
#3677=PLANE('',#4157);
#3678=PLANE('',#4164);
#3679=PLANE('',#4176);
#3680=PLANE('',#4184);
#3681=PLANE('',#4186);
#3682=PLANE('',#4188);
#3683=PLANE('',#4190);
#3684=PLANE('',#4192);
#3685=PLANE('',#4199);
#3686=PLANE('',#4200);
#3687=PLANE('',#4208);
#3688=PLANE('',#4210);
#3689=PLANE('',#4212);
#3690=PLANE('',#4214);
#3691=PLANE('',#4218);
#3692=PLANE('',#4219);
#3693=PLANE('',#4220);
#3694=PLANE('',#4221);
#3695=PLANE('',#4222);
#3696=PLANE('',#4223);
#3697=PLANE('',#4224);
#3698=PLANE('',#4225);
#3699=PLANE('',#4226);
#3700=PLANE('',#4227);
#3701=PLANE('',#4228);
#3702=PLANE('',#4229);
#3703=PLANE('',#4230);
#3704=PLANE('',#4231);
#3705=PLANE('',#4232);
#3706=PLANE('',#4233);
#3707=PLANE('',#4234);
#3708=PLANE('',#4235);
#3709=PLANE('',#4236);
#3710=PLANE('',#4237);
#3711=PLANE('',#4238);
#3712=PLANE('',#4239);
#3713=PLANE('',#4240);
#3714=PLANE('',#4241);
#3715=PLANE('',#4242);
#3716=PLANE('',#4243);
#3717=PLANE('',#4244);
#3718=PLANE('',#4245);
#3719=PLANE('',#4246);
#3720=PLANE('',#4257);
#3721=PLANE('',#4259);
#3722=PLANE('',#4261);
#3723=PLANE('',#4266);
#3724=PLANE('',#4268);
#3725=PLANE('',#4270);
#3726=PLANE('',#4275);
#3727=PLANE('',#4277);
#3728=PLANE('',#4279);
#3729=PLANE('',#4281);
#3730=PLANE('',#4286);
#3731=PLANE('',#4288);
#3732=PLANE('',#4290);
#3733=PLANE('',#4295);
#3734=PLANE('',#4297);
#3735=PLANE('',#4299);
#3736=PLANE('',#4301);
#3737=PLANE('',#4307);
#3738=PLANE('',#4313);
#3739=PLANE('',#4315);
#3740=PLANE('',#4316);
#3741=PLANE('',#4317);
#3742=PLANE('',#4318);
#3743=PLANE('',#4319);
#3744=PLANE('',#4320);
#3745=PLANE('',#4321);
#3746=PLANE('',#4322);
#3747=PLANE('',#4323);
#3748=PLANE('',#4324);
#3749=PLANE('',#4325);
#3750=ADVANCED_FACE('',(#394),#3624,.F.);
#3751=ADVANCED_FACE('',(#395),#337,.T.);
#3752=ADVANCED_FACE('',(#396),#3625,.F.);
#3753=ADVANCED_FACE('',(#397),#3626,.F.);
#3754=ADVANCED_FACE('',(#398,#82,#83,#84,#85,#86,#87,#88,#89,#90,#91,#92,
#93),#3627,.F.);
#3755=ADVANCED_FACE('',(#399),#3628,.F.);
#3756=ADVANCED_FACE('',(#400),#3629,.F.);
#3757=ADVANCED_FACE('',(#401),#3630,.T.);
#3758=ADVANCED_FACE('',(#402),#3631,.T.);
#3759=ADVANCED_FACE('',(#403),#3632,.F.);
#3760=ADVANCED_FACE('',(#404),#338,.T.);
#3761=ADVANCED_FACE('',(#405),#339,.T.);
#3762=ADVANCED_FACE('',(#406),#3633,.F.);
#3763=ADVANCED_FACE('',(#407),#340,.T.);
#3764=ADVANCED_FACE('',(#408),#3634,.T.);
#3765=ADVANCED_FACE('',(#409),#341,.F.);
#3766=ADVANCED_FACE('',(#410,#94,#95,#96,#97,#98,#99,#100,#101,#102,#103,
#104,#105),#3635,.T.);
#3767=ADVANCED_FACE('',(#411),#342,.F.);
#3768=ADVANCED_FACE('',(#412),#3636,.T.);
#3769=ADVANCED_FACE('',(#413),#343,.T.);
#3770=ADVANCED_FACE('',(#414),#3637,.F.);
#3771=ADVANCED_FACE('',(#415),#344,.T.);
#3772=ADVANCED_FACE('',(#416),#345,.F.);
#3773=ADVANCED_FACE('',(#417),#346,.F.);
#3774=ADVANCED_FACE('',(#418),#347,.F.);
#3775=ADVANCED_FACE('',(#419),#348,.F.);
#3776=ADVANCED_FACE('',(#420),#3638,.F.);
#3777=ADVANCED_FACE('',(#421),#3639,.F.);
#3778=ADVANCED_FACE('',(#422),#3640,.F.);
#3779=ADVANCED_FACE('',(#423),#3641,.F.);
#3780=ADVANCED_FACE('',(#424),#3642,.F.);
#3781=ADVANCED_FACE('',(#425),#3643,.F.);
#3782=ADVANCED_FACE('',(#426),#3644,.F.);
#3783=ADVANCED_FACE('',(#427),#3645,.F.);
#3784=ADVANCED_FACE('',(#428),#3646,.F.);
#3785=ADVANCED_FACE('',(#429),#3647,.F.);
#3786=ADVANCED_FACE('',(#430),#3648,.F.);
#3787=ADVANCED_FACE('',(#431),#3649,.F.);
#3788=ADVANCED_FACE('',(#432),#3650,.F.);
#3789=ADVANCED_FACE('',(#433),#3651,.F.);
#3790=ADVANCED_FACE('',(#434),#3652,.F.);
#3791=ADVANCED_FACE('',(#435),#3653,.F.);
#3792=ADVANCED_FACE('',(#436),#3654,.F.);
#3793=ADVANCED_FACE('',(#437),#3655,.F.);
#3794=ADVANCED_FACE('',(#438),#3656,.F.);
#3795=ADVANCED_FACE('',(#439),#3657,.F.);
#3796=ADVANCED_FACE('',(#440),#3658,.F.);
#3797=ADVANCED_FACE('',(#441),#3659,.F.);
#3798=ADVANCED_FACE('',(#442),#3660,.F.);
#3799=ADVANCED_FACE('',(#443),#3661,.F.);
#3800=ADVANCED_FACE('',(#444),#3662,.F.);
#3801=ADVANCED_FACE('',(#445),#3663,.F.);
#3802=ADVANCED_FACE('',(#446),#3664,.F.);
#3803=ADVANCED_FACE('',(#447),#3665,.F.);
#3804=ADVANCED_FACE('',(#448),#3666,.F.);
#3805=ADVANCED_FACE('',(#449),#3667,.F.);
#3806=ADVANCED_FACE('',(#450),#349,.F.);
#3807=ADVANCED_FACE('',(#451),#350,.F.);
#3808=ADVANCED_FACE('',(#452),#351,.F.);
#3809=ADVANCED_FACE('',(#453),#352,.F.);
#3810=ADVANCED_FACE('',(#454),#353,.F.);
#3811=ADVANCED_FACE('',(#455),#354,.F.);
#3812=ADVANCED_FACE('',(#456),#355,.F.);
#3813=ADVANCED_FACE('',(#457),#356,.F.);
#3814=ADVANCED_FACE('',(#458),#357,.F.);
#3815=ADVANCED_FACE('',(#459),#358,.F.);
#3816=ADVANCED_FACE('',(#460),#359,.F.);
#3817=ADVANCED_FACE('',(#461),#360,.F.);
#3818=ADVANCED_FACE('',(#462),#361,.F.);
#3819=ADVANCED_FACE('',(#463),#362,.F.);
#3820=ADVANCED_FACE('',(#464),#363,.F.);
#3821=ADVANCED_FACE('',(#465),#364,.F.);
#3822=ADVANCED_FACE('',(#466),#365,.F.);
#3823=ADVANCED_FACE('',(#467),#366,.F.);
#3824=ADVANCED_FACE('',(#468),#367,.F.);
#3825=ADVANCED_FACE('',(#469),#368,.F.);
#3826=ADVANCED_FACE('',(#470),#369,.F.);
#3827=ADVANCED_FACE('',(#471),#3668,.F.);
#3828=ADVANCED_FACE('',(#472),#3669,.F.);
#3829=ADVANCED_FACE('',(#473),#3670,.F.);
#3830=ADVANCED_FACE('',(#474),#3671,.F.);
#3831=ADVANCED_FACE('',(#475),#370,.F.);
#3832=ADVANCED_FACE('',(#476),#3672,.F.);
#3833=ADVANCED_FACE('',(#477),#3673,.T.);
#3834=ADVANCED_FACE('',(#478),#3674,.F.);
#3835=ADVANCED_FACE('',(#479),#3675,.F.);
#3836=ADVANCED_FACE('',(#480,#106,#107,#108,#109,#110,#111,#112,#113,#114,
#115,#116,#117,#118),#3676,.T.);
#3837=ADVANCED_FACE('',(#481,#119,#120,#121,#122,#123,#124),#3677,.T.);
#3838=ADVANCED_FACE('',(#482),#3678,.T.);
#3839=ADVANCED_FACE('',(#483),#371,.T.);
#3840=ADVANCED_FACE('',(#484,#125,#126,#127,#128,#129,#130),#3679,.F.);
#3841=ADVANCED_FACE('',(#485),#372,.F.);
#3842=ADVANCED_FACE('',(#486,#131,#132,#133,#134,#135,#136,#137,#138,#139,
#140,#141,#142,#143),#3680,.F.);
#3843=ADVANCED_FACE('',(#487),#373,.F.);
#3844=ADVANCED_FACE('',(#488),#3681,.F.);
#3845=ADVANCED_FACE('',(#489),#374,.F.);
#3846=ADVANCED_FACE('',(#490,#144,#145,#146,#147,#148,#149,#150,#151,#152,
#153,#154,#155),#3682,.F.);
#3847=ADVANCED_FACE('',(#491),#375,.F.);
#3848=ADVANCED_FACE('',(#492,#156,#157,#158,#159,#160,#161),#3683,.F.);
#3849=ADVANCED_FACE('',(#493),#376,.F.);
#3850=ADVANCED_FACE('',(#494,#162,#163,#164,#165,#166,#167),#3684,.F.);
#3851=ADVANCED_FACE('',(#495),#3685,.T.);
#3852=ADVANCED_FACE('',(#496,#168,#169,#170,#171,#172,#173),#3686,.T.);
#3853=ADVANCED_FACE('',(#497),#377,.T.);
#3854=ADVANCED_FACE('',(#498,#174,#175,#176,#177,#178,#179),#3687,.T.);
#3855=ADVANCED_FACE('',(#499),#378,.T.);
#3856=ADVANCED_FACE('',(#500,#180,#181,#182,#183,#184,#185,#186,#187,#188,
#189,#190,#191),#3688,.T.);
#3857=ADVANCED_FACE('',(#501),#379,.T.);
#3858=ADVANCED_FACE('',(#502),#3689,.T.);
#3859=ADVANCED_FACE('',(#503),#380,.T.);
#3860=ADVANCED_FACE('',(#504),#3690,.F.);
#3861=ADVANCED_FACE('',(#505),#381,.F.);
#3862=ADVANCED_FACE('',(#506),#382,.F.);
#3863=ADVANCED_FACE('',(#507),#383,.F.);
#3864=ADVANCED_FACE('',(#508),#3691,.F.);
#3865=ADVANCED_FACE('',(#509),#3692,.F.);
#3866=ADVANCED_FACE('',(#510),#3693,.F.);
#3867=ADVANCED_FACE('',(#511),#3694,.F.);
#3868=ADVANCED_FACE('',(#512),#3695,.F.);
#3869=ADVANCED_FACE('',(#513),#3696,.F.);
#3870=ADVANCED_FACE('',(#514),#3697,.F.);
#3871=ADVANCED_FACE('',(#515),#3698,.F.);
#3872=ADVANCED_FACE('',(#516),#3699,.F.);
#3873=ADVANCED_FACE('',(#517),#3700,.F.);
#3874=ADVANCED_FACE('',(#518),#3701,.F.);
#3875=ADVANCED_FACE('',(#519),#3702,.F.);
#3876=ADVANCED_FACE('',(#520),#3703,.F.);
#3877=ADVANCED_FACE('',(#521),#3704,.F.);
#3878=ADVANCED_FACE('',(#522),#3705,.F.);
#3879=ADVANCED_FACE('',(#523),#3706,.F.);
#3880=ADVANCED_FACE('',(#524),#3707,.F.);
#3881=ADVANCED_FACE('',(#525),#3708,.F.);
#3882=ADVANCED_FACE('',(#526),#3709,.F.);
#3883=ADVANCED_FACE('',(#527),#3710,.F.);
#3884=ADVANCED_FACE('',(#528),#3711,.F.);
#3885=ADVANCED_FACE('',(#529),#3712,.F.);
#3886=ADVANCED_FACE('',(#530),#3713,.F.);
#3887=ADVANCED_FACE('',(#531),#3714,.F.);
#3888=ADVANCED_FACE('',(#532),#3715,.F.);
#3889=ADVANCED_FACE('',(#533),#3716,.F.);
#3890=ADVANCED_FACE('',(#534),#3717,.F.);
#3891=ADVANCED_FACE('',(#535),#3718,.F.);
#3892=ADVANCED_FACE('',(#536),#3719,.F.);
#3893=ADVANCED_FACE('',(#537),#384,.F.);
#3894=ADVANCED_FACE('',(#538),#385,.F.);
#3895=ADVANCED_FACE('',(#539),#386,.F.);
#3896=ADVANCED_FACE('',(#540),#387,.F.);
#3897=ADVANCED_FACE('',(#541),#388,.F.);
#3898=ADVANCED_FACE('',(#542),#389,.F.);
#3899=ADVANCED_FACE('',(#543),#390,.F.);
#3900=ADVANCED_FACE('',(#544),#391,.F.);
#3901=ADVANCED_FACE('',(#545),#392,.F.);
#3902=ADVANCED_FACE('',(#546),#3720,.F.);
#3903=ADVANCED_FACE('',(#547),#3721,.F.);
#3904=ADVANCED_FACE('',(#548),#3722,.F.);
#3905=ADVANCED_FACE('',(#549),#53,.F.);
#3906=ADVANCED_FACE('',(#550),#3723,.F.);
#3907=ADVANCED_FACE('',(#551),#3724,.F.);
#3908=ADVANCED_FACE('',(#552),#3725,.F.);
#3909=ADVANCED_FACE('',(#553),#54,.F.);
#3910=ADVANCED_FACE('',(#554),#3726,.F.);
#3911=ADVANCED_FACE('',(#555),#3727,.F.);
#3912=ADVANCED_FACE('',(#556),#3728,.F.);
#3913=ADVANCED_FACE('',(#557),#3729,.F.);
#3914=ADVANCED_FACE('',(#558),#55,.F.);
#3915=ADVANCED_FACE('',(#559),#3730,.F.);
#3916=ADVANCED_FACE('',(#560),#3731,.F.);
#3917=ADVANCED_FACE('',(#561),#3732,.F.);
#3918=ADVANCED_FACE('',(#562),#56,.F.);
#3919=ADVANCED_FACE('',(#563),#3733,.F.);
#3920=ADVANCED_FACE('',(#564),#3734,.F.);
#3921=ADVANCED_FACE('',(#565),#3735,.F.);
#3922=ADVANCED_FACE('',(#566),#3736,.T.);
#3923=ADVANCED_FACE('',(#567,#192),#52,.T.);
#3924=ADVANCED_FACE('',(#568),#51,.T.);
#3925=ADVANCED_FACE('',(#569,#193),#3737,.T.);
#3926=ADVANCED_FACE('',(#570),#393,.T.);
#3927=ADVANCED_FACE('',(#571),#57,.T.);
#3928=ADVANCED_FACE('',(#572),#3738,.T.);
#3929=ADVANCED_FACE('',(#573),#3739,.T.);
#3930=ADVANCED_FACE('',(#574),#3740,.T.);
#3931=ADVANCED_FACE('',(#575),#3741,.T.);
#3932=ADVANCED_FACE('',(#576),#3742,.T.);
#3933=ADVANCED_FACE('',(#577),#3743,.F.);
#3934=ADVANCED_FACE('',(#578),#3744,.T.);
#3935=ADVANCED_FACE('',(#579),#3745,.T.);
#3936=ADVANCED_FACE('',(#580),#3746,.T.);
#3937=ADVANCED_FACE('',(#581),#3747,.T.);
#3938=ADVANCED_FACE('',(#582,#194),#3748,.T.);
#3939=ADVANCED_FACE('',(#583),#3749,.F.);
#3940=CLOSED_SHELL('',(#3750,#3751,#3752,#3753,#3754,#3755,#3756,#3757,
#3758,#3759,#3760,#3761,#3762,#3763,#3764,#3765,#3766,#3767,#3768,#3769,
#3770,#3771,#3772,#3773,#3774,#3775,#3776,#3777,#3778,#3779,#3780,#3781,
#3782,#3783,#3784,#3785,#3786,#3787,#3788,#3789,#3790,#3791,#3792,#3793,
#3794,#3795,#3796,#3797,#3798,#3799,#3800,#3801,#3802,#3803,#3804,#3805));
#3941=CLOSED_SHELL('',(#3806,#3807,#3808,#3809,#3810,#3811,#3812,#3813,
#3814,#3815,#3816,#3817,#3818,#3819,#3820,#3821,#3822,#3823,#3824,#3825,
#3826,#3827,#3828,#3829,#3830,#3831,#3832,#3833,#3834,#3835,#3836,#3837,
#3838,#3839,#3840,#3841,#3842,#3843,#3844,#3845,#3846,#3847,#3848,#3849,
#3850,#3851,#3852,#3853,#3854,#3855,#3856,#3857,#3858,#3859,#3860,#3861,
#3862,#3863,#3864,#3865,#3866,#3867,#3868,#3869,#3870,#3871,#3872,#3873,
#3874,#3875,#3876,#3877,#3878,#3879,#3880,#3881,#3882,#3883,#3884,#3885,
#3886,#3887,#3888,#3889,#3890,#3891,#3892,#3893,#3894,#3895,#3896,#3897,
#3898,#3899,#3900,#3901));
#3942=CLOSED_SHELL('',(#3902,#3903,#3904,#3905,#3906,#3907,#3908,#3909,
#3910,#3911,#3912,#3913,#3914,#3915,#3916,#3917,#3918,#3919,#3920,#3921,
#3922,#3923,#3924,#3925,#3926,#3927,#3928));
#3943=CLOSED_SHELL('',(#3929,#3930,#3931,#3932,#3933,#3934,#3935,#3936,
#3937,#3938,#3939));
#3944=DERIVED_UNIT_ELEMENT(#3952,1.);
#3945=DERIVED_UNIT_ELEMENT(#6543,-3.);
#3946=DERIVED_UNIT_ELEMENT(#3952,1.);
#3947=DERIVED_UNIT_ELEMENT(#6543,-3.);
#3948=DERIVED_UNIT_ELEMENT(#3952,1.);
#3949=DERIVED_UNIT_ELEMENT(#6543,-3.);
#3950=DERIVED_UNIT_ELEMENT(#3952,1.);
#3951=DERIVED_UNIT_ELEMENT(#6543,-3.);
#3952=(
MASS_UNIT()
NAMED_UNIT(*)
SI_UNIT(.KILO.,.GRAM.)
);
#3953=DERIVED_UNIT((#3944,#3945));
#3954=DERIVED_UNIT((#3946,#3947));
#3955=DERIVED_UNIT((#3948,#3949));
#3956=DERIVED_UNIT((#3950,#3951));
#3957=MEASURE_REPRESENTATION_ITEM('density measure',
POSITIVE_RATIO_MEASURE(1000.),#3953);
#3958=MEASURE_REPRESENTATION_ITEM('density measure',
POSITIVE_RATIO_MEASURE(1000.),#3954);
#3959=MEASURE_REPRESENTATION_ITEM('density measure',
POSITIVE_RATIO_MEASURE(1000.),#3955);
#3960=MEASURE_REPRESENTATION_ITEM('density measure',
POSITIVE_RATIO_MEASURE(1000.),#3956);
#3961=PROPERTY_DEFINITION_REPRESENTATION(#3981,#3969);
#3962=PROPERTY_DEFINITION_REPRESENTATION(#3982,#3970);
#3963=PROPERTY_DEFINITION_REPRESENTATION(#3983,#3971);
#3964=PROPERTY_DEFINITION_REPRESENTATION(#3984,#3972);
#3965=PROPERTY_DEFINITION_REPRESENTATION(#3985,#3973);
#3966=PROPERTY_DEFINITION_REPRESENTATION(#3986,#3974);
#3967=PROPERTY_DEFINITION_REPRESENTATION(#3987,#3975);
#3968=PROPERTY_DEFINITION_REPRESENTATION(#3988,#3976);
#3969=REPRESENTATION('material name',(#3977),#6537);
#3970=REPRESENTATION('density',(#3957),#6537);
#3971=REPRESENTATION('material name',(#3978),#6538);
#3972=REPRESENTATION('density',(#3958),#6538);
#3973=REPRESENTATION('material name',(#3979),#6539);
#3974=REPRESENTATION('density',(#3959),#6539);
#3975=REPRESENTATION('material name',(#3980),#6540);
#3976=REPRESENTATION('density',(#3960),#6540);
#3977=DESCRIPTIVE_REPRESENTATION_ITEM('Generic','Generic');
#3978=DESCRIPTIVE_REPRESENTATION_ITEM('Generic','Generic');
#3979=DESCRIPTIVE_REPRESENTATION_ITEM('Generic','Generic');
#3980=DESCRIPTIVE_REPRESENTATION_ITEM('Generic','Generic');
#3981=PROPERTY_DEFINITION('material property','material name',#6573);
#3982=PROPERTY_DEFINITION('material property','density of part',#6573);
#3983=PROPERTY_DEFINITION('material property','material name',#6574);
#3984=PROPERTY_DEFINITION('material property','density of part',#6574);
#3985=PROPERTY_DEFINITION('material property','material name',#6575);
#3986=PROPERTY_DEFINITION('material property','density of part',#6575);
#3987=PROPERTY_DEFINITION('material property','material name',#6576);
#3988=PROPERTY_DEFINITION('material property','density of part',#6576);
#3989=AXIS2_PLACEMENT_3D('',#5416,#4336,#4337);
#3990=AXIS2_PLACEMENT_3D('',#5417,#4338,#4339);
#3991=AXIS2_PLACEMENT_3D('',#5418,#4340,#4341);
#3992=AXIS2_PLACEMENT_3D('',#5427,#4346,#4347);
#3993=AXIS2_PLACEMENT_3D('',#5430,#4348,#4349);
#3994=AXIS2_PLACEMENT_3D('',#5434,#4351,#4352);
#3995=AXIS2_PLACEMENT_3D('',#5436,#4354,#4355);
#3996=AXIS2_PLACEMENT_3D('',#5445,#4360,#4361);
#3997=AXIS2_PLACEMENT_3D('',#5451,#4365,#4366);
#3998=AXIS2_PLACEMENT_3D('',#5517,#4399,#4400);
#3999=AXIS2_PLACEMENT_3D('',#5519,#4401,#4402);
#4000=AXIS2_PLACEMENT_3D('',#5521,#4403,#4404);
#4001=AXIS2_PLACEMENT_3D('',#5523,#4405,#4406);
#4002=AXIS2_PLACEMENT_3D('',#5527,#4409,#4410);
#4003=AXIS2_PLACEMENT_3D('',#5537,#4415,#4416);
#4004=AXIS2_PLACEMENT_3D('',#5539,#4418,#4419);
#4005=AXIS2_PLACEMENT_3D('',#5545,#4423,#4424);
#4006=AXIS2_PLACEMENT_3D('',#5547,#4426,#4427);
#4007=AXIS2_PLACEMENT_3D('',#5555,#4431,#4432);
#4008=AXIS2_PLACEMENT_3D('',#5556,#4433,#4434);
#4009=AXIS2_PLACEMENT_3D('',#5560,#4436,#4437);
#4010=AXIS2_PLACEMENT_3D('',#5563,#4439,#4440);
#4011=AXIS2_PLACEMENT_3D('',#5564,#4441,#4442);
#4012=AXIS2_PLACEMENT_3D('',#5565,#4443,#4444);
#4013=AXIS2_PLACEMENT_3D('',#5569,#4446,#4447);
#4014=AXIS2_PLACEMENT_3D('',#5573,#4450,#4451);
#4015=AXIS2_PLACEMENT_3D('',#5574,#4452,#4453);
#4016=AXIS2_PLACEMENT_3D('',#5575,#4454,#4455);
#4017=AXIS2_PLACEMENT_3D('',#5576,#4456,#4457);
#4018=AXIS2_PLACEMENT_3D('',#5577,#4458,#4459);
#4019=AXIS2_PLACEMENT_3D('',#5583,#4462,#4463);
#4020=AXIS2_PLACEMENT_3D('',#5587,#4465,#4466);
#4021=AXIS2_PLACEMENT_3D('',#5591,#4469,#4470);
#4022=AXIS2_PLACEMENT_3D('',#5592,#4471,#4472);
#4023=AXIS2_PLACEMENT_3D('',#5593,#4473,#4474);
#4024=AXIS2_PLACEMENT_3D('',#5595,#4476,#4477);
#4025=AXIS2_PLACEMENT_3D('',#5597,#4479,#4480);
#4026=AXIS2_PLACEMENT_3D('',#5656,#4510,#4511);
#4027=AXIS2_PLACEMENT_3D('',#5658,#4512,#4513);
#4028=AXIS2_PLACEMENT_3D('',#5660,#4514,#4515);
#4029=AXIS2_PLACEMENT_3D('',#5662,#4516,#4517);
#4030=AXIS2_PLACEMENT_3D('',#5666,#4520,#4521);
#4031=AXIS2_PLACEMENT_3D('',#5668,#4523,#4524);
#4032=AXIS2_PLACEMENT_3D('',#5669,#4525,#4526);
#4033=AXIS2_PLACEMENT_3D('',#5671,#4527,#4528);
#4034=AXIS2_PLACEMENT_3D('',#5673,#4530,#4531);
#4035=AXIS2_PLACEMENT_3D('',#5675,#4533,#4534);
#4036=AXIS2_PLACEMENT_3D('',#5676,#4535,#4536);
#4037=AXIS2_PLACEMENT_3D('',#5677,#4537,#4538);
#4038=AXIS2_PLACEMENT_3D('',#5679,#4540,#4541);
#4039=AXIS2_PLACEMENT_3D('',#5681,#4543,#4544);
#4040=AXIS2_PLACEMENT_3D('',#5683,#4546,#4547);
#4041=AXIS2_PLACEMENT_3D('',#5685,#4549,#4550);
#4042=AXIS2_PLACEMENT_3D('',#5688,#4553,#4554);
#4043=AXIS2_PLACEMENT_3D('',#5690,#4556,#4557);
#4044=AXIS2_PLACEMENT_3D('',#5692,#4559,#4560);
#4045=AXIS2_PLACEMENT_3D('',#5693,#4561,#4562);
#4046=AXIS2_PLACEMENT_3D('',#5696,#4565,#4566);
#4047=AXIS2_PLACEMENT_3D('',#5698,#4568,#4569);
#4048=AXIS2_PLACEMENT_3D('',#5700,#4571,#4572);
#4049=AXIS2_PLACEMENT_3D('',#5701,#4573,#4574);
#4050=AXIS2_PLACEMENT_3D('',#5704,#4577,#4578);
#4051=AXIS2_PLACEMENT_3D('',#5706,#4580,#4581);
#4052=AXIS2_PLACEMENT_3D('',#5708,#4583,#4584);
#4053=AXIS2_PLACEMENT_3D('',#5709,#4585,#4586);
#4054=AXIS2_PLACEMENT_3D('',#5712,#4589,#4590);
#4055=AXIS2_PLACEMENT_3D('',#5714,#4592,#4593);
#4056=AXIS2_PLACEMENT_3D('',#5716,#4595,#4596);
#4057=AXIS2_PLACEMENT_3D('',#5717,#4597,#4598);
#4058=AXIS2_PLACEMENT_3D('',#5720,#4601,#4602);
#4059=AXIS2_PLACEMENT_3D('',#5722,#4604,#4605);
#4060=AXIS2_PLACEMENT_3D('',#5724,#4607,#4608);
#4061=AXIS2_PLACEMENT_3D('',#5725,#4609,#4610);
#4062=AXIS2_PLACEMENT_3D('',#5728,#4613,#4614);
#4063=AXIS2_PLACEMENT_3D('',#5730,#4616,#4617);
#4064=AXIS2_PLACEMENT_3D('',#5732,#4619,#4620);
#4065=AXIS2_PLACEMENT_3D('',#5733,#4621,#4622);
#4066=AXIS2_PLACEMENT_3D('',#5736,#4625,#4626);
#4067=AXIS2_PLACEMENT_3D('',#5738,#4628,#4629);
#4068=AXIS2_PLACEMENT_3D('',#5740,#4631,#4632);
#4069=AXIS2_PLACEMENT_3D('',#5741,#4633,#4634);
#4070=AXIS2_PLACEMENT_3D('',#5743,#4636,#4637);
#4071=AXIS2_PLACEMENT_3D('',#5744,#4638,#4639);
#4072=AXIS2_PLACEMENT_3D('',#5745,#4640,#4641);
#4073=AXIS2_PLACEMENT_3D('',#5747,#4642,#4643);
#4074=AXIS2_PLACEMENT_3D('',#5750,#4645,#4646);
#4075=AXIS2_PLACEMENT_3D('',#5751,#4647,#4648);
#4076=AXIS2_PLACEMENT_3D('',#5753,#4649,#4650);
#4077=AXIS2_PLACEMENT_3D('',#5756,#4652,#4653);
#4078=AXIS2_PLACEMENT_3D('',#5757,#4654,#4655);
#4079=AXIS2_PLACEMENT_3D('',#5759,#4656,#4657);
#4080=AXIS2_PLACEMENT_3D('',#5762,#4659,#4660);
#4081=AXIS2_PLACEMENT_3D('',#5763,#4661,#4662);
#4082=AXIS2_PLACEMENT_3D('',#5765,#4663,#4664);
#4083=AXIS2_PLACEMENT_3D('',#5768,#4666,#4667);
#4084=AXIS2_PLACEMENT_3D('',#5769,#4668,#4669);
#4085=AXIS2_PLACEMENT_3D('',#5771,#4670,#4671);
#4086=AXIS2_PLACEMENT_3D('',#5774,#4673,#4674);
#4087=AXIS2_PLACEMENT_3D('',#5775,#4675,#4676);
#4088=AXIS2_PLACEMENT_3D('',#5777,#4677,#4678);
#4089=AXIS2_PLACEMENT_3D('',#5780,#4680,#4681);
#4090=AXIS2_PLACEMENT_3D('',#5781,#4682,#4683);
#4091=AXIS2_PLACEMENT_3D('',#5783,#4684,#4685);
#4092=AXIS2_PLACEMENT_3D('',#5786,#4687,#4688);
#4093=AXIS2_PLACEMENT_3D('',#5787,#4689,#4690);
#4094=AXIS2_PLACEMENT_3D('',#5789,#4691,#4692);
#4095=AXIS2_PLACEMENT_3D('',#5792,#4694,#4695);
#4096=AXIS2_PLACEMENT_3D('',#5793,#4696,#4697);
#4097=AXIS2_PLACEMENT_3D('',#5795,#4698,#4699);
#4098=AXIS2_PLACEMENT_3D('',#5798,#4701,#4702);
#4099=AXIS2_PLACEMENT_3D('',#5799,#4703,#4704);
#4100=AXIS2_PLACEMENT_3D('',#5801,#4705,#4706);
#4101=AXIS2_PLACEMENT_3D('',#5804,#4708,#4709);
#4102=AXIS2_PLACEMENT_3D('',#5805,#4710,#4711);
#4103=AXIS2_PLACEMENT_3D('',#5807,#4712,#4713);
#4104=AXIS2_PLACEMENT_3D('',#5810,#4715,#4716);
#4105=AXIS2_PLACEMENT_3D('',#5811,#4717,#4718);
#4106=AXIS2_PLACEMENT_3D('',#5813,#4719,#4720);
#4107=AXIS2_PLACEMENT_3D('',#5816,#4722,#4723);
#4108=AXIS2_PLACEMENT_3D('',#5817,#4724,#4725);
#4109=AXIS2_PLACEMENT_3D('',#5819,#4726,#4727);
#4110=AXIS2_PLACEMENT_3D('',#5822,#4729,#4730);
#4111=AXIS2_PLACEMENT_3D('',#5823,#4731,#4732);
#4112=AXIS2_PLACEMENT_3D('',#5825,#4733,#4734);
#4113=AXIS2_PLACEMENT_3D('',#5828,#4736,#4737);
#4114=AXIS2_PLACEMENT_3D('',#5829,#4738,#4739);
#4115=AXIS2_PLACEMENT_3D('',#5831,#4740,#4741);
#4116=AXIS2_PLACEMENT_3D('',#5834,#4743,#4744);
#4117=AXIS2_PLACEMENT_3D('',#5835,#4745,#4746);
#4118=AXIS2_PLACEMENT_3D('',#5837,#4747,#4748);
#4119=AXIS2_PLACEMENT_3D('',#5840,#4750,#4751);
#4120=AXIS2_PLACEMENT_3D('',#5841,#4752,#4753);
#4121=AXIS2_PLACEMENT_3D('',#5843,#4754,#4755);
#4122=AXIS2_PLACEMENT_3D('',#5846,#4757,#4758);
#4123=AXIS2_PLACEMENT_3D('',#5847,#4759,#4760);
#4124=AXIS2_PLACEMENT_3D('',#5849,#4761,#4762);
#4125=AXIS2_PLACEMENT_3D('',#5852,#4764,#4765);
#4126=AXIS2_PLACEMENT_3D('',#5853,#4766,#4767);
#4127=AXIS2_PLACEMENT_3D('',#5855,#4768,#4769);
#4128=AXIS2_PLACEMENT_3D('',#5858,#4771,#4772);
#4129=AXIS2_PLACEMENT_3D('',#5859,#4773,#4774);
#4130=AXIS2_PLACEMENT_3D('',#5861,#4775,#4776);
#4131=AXIS2_PLACEMENT_3D('',#5864,#4778,#4779);
#4132=AXIS2_PLACEMENT_3D('',#5865,#4780,#4781);
#4133=AXIS2_PLACEMENT_3D('',#5867,#4782,#4783);
#4134=AXIS2_PLACEMENT_3D('',#5870,#4785,#4786);
#4135=AXIS2_PLACEMENT_3D('',#5871,#4787,#4788);
#4136=AXIS2_PLACEMENT_3D('',#5880,#4793,#4794);
#4137=AXIS2_PLACEMENT_3D('',#5886,#4798,#4799);
#4138=AXIS2_PLACEMENT_3D('',#5892,#4803,#4804);
#4139=AXIS2_PLACEMENT_3D('',#5895,#4807,#4808);
#4140=AXIS2_PLACEMENT_3D('',#5897,#4809,#4810);
#4141=AXIS2_PLACEMENT_3D('',#5900,#4812,#4813);
#4142=AXIS2_PLACEMENT_3D('',#5901,#4814,#4815);
#4143=AXIS2_PLACEMENT_3D('',#5910,#4820,#4821);
#4144=AXIS2_PLACEMENT_3D('',#5913,#4822,#4823);
#4145=AXIS2_PLACEMENT_3D('',#5917,#4825,#4826);
#4146=AXIS2_PLACEMENT_3D('',#5921,#4828,#4829);
#4147=AXIS2_PLACEMENT_3D('',#5925,#4831,#4832);
#4148=AXIS2_PLACEMENT_3D('',#5929,#4834,#4835);
#4149=AXIS2_PLACEMENT_3D('',#5934,#4838,#4839);
#4150=AXIS2_PLACEMENT_3D('',#5938,#4841,#4842);
#4151=AXIS2_PLACEMENT_3D('',#5942,#4844,#4845);
#4152=AXIS2_PLACEMENT_3D('',#5946,#4847,#4848);
#4153=AXIS2_PLACEMENT_3D('',#5950,#4850,#4851);
#4154=AXIS2_PLACEMENT_3D('',#5956,#4855,#4856);
#4155=AXIS2_PLACEMENT_3D('',#5965,#4861,#4862);
#4156=AXIS2_PLACEMENT_3D('',#5971,#4866,#4867);
#4157=AXIS2_PLACEMENT_3D('',#6036,#4901,#4902);
#4158=AXIS2_PLACEMENT_3D('',#6041,#4905,#4906);
#4159=AXIS2_PLACEMENT_3D('',#6043,#4907,#4908);
#4160=AXIS2_PLACEMENT_3D('',#6045,#4909,#4910);
#4161=AXIS2_PLACEMENT_3D('',#6047,#4911,#4912);
#4162=AXIS2_PLACEMENT_3D('',#6049,#4913,#4914);
#4163=AXIS2_PLACEMENT_3D('',#6051,#4915,#4916);
#4164=AXIS2_PLACEMENT_3D('',#6052,#4917,#4918);
#4165=AXIS2_PLACEMENT_3D('',#6057,#4920,#4921);
#4166=AXIS2_PLACEMENT_3D('',#6061,#4923,#4924);
#4167=AXIS2_PLACEMENT_3D('',#6065,#4926,#4927);
#4168=AXIS2_PLACEMENT_3D('',#6068,#4929,#4930);
#4169=AXIS2_PLACEMENT_3D('',#6069,#4931,#4932);
#4170=AXIS2_PLACEMENT_3D('',#6073,#4934,#4935);
#4171=AXIS2_PLACEMENT_3D('',#6077,#4937,#4938);
#4172=AXIS2_PLACEMENT_3D('',#6081,#4940,#4941);
#4173=AXIS2_PLACEMENT_3D('',#6085,#4943,#4944);
#4174=AXIS2_PLACEMENT_3D('',#6089,#4946,#4947);
#4175=AXIS2_PLACEMENT_3D('',#6093,#4950,#4951);
#4176=AXIS2_PLACEMENT_3D('',#6094,#4952,#4953);
#4177=AXIS2_PLACEMENT_3D('',#6097,#4955,#4956);
#4178=AXIS2_PLACEMENT_3D('',#6099,#4957,#4958);
#4179=AXIS2_PLACEMENT_3D('',#6101,#4959,#4960);
#4180=AXIS2_PLACEMENT_3D('',#6103,#4961,#4962);
#4181=AXIS2_PLACEMENT_3D('',#6105,#4963,#4964);
#4182=AXIS2_PLACEMENT_3D('',#6107,#4965,#4966);
#4183=AXIS2_PLACEMENT_3D('',#6108,#4967,#4968);
#4184=AXIS2_PLACEMENT_3D('',#6110,#4970,#4971);
#4185=AXIS2_PLACEMENT_3D('',#6171,#5003,#5004);
#4186=AXIS2_PLACEMENT_3D('',#6173,#5006,#5007);
#4187=AXIS2_PLACEMENT_3D('',#6175,#5009,#5010);
#4188=AXIS2_PLACEMENT_3D('',#6177,#5012,#5013);
#4189=AXIS2_PLACEMENT_3D('',#6179,#5015,#5016);
#4190=AXIS2_PLACEMENT_3D('',#6181,#5018,#5019);
#4191=AXIS2_PLACEMENT_3D('',#6183,#5021,#5022);
#4192=AXIS2_PLACEMENT_3D('',#6185,#5024,#5025);
#4193=AXIS2_PLACEMENT_3D('',#6188,#5027,#5028);
#4194=AXIS2_PLACEMENT_3D('',#6190,#5029,#5030);
#4195=AXIS2_PLACEMENT_3D('',#6192,#5031,#5032);
#4196=AXIS2_PLACEMENT_3D('',#6194,#5033,#5034);
#4197=AXIS2_PLACEMENT_3D('',#6196,#5035,#5036);
#4198=AXIS2_PLACEMENT_3D('',#6198,#5037,#5038);
#4199=AXIS2_PLACEMENT_3D('',#6199,#5039,#5040);
#4200=AXIS2_PLACEMENT_3D('',#6201,#5042,#5043);
#4201=AXIS2_PLACEMENT_3D('',#6204,#5045,#5046);
#4202=AXIS2_PLACEMENT_3D('',#6206,#5047,#5048);
#4203=AXIS2_PLACEMENT_3D('',#6208,#5049,#5050);
#4204=AXIS2_PLACEMENT_3D('',#6210,#5051,#5052);
#4205=AXIS2_PLACEMENT_3D('',#6212,#5053,#5054);
#4206=AXIS2_PLACEMENT_3D('',#6214,#5055,#5056);
#4207=AXIS2_PLACEMENT_3D('',#6215,#5057,#5058);
#4208=AXIS2_PLACEMENT_3D('',#6217,#5060,#5061);
#4209=AXIS2_PLACEMENT_3D('',#6219,#5063,#5064);
#4210=AXIS2_PLACEMENT_3D('',#6221,#5066,#5067);
#4211=AXIS2_PLACEMENT_3D('',#6223,#5069,#5070);
#4212=AXIS2_PLACEMENT_3D('',#6225,#5072,#5073);
#4213=AXIS2_PLACEMENT_3D('',#6227,#5075,#5076);
#4214=AXIS2_PLACEMENT_3D('',#6228,#5077,#5078);
#4215=AXIS2_PLACEMENT_3D('',#6231,#5081,#5082);
#4216=AXIS2_PLACEMENT_3D('',#6233,#5084,#5085);
#4217=AXIS2_PLACEMENT_3D('',#6235,#5087,#5088);
#4218=AXIS2_PLACEMENT_3D('',#6237,#5090,#5091);
#4219=AXIS2_PLACEMENT_3D('',#6239,#5093,#5094);
#4220=AXIS2_PLACEMENT_3D('',#6240,#5095,#5096);
#4221=AXIS2_PLACEMENT_3D('',#6243,#5099,#5100);
#4222=AXIS2_PLACEMENT_3D('',#6245,#5102,#5103);
#4223=AXIS2_PLACEMENT_3D('',#6247,#5105,#5106);
#4224=AXIS2_PLACEMENT_3D('',#6248,#5107,#5108);
#4225=AXIS2_PLACEMENT_3D('',#6251,#5111,#5112);
#4226=AXIS2_PLACEMENT_3D('',#6253,#5114,#5115);
#4227=AXIS2_PLACEMENT_3D('',#6255,#5117,#5118);
#4228=AXIS2_PLACEMENT_3D('',#6256,#5119,#5120);
#4229=AXIS2_PLACEMENT_3D('',#6259,#5123,#5124);
#4230=AXIS2_PLACEMENT_3D('',#6261,#5126,#5127);
#4231=AXIS2_PLACEMENT_3D('',#6263,#5129,#5130);
#4232=AXIS2_PLACEMENT_3D('',#6264,#5131,#5132);
#4233=AXIS2_PLACEMENT_3D('',#6267,#5135,#5136);
#4234=AXIS2_PLACEMENT_3D('',#6269,#5138,#5139);
#4235=AXIS2_PLACEMENT_3D('',#6271,#5141,#5142);
#4236=AXIS2_PLACEMENT_3D('',#6272,#5143,#5144);
#4237=AXIS2_PLACEMENT_3D('',#6275,#5147,#5148);
#4238=AXIS2_PLACEMENT_3D('',#6277,#5150,#5151);
#4239=AXIS2_PLACEMENT_3D('',#6279,#5153,#5154);
#4240=AXIS2_PLACEMENT_3D('',#6280,#5155,#5156);
#4241=AXIS2_PLACEMENT_3D('',#6283,#5159,#5160);
#4242=AXIS2_PLACEMENT_3D('',#6285,#5162,#5163);
#4243=AXIS2_PLACEMENT_3D('',#6287,#5165,#5166);
#4244=AXIS2_PLACEMENT_3D('',#6288,#5167,#5168);
#4245=AXIS2_PLACEMENT_3D('',#6290,#5170,#5171);
#4246=AXIS2_PLACEMENT_3D('',#6292,#5173,#5174);
#4247=AXIS2_PLACEMENT_3D('',#6293,#5175,#5176);
#4248=AXIS2_PLACEMENT_3D('',#6295,#5178,#5179);
#4249=AXIS2_PLACEMENT_3D('',#6297,#5181,#5182);
#4250=AXIS2_PLACEMENT_3D('',#6299,#5184,#5185);
#4251=AXIS2_PLACEMENT_3D('',#6301,#5187,#5188);
#4252=AXIS2_PLACEMENT_3D('',#6303,#5190,#5191);
#4253=AXIS2_PLACEMENT_3D('',#6305,#5193,#5194);
#4254=AXIS2_PLACEMENT_3D('',#6307,#5196,#5197);
#4255=AXIS2_PLACEMENT_3D('',#6309,#5199,#5200);
#4256=AXIS2_PLACEMENT_3D('',#6311,#5202,#5203);
#4257=AXIS2_PLACEMENT_3D('',#6312,#5204,#5205);
#4258=AXIS2_PLACEMENT_3D('',#6315,#5206,#5207);
#4259=AXIS2_PLACEMENT_3D('',#6321,#5211,#5212);
#4260=AXIS2_PLACEMENT_3D('',#6323,#5213,#5214);
#4261=AXIS2_PLACEMENT_3D('',#6327,#5217,#5218);
#4262=AXIS2_PLACEMENT_3D('',#6329,#5219,#5220);
#4263=AXIS2_PLACEMENT_3D('',#6335,#5222,#5223);
#4264=AXIS2_PLACEMENT_3D('',#6337,#5224,#5225);
#4265=AXIS2_PLACEMENT_3D('',#6339,#5226,#5227);
#4266=AXIS2_PLACEMENT_3D('',#6343,#5228,#5229);
#4267=AXIS2_PLACEMENT_3D('',#6345,#5230,#5231);
#4268=AXIS2_PLACEMENT_3D('',#6349,#5234,#5235);
#4269=AXIS2_PLACEMENT_3D('',#6351,#5236,#5237);
#4270=AXIS2_PLACEMENT_3D('',#6355,#5240,#5241);
#4271=AXIS2_PLACEMENT_3D('',#6357,#5242,#5243);
#4272=AXIS2_PLACEMENT_3D('',#6363,#5245,#5246);
#4273=AXIS2_PLACEMENT_3D('',#6365,#5247,#5248);
#4274=AXIS2_PLACEMENT_3D('',#6370,#5249,#5250);
#4275=AXIS2_PLACEMENT_3D('',#6371,#5251,#5252);
#4276=AXIS2_PLACEMENT_3D('',#6373,#5253,#5254);
#4277=AXIS2_PLACEMENT_3D('',#6377,#5257,#5258);
#4278=AXIS2_PLACEMENT_3D('',#6379,#5259,#5260);
#4279=AXIS2_PLACEMENT_3D('',#6383,#5263,#5264);
#4280=AXIS2_PLACEMENT_3D('',#6385,#5265,#5266);
#4281=AXIS2_PLACEMENT_3D('',#6389,#5269,#5270);
#4282=AXIS2_PLACEMENT_3D('',#6391,#5271,#5272);
#4283=AXIS2_PLACEMENT_3D('',#6397,#5274,#5275);
#4284=AXIS2_PLACEMENT_3D('',#6399,#5276,#5277);
#4285=AXIS2_PLACEMENT_3D('',#6404,#5278,#5279);
#4286=AXIS2_PLACEMENT_3D('',#6405,#5280,#5281);
#4287=AXIS2_PLACEMENT_3D('',#6407,#5282,#5283);
#4288=AXIS2_PLACEMENT_3D('',#6411,#5286,#5287);
#4289=AXIS2_PLACEMENT_3D('',#6413,#5288,#5289);
#4290=AXIS2_PLACEMENT_3D('',#6417,#5292,#5293);
#4291=AXIS2_PLACEMENT_3D('',#6420,#5294,#5295);
#4292=AXIS2_PLACEMENT_3D('',#6428,#5298,#5299);
#4293=AXIS2_PLACEMENT_3D('',#6430,#5300,#5301);
#4294=AXIS2_PLACEMENT_3D('',#6432,#5302,#5303);
#4295=AXIS2_PLACEMENT_3D('',#6436,#5304,#5305);
#4296=AXIS2_PLACEMENT_3D('',#6438,#5306,#5307);
#4297=AXIS2_PLACEMENT_3D('',#6442,#5310,#5311);
#4298=AXIS2_PLACEMENT_3D('',#6443,#5312,#5313);
#4299=AXIS2_PLACEMENT_3D('',#6445,#5315,#5316);
#4300=AXIS2_PLACEMENT_3D('',#6446,#5317,#5318);
#4301=AXIS2_PLACEMENT_3D('',#6448,#5320,#5321);
#4302=AXIS2_PLACEMENT_3D('',#6449,#5322,#5323);
#4303=AXIS2_PLACEMENT_3D('',#6451,#5324,#5325);
#4304=AXIS2_PLACEMENT_3D('',#6452,#5326,#5327);
#4305=AXIS2_PLACEMENT_3D('',#6454,#5328,#5329);
#4306=AXIS2_PLACEMENT_3D('',#6455,#5330,#5331);
#4307=AXIS2_PLACEMENT_3D('',#6456,#5332,#5333);
#4308=AXIS2_PLACEMENT_3D('',#6458,#5334,#5335);
#4309=AXIS2_PLACEMENT_3D('',#6459,#5336,#5337);
#4310=AXIS2_PLACEMENT_3D('',#6461,#5338,#5339);
#4311=AXIS2_PLACEMENT_3D('',#6463,#5341,#5342);
#4312=AXIS2_PLACEMENT_3D('',#6466,#5344,#5345);
#4313=AXIS2_PLACEMENT_3D('',#6467,#5346,#5347);
#4314=AXIS2_PLACEMENT_3D('',#6468,#5348,#5349);
#4315=AXIS2_PLACEMENT_3D('',#6469,#5350,#5351);
#4316=AXIS2_PLACEMENT_3D('',#6478,#5356,#5357);
#4317=AXIS2_PLACEMENT_3D('',#6484,#5361,#5362);
#4318=AXIS2_PLACEMENT_3D('',#6490,#5366,#5367);
#4319=AXIS2_PLACEMENT_3D('',#6493,#5370,#5371);
#4320=AXIS2_PLACEMENT_3D('',#6494,#5372,#5373);
#4321=AXIS2_PLACEMENT_3D('',#6503,#5378,#5379);
#4322=AXIS2_PLACEMENT_3D('',#6509,#5383,#5384);
#4323=AXIS2_PLACEMENT_3D('',#6515,#5388,#5389);
#4324=AXIS2_PLACEMENT_3D('',#6518,#5392,#5393);
#4325=AXIS2_PLACEMENT_3D('',#6519,#5394,#5395);
#4326=AXIS2_PLACEMENT_3D('',#6520,#5396,#5397);
#4327=AXIS2_PLACEMENT_3D('',#6521,#5398,#5399);
#4328=AXIS2_PLACEMENT_3D('',#6522,#5400,#5401);
#4329=AXIS2_PLACEMENT_3D('',#6523,#5402,#5403);
#4330=AXIS2_PLACEMENT_3D('',#6524,#5404,#5405);
#4331=AXIS2_PLACEMENT_3D('',#6525,#5406,#5407);
#4332=AXIS2_PLACEMENT_3D('',#6526,#5408,#5409);
#4333=AXIS2_PLACEMENT_3D('',#6527,#5410,#5411);
#4334=AXIS2_PLACEMENT_3D('',#6528,#5412,#5413);
#4335=AXIS2_PLACEMENT_3D('',#6529,#5414,#5415);
#4336=DIRECTION('axis',(0.,0.,1.));
#4337=DIRECTION('refdir',(1.,0.,0.));
#4338=DIRECTION('axis',(0.,0.,1.));
#4339=DIRECTION('refdir',(1.,0.,0.));
#4340=DIRECTION('center_axis',(0.,0.,-1.));
#4341=DIRECTION('ref_axis',(-1.,0.,0.));
#4342=DIRECTION('',(0.,-1.,0.));
#4343=DIRECTION('',(-1.,0.,0.));
#4344=DIRECTION('',(0.,1.,0.));
#4345=DIRECTION('',(1.,0.,0.));
#4346=DIRECTION('center_axis',(-1.,0.,0.));
#4347=DIRECTION('ref_axis',(0.,0.,-1.));
#4348=DIRECTION('center_axis',(1.,0.,0.));
#4349=DIRECTION('ref_axis',(0.,0.,-1.));
#4350=DIRECTION('',(1.,0.,0.));
#4351=DIRECTION('center_axis',(1.,0.,0.));
#4352=DIRECTION('ref_axis',(0.,0.,-1.));
#4353=DIRECTION('',(1.,0.,0.));
#4354=DIRECTION('center_axis',(1.,0.,0.));
#4355=DIRECTION('ref_axis',(0.,0.,-1.));
#4356=DIRECTION('',(0.,0.,-1.));
#4357=DIRECTION('',(0.,1.,0.));
#4358=DIRECTION('',(0.,0.,-1.));
#4359=DIRECTION('',(0.,1.,0.));
#4360=DIRECTION('center_axis',(0.,1.,0.));
#4361=DIRECTION('ref_axis',(0.,0.,1.));
#4362=DIRECTION('',(1.,0.,0.));
#4363=DIRECTION('',(0.,0.,-1.));
#4364=DIRECTION('',(-1.,0.,0.));
#4365=DIRECTION('center_axis',(0.,0.,1.));
#4366=DIRECTION('ref_axis',(1.,0.,0.));
#4367=DIRECTION('',(-1.,0.,0.));
#4368=DIRECTION('',(0.,-1.,0.));
#4369=DIRECTION('',(-1.,0.,0.));
#4370=DIRECTION('',(0.,-1.,0.));
#4371=DIRECTION('',(1.,0.,0.));
#4372=DIRECTION('',(0.,1.,0.));
#4373=DIRECTION('',(-1.,0.,0.));
#4374=DIRECTION('',(0.,-1.,0.));
#4375=DIRECTION('',(1.,0.,0.));
#4376=DIRECTION('',(0.,1.,0.));
#4377=DIRECTION('',(-1.,0.,0.));
#4378=DIRECTION('',(0.,-1.,0.));
#4379=DIRECTION('',(1.,0.,0.));
#4380=DIRECTION('',(0.,1.,0.));
#4381=DIRECTION('',(-1.,0.,0.));
#4382=DIRECTION('',(0.,-1.,0.));
#4383=DIRECTION('',(1.,0.,0.));
#4384=DIRECTION('',(0.,1.,0.));
#4385=DIRECTION('',(-1.,0.,0.));
#4386=DIRECTION('',(0.,-1.,0.));
#4387=DIRECTION('',(1.,0.,0.));
#4388=DIRECTION('',(0.,1.,0.));
#4389=DIRECTION('',(-1.,0.,0.));
#4390=DIRECTION('',(0.,-1.,0.));
#4391=DIRECTION('',(1.,0.,0.));
#4392=DIRECTION('',(0.,1.,0.));
#4393=DIRECTION('',(-1.,0.,0.));
#4394=DIRECTION('',(0.,-1.,0.));
#4395=DIRECTION('',(1.,0.,0.));
#4396=DIRECTION('',(0.,1.,0.));
#4397=DIRECTION('',(-1.,0.,0.));
#4398=DIRECTION('',(0.,-1.,0.));
#4399=DIRECTION('center_axis',(0.,0.,1.));
#4400=DIRECTION('ref_axis',(1.,0.,0.));
#4401=DIRECTION('center_axis',(0.,0.,1.));
#4402=DIRECTION('ref_axis',(1.,0.,0.));
#4403=DIRECTION('center_axis',(0.,0.,1.));
#4404=DIRECTION('ref_axis',(1.,0.,0.));
#4405=DIRECTION('center_axis',(0.,0.,1.));
#4406=DIRECTION('ref_axis',(1.,0.,0.));
#4407=DIRECTION('',(1.,0.,0.));
#4408=DIRECTION('',(0.,-1.,0.));
#4409=DIRECTION('center_axis',(1.,0.,0.));
#4410=DIRECTION('ref_axis',(0.,0.,-1.));
#4411=DIRECTION('',(0.,-1.,0.));
#4412=DIRECTION('',(0.,0.,1.));
#4413=DIRECTION('',(0.,-1.,0.));
#4414=DIRECTION('',(0.,0.,1.));
#4415=DIRECTION('center_axis',(1.,0.,0.));
#4416=DIRECTION('ref_axis',(0.,0.,-1.));
#4417=DIRECTION('',(-1.88211534223059E-16,0.866034596440655,0.499984077514347));
#4418=DIRECTION('center_axis',(2.9518089516285E-16,0.499984077514347,-0.866034596440655));
#4419=DIRECTION('ref_axis',(-1.,0.,-3.40841920606895E-16));
#4420=DIRECTION('',(1.,0.,0.));
#4421=DIRECTION('',(-1.88211534223059E-16,0.866034596440655,0.499984077514347));
#4422=DIRECTION('',(-1.,0.,0.));
#4423=DIRECTION('center_axis',(0.,0.,1.));
#4424=DIRECTION('ref_axis',(1.,0.,0.));
#4425=DIRECTION('',(0.,1.,0.));
#4426=DIRECTION('center_axis',(0.,1.,0.));
#4427=DIRECTION('ref_axis',(0.,0.,1.));
#4428=DIRECTION('',(0.,0.,1.));
#4429=DIRECTION('',(1.,0.,0.));
#4430=DIRECTION('',(0.,0.,-1.));
#4431=DIRECTION('center_axis',(0.,-1.,0.));
#4432=DIRECTION('ref_axis',(0.,0.,-1.));
#4433=DIRECTION('center_axis',(0.,-1.,0.));
#4434=DIRECTION('ref_axis',(0.,0.,-1.));
#4435=DIRECTION('',(0.,0.,-1.));
#4436=DIRECTION('center_axis',(0.,-1.,0.));
#4437=DIRECTION('ref_axis',(0.,0.,-1.));
#4438=DIRECTION('',(1.,0.,0.));
#4439=DIRECTION('center_axis',(0.,-1.,0.));
#4440=DIRECTION('ref_axis',(0.,0.,-1.));
#4441=DIRECTION('center_axis',(-1.,0.,0.));
#4442=DIRECTION('ref_axis',(0.,0.,1.));
#4443=DIRECTION('center_axis',(-1.,0.,0.));
#4444=DIRECTION('ref_axis',(0.,0.,1.));
#4445=DIRECTION('',(-1.88211534223059E-16,-0.866034596440655,-0.499984077514347));
#4446=DIRECTION('center_axis',(-1.,0.,0.));
#4447=DIRECTION('ref_axis',(0.,0.,1.));
#4448=DIRECTION('',(0.,0.,-1.));
#4449=DIRECTION('',(0.,-1.,0.));
#4450=DIRECTION('center_axis',(0.,1.,0.));
#4451=DIRECTION('ref_axis',(0.,0.,-1.));
#4452=DIRECTION('center_axis',(0.,-1.,0.));
#4453=DIRECTION('ref_axis',(0.,0.,-1.));
#4454=DIRECTION('center_axis',(0.,1.,0.));
#4455=DIRECTION('ref_axis',(0.,0.,-1.));
#4456=DIRECTION('center_axis',(0.,-1.,0.));
#4457=DIRECTION('ref_axis',(0.,0.,-1.));
#4458=DIRECTION('center_axis',(0.,1.,0.));
#4459=DIRECTION('ref_axis',(0.,0.,1.));
#4460=DIRECTION('',(1.,0.,0.));
#4461=DIRECTION('',(0.,0.,1.));
#4462=DIRECTION('center_axis',(0.,-1.,0.));
#4463=DIRECTION('ref_axis',(0.,0.,-1.));
#4464=DIRECTION('',(1.,0.,0.));
#4465=DIRECTION('center_axis',(0.,-1.,0.));
#4466=DIRECTION('ref_axis',(0.,0.,-1.));
#4467=DIRECTION('',(0.,0.,-1.));
#4468=DIRECTION('',(-1.,0.,0.));
#4469=DIRECTION('center_axis',(1.,0.,0.));
#4470=DIRECTION('ref_axis',(0.,0.,1.));
#4471=DIRECTION('center_axis',(1.,0.,0.));
#4472=DIRECTION('ref_axis',(0.,0.,-1.));
#4473=DIRECTION('center_axis',(1.,0.,0.));
#4474=DIRECTION('ref_axis',(0.,0.,-1.));
#4475=DIRECTION('',(0.,-1.,0.));
#4476=DIRECTION('center_axis',(0.,1.,0.));
#4477=DIRECTION('ref_axis',(0.,0.,-1.));
#4478=DIRECTION('',(0.,1.,0.));
#4479=DIRECTION('center_axis',(0.,0.,1.));
#4480=DIRECTION('ref_axis',(1.,0.,0.));
#4481=DIRECTION('',(0.,-1.,0.));
#4482=DIRECTION('',(0.,1.,0.));
#4483=DIRECTION('',(1.,0.,0.));
#4484=DIRECTION('',(0.,1.,0.));
#4485=DIRECTION('',(1.,0.,0.));
#4486=DIRECTION('',(0.,1.,0.));
#4487=DIRECTION('',(1.,0.,0.));
#4488=DIRECTION('',(0.,1.,0.));
#4489=DIRECTION('',(1.,0.,0.));
#4490=DIRECTION('',(0.,1.,0.));
#4491=DIRECTION('',(1.,0.,0.));
#4492=DIRECTION('',(0.,1.,0.));
#4493=DIRECTION('',(1.,0.,0.));
#4494=DIRECTION('',(0.,1.,0.));
#4495=DIRECTION('',(1.,0.,0.));
#4496=DIRECTION('',(0.,1.,0.));
#4497=DIRECTION('',(1.,0.,0.));
#4498=DIRECTION('',(0.,1.,0.));
#4499=DIRECTION('',(1.,0.,0.));
#4500=DIRECTION('',(0.,1.,0.));
#4501=DIRECTION('',(1.,0.,0.));
#4502=DIRECTION('',(0.,1.,0.));
#4503=DIRECTION('',(1.,0.,0.));
#4504=DIRECTION('',(0.,1.,0.));
#4505=DIRECTION('',(1.,0.,0.));
#4506=DIRECTION('',(0.,1.,0.));
#4507=DIRECTION('',(1.,0.,0.));
#4508=DIRECTION('',(0.,1.,0.));
#4509=DIRECTION('',(1.,0.,0.));
#4510=DIRECTION('center_axis',(0.,0.,1.));
#4511=DIRECTION('ref_axis',(1.,0.,0.));
#4512=DIRECTION('center_axis',(0.,0.,1.));
#4513=DIRECTION('ref_axis',(1.,0.,0.));
#4514=DIRECTION('center_axis',(0.,0.,1.));
#4515=DIRECTION('ref_axis',(1.,0.,0.));
#4516=DIRECTION('center_axis',(0.,0.,1.));
#4517=DIRECTION('ref_axis',(1.,0.,0.));
#4518=DIRECTION('',(1.,0.,0.));
#4519=DIRECTION('',(0.,1.,0.));
#4520=DIRECTION('center_axis',(0.,1.,0.));
#4521=DIRECTION('ref_axis',(0.,0.,-1.));
#4522=DIRECTION('',(0.,1.,0.));
#4523=DIRECTION('center_axis',(-1.,0.,0.));
#4524=DIRECTION('ref_axis',(0.,0.,1.));
#4525=DIRECTION('center_axis',(-1.,0.,0.));
#4526=DIRECTION('ref_axis',(0.,0.,1.));
#4527=DIRECTION('center_axis',(-1.,0.,0.));
#4528=DIRECTION('ref_axis',(0.,0.,1.));
#4529=DIRECTION('',(-9.41057671115297E-17,-0.866034596440655,-0.499984077514347));
#4530=DIRECTION('center_axis',(-1.,0.,0.));
#4531=DIRECTION('ref_axis',(0.,0.,-1.));
#4532=DIRECTION('',(-1.,0.,0.));
#4533=DIRECTION('center_axis',(-2.9518089516285E-16,0.499984077514347,-0.866034596440655));
#4534=DIRECTION('ref_axis',(-1.,0.,3.40841920606895E-16));
#4535=DIRECTION('center_axis',(-1.,0.,0.));
#4536=DIRECTION('ref_axis',(0.,0.,-1.));
#4537=DIRECTION('center_axis',(0.,0.,-1.));
#4538=DIRECTION('ref_axis',(1.,0.,0.));
#4539=DIRECTION('',(0.,0.,-1.));
#4540=DIRECTION('center_axis',(0.,0.,-1.));
#4541=DIRECTION('ref_axis',(1.,0.,0.));
#4542=DIRECTION('',(0.,0.,-1.));
#4543=DIRECTION('center_axis',(0.,0.,-1.));
#4544=DIRECTION('ref_axis',(1.,0.,0.));
#4545=DIRECTION('',(0.,0.,-1.));
#4546=DIRECTION('center_axis',(0.,0.,-1.));
#4547=DIRECTION('ref_axis',(1.,0.,0.));
#4548=DIRECTION('',(0.,0.,-1.));
#4549=DIRECTION('center_axis',(1.,0.,0.));
#4550=DIRECTION('ref_axis',(0.,0.,-1.));
#4551=DIRECTION('',(0.,0.,-1.));
#4552=DIRECTION('',(0.,0.,-1.));
#4553=DIRECTION('center_axis',(0.,-1.,0.));
#4554=DIRECTION('ref_axis',(0.,0.,-1.));
#4555=DIRECTION('',(0.,0.,-1.));
#4556=DIRECTION('center_axis',(-1.,0.,0.));
#4557=DIRECTION('ref_axis',(0.,0.,1.));
#4558=DIRECTION('',(0.,0.,-1.));
#4559=DIRECTION('center_axis',(0.,1.,0.));
#4560=DIRECTION('ref_axis',(0.,0.,1.));
#4561=DIRECTION('center_axis',(1.,0.,0.));
#4562=DIRECTION('ref_axis',(0.,0.,-1.));
#4563=DIRECTION('',(0.,0.,-1.));
#4564=DIRECTION('',(0.,0.,-1.));
#4565=DIRECTION('center_axis',(0.,-1.,0.));
#4566=DIRECTION('ref_axis',(0.,0.,-1.));
#4567=DIRECTION('',(0.,0.,-1.));
#4568=DIRECTION('center_axis',(-1.,0.,0.));
#4569=DIRECTION('ref_axis',(0.,0.,1.));
#4570=DIRECTION('',(0.,0.,-1.));
#4571=DIRECTION('center_axis',(0.,1.,0.));
#4572=DIRECTION('ref_axis',(0.,0.,1.));
#4573=DIRECTION('center_axis',(1.,0.,0.));
#4574=DIRECTION('ref_axis',(0.,0.,-1.));
#4575=DIRECTION('',(0.,0.,-1.));
#4576=DIRECTION('',(0.,0.,-1.));
#4577=DIRECTION('center_axis',(0.,-1.,0.));
#4578=DIRECTION('ref_axis',(0.,0.,-1.));
#4579=DIRECTION('',(0.,0.,-1.));
#4580=DIRECTION('center_axis',(-1.,0.,0.));
#4581=DIRECTION('ref_axis',(0.,0.,1.));
#4582=DIRECTION('',(0.,0.,-1.));
#4583=DIRECTION('center_axis',(0.,1.,0.));
#4584=DIRECTION('ref_axis',(0.,0.,1.));
#4585=DIRECTION('center_axis',(1.,0.,0.));
#4586=DIRECTION('ref_axis',(0.,0.,-1.));
#4587=DIRECTION('',(0.,0.,-1.));
#4588=DIRECTION('',(0.,0.,-1.));
#4589=DIRECTION('center_axis',(0.,-1.,0.));
#4590=DIRECTION('ref_axis',(0.,0.,-1.));
#4591=DIRECTION('',(0.,0.,-1.));
#4592=DIRECTION('center_axis',(-1.,0.,0.));
#4593=DIRECTION('ref_axis',(0.,0.,1.));
#4594=DIRECTION('',(0.,0.,-1.));
#4595=DIRECTION('center_axis',(0.,1.,0.));
#4596=DIRECTION('ref_axis',(0.,0.,1.));
#4597=DIRECTION('center_axis',(1.,0.,0.));
#4598=DIRECTION('ref_axis',(0.,0.,-1.));
#4599=DIRECTION('',(0.,0.,-1.));
#4600=DIRECTION('',(0.,0.,-1.));
#4601=DIRECTION('center_axis',(0.,-1.,0.));
#4602=DIRECTION('ref_axis',(0.,0.,-1.));
#4603=DIRECTION('',(0.,0.,-1.));
#4604=DIRECTION('center_axis',(-1.,0.,0.));
#4605=DIRECTION('ref_axis',(0.,0.,1.));
#4606=DIRECTION('',(0.,0.,-1.));
#4607=DIRECTION('center_axis',(0.,1.,0.));
#4608=DIRECTION('ref_axis',(0.,0.,1.));
#4609=DIRECTION('center_axis',(1.,0.,0.));
#4610=DIRECTION('ref_axis',(0.,0.,-1.));
#4611=DIRECTION('',(0.,0.,-1.));
#4612=DIRECTION('',(0.,0.,-1.));
#4613=DIRECTION('center_axis',(0.,-1.,0.));
#4614=DIRECTION('ref_axis',(0.,0.,-1.));
#4615=DIRECTION('',(0.,0.,-1.));
#4616=DIRECTION('center_axis',(-1.,0.,0.));
#4617=DIRECTION('ref_axis',(0.,0.,1.));
#4618=DIRECTION('',(0.,0.,-1.));
#4619=DIRECTION('center_axis',(0.,1.,0.));
#4620=DIRECTION('ref_axis',(0.,0.,1.));
#4621=DIRECTION('center_axis',(1.,0.,0.));
#4622=DIRECTION('ref_axis',(0.,0.,-1.));
#4623=DIRECTION('',(0.,0.,-1.));
#4624=DIRECTION('',(0.,0.,-1.));
#4625=DIRECTION('center_axis',(0.,-1.,0.));
#4626=DIRECTION('ref_axis',(0.,0.,-1.));
#4627=DIRECTION('',(0.,0.,-1.));
#4628=DIRECTION('center_axis',(-1.,0.,0.));
#4629=DIRECTION('ref_axis',(0.,0.,1.));
#4630=DIRECTION('',(0.,0.,-1.));
#4631=DIRECTION('center_axis',(0.,1.,0.));
#4632=DIRECTION('ref_axis',(0.,0.,1.));
#4633=DIRECTION('center_axis',(0.,-1.,0.));
#4634=DIRECTION('ref_axis',(0.,0.,-1.));
#4635=DIRECTION('',(0.,0.,-1.));
#4636=DIRECTION('center_axis',(-1.,0.,0.));
#4637=DIRECTION('ref_axis',(0.,0.,1.));
#4638=DIRECTION('axis',(0.,0.,1.));
#4639=DIRECTION('refdir',(1.,0.,0.));
#4640=DIRECTION('center_axis',(0.,-0.499722453489578,0.8661855860486));
#4641=DIRECTION('ref_axis',(-1.,1.47947566343014E-16,8.53543651978928E-17));
#4642=DIRECTION('center_axis',(0.,-0.499722453489577,0.8661855860486));
#4643=DIRECTION('ref_axis',(-1.,1.47947566343014E-16,8.53543651978928E-17));
#4644=DIRECTION('',(0.,-0.499722453489578,0.8661855860486));
#4645=DIRECTION('center_axis',(0.,0.499722453489577,-0.8661855860486));
#4646=DIRECTION('ref_axis',(-1.,1.47947566343014E-16,8.53543651978928E-17));
#4647=DIRECTION('center_axis',(0.,-0.499722453489578,0.8661855860486));
#4648=DIRECTION('ref_axis',(-1.,-7.36860670843879E-48,-3.15797430361662E-48));
#4649=DIRECTION('center_axis',(0.,-0.499722453489577,0.8661855860486));
#4650=DIRECTION('ref_axis',(-1.,-7.36860670843879E-48,-3.15797430361662E-48));
#4651=DIRECTION('',(0.,-0.499722453489578,0.8661855860486));
#4652=DIRECTION('center_axis',(0.,0.499722453489577,-0.8661855860486));
#4653=DIRECTION('ref_axis',(-1.,-7.36860670843879E-48,-3.15797430361662E-48));
#4654=DIRECTION('center_axis',(0.,-0.499722453489577,0.866185586048601));
#4655=DIRECTION('ref_axis',(-1.,0.,0.));
#4656=DIRECTION('center_axis',(0.,-0.499722453489577,0.8661855860486));
#4657=DIRECTION('ref_axis',(-1.,0.,0.));
#4658=DIRECTION('',(0.,-0.499722453489577,0.866185586048601));
#4659=DIRECTION('center_axis',(0.,0.499722453489577,-0.8661855860486));
#4660=DIRECTION('ref_axis',(-1.,0.,0.));
#4661=DIRECTION('center_axis',(0.,-0.499722453489577,0.866185586048601));
#4662=DIRECTION('ref_axis',(-1.,1.01367076412386E-48,1.01367076412386E-48));
#4663=DIRECTION('center_axis',(0.,-0.499722453489577,0.8661855860486));
#4664=DIRECTION('ref_axis',(-1.,1.01367076412386E-48,1.01367076412386E-48));
#4665=DIRECTION('',(0.,-0.499722453489577,0.866185586048601));
#4666=DIRECTION('center_axis',(0.,0.499722453489577,-0.8661855860486));
#4667=DIRECTION('ref_axis',(-1.,1.01367076412386E-48,1.01367076412386E-48));
#4668=DIRECTION('center_axis',(0.,-0.499722453489578,0.8661855860486));
#4669=DIRECTION('ref_axis',(-1.,1.47947566343014E-16,8.53543651978929E-17));
#4670=DIRECTION('center_axis',(0.,-0.499722453489577,0.8661855860486));
#4671=DIRECTION('ref_axis',(-1.,1.47947566343014E-16,8.53543651978929E-17));
#4672=DIRECTION('',(0.,-0.499722453489578,0.8661855860486));
#4673=DIRECTION('center_axis',(0.,0.499722453489577,-0.8661855860486));
#4674=DIRECTION('ref_axis',(-1.,1.47947566343014E-16,8.53543651978929E-17));
#4675=DIRECTION('center_axis',(0.,-0.499722453489578,0.8661855860486));
#4676=DIRECTION('ref_axis',(-1.,1.47947566343014E-16,8.53543651978928E-17));
#4677=DIRECTION('center_axis',(0.,-0.499722453489577,0.8661855860486));
#4678=DIRECTION('ref_axis',(-1.,1.47947566343014E-16,8.53543651978928E-17));
#4679=DIRECTION('',(0.,-0.499722453489578,0.8661855860486));
#4680=DIRECTION('center_axis',(0.,0.499722453489577,-0.8661855860486));
#4681=DIRECTION('ref_axis',(-1.,1.47947566343014E-16,8.53543651978928E-17));
#4682=DIRECTION('center_axis',(0.,-0.499722453489578,0.8661855860486));
#4683=DIRECTION('ref_axis',(-1.,-7.36860670843879E-48,-2.10531620241108E-48));
#4684=DIRECTION('center_axis',(0.,-0.499722453489577,0.8661855860486));
#4685=DIRECTION('ref_axis',(-1.,-7.36860670843879E-48,-2.10531620241108E-48));
#4686=DIRECTION('',(0.,-0.499722453489578,0.8661855860486));
#4687=DIRECTION('center_axis',(0.,0.499722453489577,-0.8661855860486));
#4688=DIRECTION('ref_axis',(-1.,-7.36860670843879E-48,-2.10531620241108E-48));
#4689=DIRECTION('center_axis',(0.,-0.499722453489578,0.8661855860486));
#4690=DIRECTION('ref_axis',(-1.,-7.36860670843879E-48,-3.15797430361662E-48));
#4691=DIRECTION('center_axis',(0.,-0.499722453489577,0.8661855860486));
#4692=DIRECTION('ref_axis',(-1.,-7.36860670843879E-48,-3.15797430361662E-48));
#4693=DIRECTION('',(0.,-0.499722453489578,0.8661855860486));
#4694=DIRECTION('center_axis',(0.,0.499722453489577,-0.8661855860486));
#4695=DIRECTION('ref_axis',(-1.,-7.36860670843879E-48,-3.15797430361662E-48));
#4696=DIRECTION('center_axis',(0.,-0.499722453489577,0.866185586048601));
#4697=DIRECTION('ref_axis',(-1.,0.,0.));
#4698=DIRECTION('center_axis',(0.,-0.499722453489577,0.8661855860486));
#4699=DIRECTION('ref_axis',(-1.,0.,0.));
#4700=DIRECTION('',(0.,-0.499722453489577,0.866185586048601));
#4701=DIRECTION('center_axis',(0.,0.499722453489577,-0.8661855860486));
#4702=DIRECTION('ref_axis',(-1.,0.,0.));
#4703=DIRECTION('center_axis',(0.,-0.499722453489577,0.866185586048601));
#4704=DIRECTION('ref_axis',(-1.,0.,0.));
#4705=DIRECTION('center_axis',(0.,-0.499722453489577,0.8661855860486));
#4706=DIRECTION('ref_axis',(-1.,0.,0.));
#4707=DIRECTION('',(0.,-0.499722453489577,0.866185586048601));
#4708=DIRECTION('center_axis',(0.,0.499722453489577,-0.8661855860486));
#4709=DIRECTION('ref_axis',(-1.,0.,0.));
#4710=DIRECTION('center_axis',(0.,-0.499722453489578,0.8661855860486));
#4711=DIRECTION('ref_axis',(-1.,-7.36860670843879E-48,-2.10531620241108E-48));
#4712=DIRECTION('center_axis',(0.,-0.499722453489577,0.8661855860486));
#4713=DIRECTION('ref_axis',(-1.,-7.36860670843879E-48,-2.10531620241108E-48));
#4714=DIRECTION('',(0.,-0.499722453489578,0.8661855860486));
#4715=DIRECTION('center_axis',(0.,0.499722453489577,-0.8661855860486));
#4716=DIRECTION('ref_axis',(-1.,-7.36860670843879E-48,-2.10531620241108E-48));
#4717=DIRECTION('center_axis',(0.,-0.499722453489578,0.8661855860486));
#4718=DIRECTION('ref_axis',(-1.,-7.36860670843879E-48,-2.10531620241108E-48));
#4719=DIRECTION('center_axis',(0.,-0.499722453489577,0.8661855860486));
#4720=DIRECTION('ref_axis',(-1.,-7.36860670843879E-48,-2.10531620241108E-48));
#4721=DIRECTION('',(0.,-0.499722453489578,0.8661855860486));
#4722=DIRECTION('center_axis',(0.,0.499722453489577,-0.8661855860486));
#4723=DIRECTION('ref_axis',(-1.,-7.36860670843879E-48,-2.10531620241108E-48));
#4724=DIRECTION('center_axis',(0.,-1.,0.));
#4725=DIRECTION('ref_axis',(-1.,0.,0.));
#4726=DIRECTION('center_axis',(0.,-1.,0.));
#4727=DIRECTION('ref_axis',(-1.,0.,0.));
#4728=DIRECTION('',(0.,-1.,0.));
#4729=DIRECTION('center_axis',(0.,1.,0.));
#4730=DIRECTION('ref_axis',(-1.,0.,0.));
#4731=DIRECTION('center_axis',(0.,-1.,0.));
#4732=DIRECTION('ref_axis',(-1.,0.,0.));
#4733=DIRECTION('center_axis',(0.,-1.,0.));
#4734=DIRECTION('ref_axis',(-1.,0.,0.));
#4735=DIRECTION('',(0.,-1.,0.));
#4736=DIRECTION('center_axis',(0.,1.,0.));
#4737=DIRECTION('ref_axis',(-1.,0.,0.));
#4738=DIRECTION('center_axis',(0.,-1.,0.));
#4739=DIRECTION('ref_axis',(-1.,0.,0.));
#4740=DIRECTION('center_axis',(0.,-1.,0.));
#4741=DIRECTION('ref_axis',(-1.,0.,0.));
#4742=DIRECTION('',(0.,-1.,0.));
#4743=DIRECTION('center_axis',(0.,1.,0.));
#4744=DIRECTION('ref_axis',(-1.,0.,0.));
#4745=DIRECTION('center_axis',(0.,-1.,0.));
#4746=DIRECTION('ref_axis',(-1.,0.,0.));
#4747=DIRECTION('center_axis',(0.,-1.,0.));
#4748=DIRECTION('ref_axis',(-1.,0.,0.));
#4749=DIRECTION('',(0.,-1.,0.));
#4750=DIRECTION('center_axis',(0.,1.,0.));
#4751=DIRECTION('ref_axis',(-1.,0.,0.));
#4752=DIRECTION('center_axis',(0.,-1.,0.));
#4753=DIRECTION('ref_axis',(-1.,0.,0.));
#4754=DIRECTION('center_axis',(0.,-1.,0.));
#4755=DIRECTION('ref_axis',(-1.,0.,0.));
#4756=DIRECTION('',(0.,-1.,0.));
#4757=DIRECTION('center_axis',(0.,1.,0.));
#4758=DIRECTION('ref_axis',(-1.,0.,0.));
#4759=DIRECTION('center_axis',(0.,-1.,0.));
#4760=DIRECTION('ref_axis',(-1.,0.,0.));
#4761=DIRECTION('center_axis',(0.,-1.,0.));
#4762=DIRECTION('ref_axis',(-1.,0.,0.));
#4763=DIRECTION('',(0.,-1.,0.));
#4764=DIRECTION('center_axis',(0.,1.,0.));
#4765=DIRECTION('ref_axis',(-1.,0.,0.));
#4766=DIRECTION('center_axis',(0.,1.,0.));
#4767=DIRECTION('ref_axis',(1.,0.,0.));
#4768=DIRECTION('center_axis',(0.,1.,0.));
#4769=DIRECTION('ref_axis',(1.,0.,0.));
#4770=DIRECTION('',(0.,1.,0.));
#4771=DIRECTION('center_axis',(0.,-1.,0.));
#4772=DIRECTION('ref_axis',(1.,0.,0.));
#4773=DIRECTION('center_axis',(0.,1.,0.));
#4774=DIRECTION('ref_axis',(1.,0.,0.));
#4775=DIRECTION('center_axis',(0.,1.,0.));
#4776=DIRECTION('ref_axis',(1.,0.,0.));
#4777=DIRECTION('',(0.,1.,0.));
#4778=DIRECTION('center_axis',(0.,-1.,0.));
#4779=DIRECTION('ref_axis',(1.,0.,0.));
#4780=DIRECTION('center_axis',(0.,1.,0.));
#4781=DIRECTION('ref_axis',(1.,0.,0.));
#4782=DIRECTION('center_axis',(0.,1.,0.));
#4783=DIRECTION('ref_axis',(1.,0.,0.));
#4784=DIRECTION('',(0.,1.,0.));
#4785=DIRECTION('center_axis',(0.,-1.,0.));
#4786=DIRECTION('ref_axis',(1.,0.,0.));
#4787=DIRECTION('center_axis',(6.83214158819411E-16,0.,-1.));
#4788=DIRECTION('ref_axis',(-1.,0.,-6.83214158819411E-16));
#4789=DIRECTION('',(1.,0.,6.83214158819411E-16));
#4790=DIRECTION('',(0.,1.,0.));
#4791=DIRECTION('',(-1.,0.,-6.83214158819411E-16));
#4792=DIRECTION('',(0.,1.,0.));
#4793=DIRECTION('center_axis',(1.,0.,0.));
#4794=DIRECTION('ref_axis',(0.,0.,-1.));
#4795=DIRECTION('',(0.,0.,1.));
#4796=DIRECTION('',(0.,0.,-1.));
#4797=DIRECTION('',(0.,-1.,0.));
#4798=DIRECTION('center_axis',(-1.36642831763882E-15,0.,1.));
#4799=DIRECTION('ref_axis',(1.,0.,1.36642831763882E-15));
#4800=DIRECTION('',(-1.,0.,-1.36642831763882E-15));
#4801=DIRECTION('',(1.,0.,1.36642831763882E-15));
#4802=DIRECTION('',(0.,1.,0.));
#4803=DIRECTION('center_axis',(-1.,0.,0.));
#4804=DIRECTION('ref_axis',(0.,0.,1.));
#4805=DIRECTION('',(0.,0.,-1.));
#4806=DIRECTION('',(0.,0.,1.));
#4807=DIRECTION('center_axis',(0.,1.,0.));
#4808=DIRECTION('ref_axis',(1.,0.,0.));
#4809=DIRECTION('center_axis',(0.,1.,0.));
#4810=DIRECTION('ref_axis',(1.,0.,0.));
#4811=DIRECTION('',(0.,1.,0.));
#4812=DIRECTION('center_axis',(0.,-1.,0.));
#4813=DIRECTION('ref_axis',(1.,0.,0.));
#4814=DIRECTION('center_axis',(0.,1.,0.));
#4815=DIRECTION('ref_axis',(0.,0.,1.));
#4816=DIRECTION('',(0.,0.,-1.));
#4817=DIRECTION('',(1.,0.,0.));
#4818=DIRECTION('',(0.,0.,-1.));
#4819=DIRECTION('',(1.,0.,0.));
#4820=DIRECTION('center_axis',(1.,0.,0.));
#4821=DIRECTION('ref_axis',(0.,0.,-1.));
#4822=DIRECTION('center_axis',(1.,0.,0.));
#4823=DIRECTION('ref_axis',(0.,0.,-1.));
#4824=DIRECTION('',(0.,0.,-1.));
#4825=DIRECTION('center_axis',(1.,0.,0.));
#4826=DIRECTION('ref_axis',(0.,0.,-1.));
#4827=DIRECTION('',(0.,-0.8661855860486,-0.499722453489577));
#4828=DIRECTION('center_axis',(1.,0.,0.));
#4829=DIRECTION('ref_axis',(0.,0.,-1.));
#4830=DIRECTION('',(0.,-1.,0.));
#4831=DIRECTION('center_axis',(1.,0.,0.));
#4832=DIRECTION('ref_axis',(0.,0.,-1.));
#4833=DIRECTION('',(0.,0.,1.));
#4834=DIRECTION('center_axis',(1.,0.,0.));
#4835=DIRECTION('ref_axis',(0.,0.,-1.));
#4836=DIRECTION('',(0.,1.,0.));
#4837=DIRECTION('',(0.,1.,0.));
#4838=DIRECTION('center_axis',(-1.,0.,0.));
#4839=DIRECTION('ref_axis',(0.,-1.,0.));
#4840=DIRECTION('',(0.,0.,1.));
#4841=DIRECTION('center_axis',(-1.,0.,0.));
#4842=DIRECTION('ref_axis',(0.,-1.,0.));
#4843=DIRECTION('',(0.,-1.,0.));
#4844=DIRECTION('center_axis',(-1.,0.,0.));
#4845=DIRECTION('ref_axis',(0.,-1.,0.));
#4846=DIRECTION('',(-9.52555741967148E-17,-0.8661855860486,-0.499722453489577));
#4847=DIRECTION('center_axis',(-1.,0.,0.));
#4848=DIRECTION('ref_axis',(0.,-1.,0.));
#4849=DIRECTION('',(0.,0.,-1.));
#4850=DIRECTION('center_axis',(-1.,0.,0.));
#4851=DIRECTION('ref_axis',(0.,-1.,0.));
#4852=DIRECTION('',(0.,1.,0.));
#4853=DIRECTION('',(0.,0.,-1.));
#4854=DIRECTION('',(0.,1.,0.));
#4855=DIRECTION('center_axis',(0.,0.,-1.));
#4856=DIRECTION('ref_axis',(-1.,0.,0.));
#4857=DIRECTION('',(0.,1.,0.));
#4858=DIRECTION('',(-1.,0.,0.));
#4859=DIRECTION('',(0.,1.,0.));
#4860=DIRECTION('',(1.,0.,0.));
#4861=DIRECTION('center_axis',(1.,0.,0.));
#4862=DIRECTION('ref_axis',(0.,0.,-1.));
#4863=DIRECTION('',(0.,0.,1.));
#4864=DIRECTION('',(0.,1.,0.));
#4865=DIRECTION('',(0.,0.,-1.));
#4866=DIRECTION('center_axis',(0.,1.,0.));
#4867=DIRECTION('ref_axis',(0.,0.,1.));
#4868=DIRECTION('',(1.,0.,0.));
#4869=DIRECTION('',(0.,0.,1.));
#4870=DIRECTION('',(1.,0.,0.));
#4871=DIRECTION('',(-1.,0.,0.));
#4872=DIRECTION('',(0.,0.,-1.));
#4873=DIRECTION('',(1.,0.,0.));
#4874=DIRECTION('',(0.,0.,1.));
#4875=DIRECTION('',(-1.,0.,0.));
#4876=DIRECTION('',(0.,0.,-1.));
#4877=DIRECTION('',(1.,0.,0.));
#4878=DIRECTION('',(0.,0.,1.));
#4879=DIRECTION('',(-1.,0.,0.));
#4880=DIRECTION('',(0.,0.,-1.));
#4881=DIRECTION('',(1.,0.,0.));
#4882=DIRECTION('',(0.,0.,1.));
#4883=DIRECTION('',(-1.,0.,0.));
#4884=DIRECTION('',(0.,0.,-1.));
#4885=DIRECTION('',(1.,0.,0.));
#4886=DIRECTION('',(0.,0.,1.));
#4887=DIRECTION('',(-1.,0.,0.));
#4888=DIRECTION('',(0.,0.,-1.));
#4889=DIRECTION('',(1.,0.,0.));
#4890=DIRECTION('',(0.,0.,1.));
#4891=DIRECTION('',(-1.,0.,0.));
#4892=DIRECTION('',(0.,0.,-1.));
#4893=DIRECTION('',(1.,0.,0.));
#4894=DIRECTION('',(0.,0.,1.));
#4895=DIRECTION('',(-1.,0.,0.));
#4896=DIRECTION('',(0.,0.,-1.));
#4897=DIRECTION('',(1.,0.,0.));
#4898=DIRECTION('',(0.,0.,1.));
#4899=DIRECTION('',(1.,0.,0.));
#4900=DIRECTION('',(0.,0.,1.));
#4901=DIRECTION('center_axis',(0.,0.,-1.));
#4902=DIRECTION('ref_axis',(-1.,0.,0.));
#4903=DIRECTION('',(0.,1.,0.));
#4904=DIRECTION('',(1.,0.,0.));
#4905=DIRECTION('center_axis',(0.,0.,-1.));
#4906=DIRECTION('ref_axis',(1.,0.,0.));
#4907=DIRECTION('center_axis',(0.,0.,-1.));
#4908=DIRECTION('ref_axis',(1.,0.,0.));
#4909=DIRECTION('center_axis',(0.,0.,-1.));
#4910=DIRECTION('ref_axis',(1.,0.,0.));
#4911=DIRECTION('center_axis',(0.,0.,-1.));
#4912=DIRECTION('ref_axis',(1.,0.,0.));
#4913=DIRECTION('center_axis',(0.,0.,-1.));
#4914=DIRECTION('ref_axis',(1.,0.,0.));
#4915=DIRECTION('center_axis',(0.,0.,-1.));
#4916=DIRECTION('ref_axis',(1.,0.,0.));
#4917=DIRECTION('center_axis',(-1.,0.,0.));
#4918=DIRECTION('ref_axis',(0.,0.,1.));
#4919=DIRECTION('',(0.,1.,0.));
#4920=DIRECTION('center_axis',(-1.,0.,0.));
#4921=DIRECTION('ref_axis',(0.,-1.,0.));
#4922=DIRECTION('',(0.,0.,-1.));
#4923=DIRECTION('center_axis',(-1.,0.,0.));
#4924=DIRECTION('ref_axis',(0.,-1.,0.));
#4925=DIRECTION('',(-9.52555741967148E-17,-0.8661855860486,-0.499722453489577));
#4926=DIRECTION('center_axis',(-1.,0.,0.));
#4927=DIRECTION('ref_axis',(0.,-1.,0.));
#4928=DIRECTION('',(0.,-1.,0.));
#4929=DIRECTION('center_axis',(-1.,0.,0.));
#4930=DIRECTION('ref_axis',(0.,-1.,0.));
#4931=DIRECTION('center_axis',(-1.,0.,0.));
#4932=DIRECTION('ref_axis',(0.,-1.,0.));
#4933=DIRECTION('',(0.,1.,0.));
#4934=DIRECTION('center_axis',(1.,0.,0.));
#4935=DIRECTION('ref_axis',(0.,0.,-1.));
#4936=DIRECTION('',(0.,0.,1.));
#4937=DIRECTION('center_axis',(1.,0.,0.));
#4938=DIRECTION('ref_axis',(0.,0.,-1.));
#4939=DIRECTION('',(0.,-1.,0.));
#4940=DIRECTION('center_axis',(1.,0.,0.));
#4941=DIRECTION('ref_axis',(0.,0.,-1.));
#4942=DIRECTION('',(0.,-0.8661855860486,-0.499722453489577));
#4943=DIRECTION('center_axis',(1.,0.,0.));
#4944=DIRECTION('ref_axis',(0.,0.,-1.));
#4945=DIRECTION('',(0.,0.,-1.));
#4946=DIRECTION('center_axis',(1.,0.,0.));
#4947=DIRECTION('ref_axis',(0.,0.,-1.));
#4948=DIRECTION('',(0.,1.,0.));
#4949=DIRECTION('',(0.,0.,-1.));
#4950=DIRECTION('center_axis',(-1.,0.,0.));
#4951=DIRECTION('ref_axis',(0.,0.,-1.));
#4952=DIRECTION('center_axis',(0.,0.,-1.));
#4953=DIRECTION('ref_axis',(-1.,0.,0.));
#4954=DIRECTION('',(1.,0.,0.));
#4955=DIRECTION('center_axis',(0.,0.,-1.));
#4956=DIRECTION('ref_axis',(0.,1.,0.));
#4957=DIRECTION('center_axis',(0.,0.,-1.));
#4958=DIRECTION('ref_axis',(0.,1.,0.));
#4959=DIRECTION('center_axis',(0.,0.,-1.));
#4960=DIRECTION('ref_axis',(0.,1.,0.));
#4961=DIRECTION('center_axis',(0.,0.,-1.));
#4962=DIRECTION('ref_axis',(0.,1.,0.));
#4963=DIRECTION('center_axis',(0.,0.,-1.));
#4964=DIRECTION('ref_axis',(0.,1.,0.));
#4965=DIRECTION('center_axis',(0.,0.,-1.));
#4966=DIRECTION('ref_axis',(0.,1.,0.));
#4967=DIRECTION('center_axis',(-1.,0.,0.));
#4968=DIRECTION('ref_axis',(0.,0.,-1.));
#4969=DIRECTION('',(1.,0.,0.));
#4970=DIRECTION('center_axis',(0.,1.,0.));
#4971=DIRECTION('ref_axis',(0.,0.,1.));
#4972=DIRECTION('',(1.,0.,0.));
#4973=DIRECTION('',(0.,0.,1.));
#4974=DIRECTION('',(1.,0.,0.));
#4975=DIRECTION('',(0.,0.,1.));
#4976=DIRECTION('',(1.,0.,0.));
#4977=DIRECTION('',(0.,0.,1.));
#4978=DIRECTION('',(1.,0.,0.));
#4979=DIRECTION('',(0.,0.,1.));
#4980=DIRECTION('',(1.,0.,0.));
#4981=DIRECTION('',(0.,0.,1.));
#4982=DIRECTION('',(1.,0.,0.));
#4983=DIRECTION('',(0.,0.,1.));
#4984=DIRECTION('',(1.,0.,0.));
#4985=DIRECTION('',(0.,0.,1.));
#4986=DIRECTION('',(1.,0.,0.));
#4987=DIRECTION('',(0.,0.,1.));
#4988=DIRECTION('',(1.,0.,0.));
#4989=DIRECTION('',(0.,0.,1.));
#4990=DIRECTION('',(1.,0.,0.));
#4991=DIRECTION('',(0.,0.,1.));
#4992=DIRECTION('',(1.,0.,0.));
#4993=DIRECTION('',(0.,0.,1.));
#4994=DIRECTION('',(1.,0.,0.));
#4995=DIRECTION('',(0.,0.,1.));
#4996=DIRECTION('',(1.,0.,0.));
#4997=DIRECTION('',(0.,0.,1.));
#4998=DIRECTION('',(1.,0.,0.));
#4999=DIRECTION('',(0.,0.,1.));
#5000=DIRECTION('',(1.,0.,0.));
#5001=DIRECTION('',(0.,0.,1.));
#5002=DIRECTION('',(1.,0.,0.));
#5003=DIRECTION('center_axis',(-1.,0.,0.));
#5004=DIRECTION('ref_axis',(0.,0.,-1.));
#5005=DIRECTION('',(1.,0.,0.));
#5006=DIRECTION('center_axis',(0.,0.,1.));
#5007=DIRECTION('ref_axis',(1.,0.,0.));
#5008=DIRECTION('',(1.,0.,0.));
#5009=DIRECTION('center_axis',(-1.,0.,0.));
#5010=DIRECTION('ref_axis',(0.,0.,-1.));
#5011=DIRECTION('',(1.,0.,0.));
#5012=DIRECTION('center_axis',(0.,-0.499722453489577,0.8661855860486));
#5013=DIRECTION('ref_axis',(1.,0.,0.));
#5014=DIRECTION('',(1.,0.,0.));
#5015=DIRECTION('center_axis',(-1.,0.,0.));
#5016=DIRECTION('ref_axis',(0.,0.,-1.));
#5017=DIRECTION('',(1.,0.,0.));
#5018=DIRECTION('center_axis',(0.,-1.,0.));
#5019=DIRECTION('ref_axis',(0.,0.,-1.));
#5020=DIRECTION('',(1.,0.,0.));
#5021=DIRECTION('center_axis',(-1.,0.,0.));
#5022=DIRECTION('ref_axis',(0.,0.,-1.));
#5023=DIRECTION('',(1.,0.,0.));
#5024=DIRECTION('center_axis',(0.,0.,-1.));
#5025=DIRECTION('ref_axis',(-1.,0.,0.));
#5026=DIRECTION('',(-1.,0.,0.));
#5027=DIRECTION('center_axis',(0.,0.,-1.));
#5028=DIRECTION('ref_axis',(-1.,0.,0.));
#5029=DIRECTION('center_axis',(0.,0.,-1.));
#5030=DIRECTION('ref_axis',(-1.,0.,0.));
#5031=DIRECTION('center_axis',(0.,0.,-1.));
#5032=DIRECTION('ref_axis',(-1.,0.,0.));
#5033=DIRECTION('center_axis',(0.,0.,-1.));
#5034=DIRECTION('ref_axis',(-1.,0.,0.));
#5035=DIRECTION('center_axis',(0.,0.,-1.));
#5036=DIRECTION('ref_axis',(-1.,0.,0.));
#5037=DIRECTION('center_axis',(0.,0.,-1.));
#5038=DIRECTION('ref_axis',(-1.,0.,0.));
#5039=DIRECTION('center_axis',(0.,1.,0.));
#5040=DIRECTION('ref_axis',(0.,0.,1.));
#5041=DIRECTION('',(1.,0.,0.));
#5042=DIRECTION('center_axis',(0.,0.,-1.));
#5043=DIRECTION('ref_axis',(-1.,0.,0.));
#5044=DIRECTION('',(1.,0.,0.));
#5045=DIRECTION('center_axis',(0.,0.,-1.));
#5046=DIRECTION('ref_axis',(1.,0.,0.));
#5047=DIRECTION('center_axis',(0.,0.,-1.));
#5048=DIRECTION('ref_axis',(1.,0.,0.));
#5049=DIRECTION('center_axis',(0.,0.,-1.));
#5050=DIRECTION('ref_axis',(1.,0.,0.));
#5051=DIRECTION('center_axis',(0.,0.,-1.));
#5052=DIRECTION('ref_axis',(1.,0.,0.));
#5053=DIRECTION('center_axis',(0.,0.,-1.));
#5054=DIRECTION('ref_axis',(1.,0.,0.));
#5055=DIRECTION('center_axis',(0.,0.,-1.));
#5056=DIRECTION('ref_axis',(1.,0.,0.));
#5057=DIRECTION('center_axis',(-1.,0.,0.));
#5058=DIRECTION('ref_axis',(0.,0.,-1.));
#5059=DIRECTION('',(1.,0.,0.));
#5060=DIRECTION('center_axis',(0.,-1.,0.));
#5061=DIRECTION('ref_axis',(0.,0.,-1.));
#5062=DIRECTION('',(1.,0.,0.));
#5063=DIRECTION('center_axis',(-1.,0.,0.));
#5064=DIRECTION('ref_axis',(0.,0.,-1.));
#5065=DIRECTION('',(1.,0.,0.));
#5066=DIRECTION('center_axis',(0.,-0.499722453489577,0.8661855860486));
#5067=DIRECTION('ref_axis',(1.,0.,0.));
#5068=DIRECTION('',(1.,0.,0.));
#5069=DIRECTION('center_axis',(-1.,0.,0.));
#5070=DIRECTION('ref_axis',(0.,0.,-1.));
#5071=DIRECTION('',(1.,0.,0.));
#5072=DIRECTION('center_axis',(0.,0.,1.));
#5073=DIRECTION('ref_axis',(1.,0.,0.));
#5074=DIRECTION('',(1.,0.,0.));
#5075=DIRECTION('center_axis',(-1.,0.,0.));
#5076=DIRECTION('ref_axis',(0.,0.,-1.));
#5077=DIRECTION('center_axis',(0.,0.,-1.));
#5078=DIRECTION('ref_axis',(-1.,0.,0.));
#5079=DIRECTION('',(0.,1.,0.));
#5080=DIRECTION('',(0.,1.,0.));
#5081=DIRECTION('center_axis',(0.,0.,1.));
#5082=DIRECTION('ref_axis',(-1.,0.,0.));
#5083=DIRECTION('',(0.,0.,1.));
#5084=DIRECTION('center_axis',(0.,0.,1.));
#5085=DIRECTION('ref_axis',(-1.,0.,0.));
#5086=DIRECTION('',(0.,0.,1.));
#5087=DIRECTION('center_axis',(0.,0.,1.));
#5088=DIRECTION('ref_axis',(-1.,0.,0.));
#5089=DIRECTION('',(0.,0.,1.));
#5090=DIRECTION('center_axis',(0.,0.,1.));
#5091=DIRECTION('ref_axis',(1.,0.,0.));
#5092=DIRECTION('',(0.,1.,0.));
#5093=DIRECTION('center_axis',(-1.,0.,0.));
#5094=DIRECTION('ref_axis',(0.,0.,1.));
#5095=DIRECTION('center_axis',(1.,0.,0.));
#5096=DIRECTION('ref_axis',(0.,0.,-1.));
#5097=DIRECTION('',(0.,1.,0.));
#5098=DIRECTION('',(0.,1.,0.));
#5099=DIRECTION('center_axis',(0.,0.,1.));
#5100=DIRECTION('ref_axis',(1.,0.,0.));
#5101=DIRECTION('',(0.,1.,0.));
#5102=DIRECTION('center_axis',(-1.,0.,0.));
#5103=DIRECTION('ref_axis',(0.,0.,1.));
#5104=DIRECTION('',(0.,1.,0.));
#5105=DIRECTION('center_axis',(0.,0.,-1.));
#5106=DIRECTION('ref_axis',(-1.,0.,0.));
#5107=DIRECTION('center_axis',(1.,0.,0.));
#5108=DIRECTION('ref_axis',(0.,0.,-1.));
#5109=DIRECTION('',(0.,1.,0.));
#5110=DIRECTION('',(0.,1.,0.));
#5111=DIRECTION('center_axis',(0.,0.,1.));
#5112=DIRECTION('ref_axis',(1.,0.,0.));
#5113=DIRECTION('',(0.,1.,0.));
#5114=DIRECTION('center_axis',(-1.,0.,0.));
#5115=DIRECTION('ref_axis',(0.,0.,1.));
#5116=DIRECTION('',(0.,1.,0.));
#5117=DIRECTION('center_axis',(0.,0.,-1.));
#5118=DIRECTION('ref_axis',(-1.,0.,0.));
#5119=DIRECTION('center_axis',(1.,0.,0.));
#5120=DIRECTION('ref_axis',(0.,0.,-1.));
#5121=DIRECTION('',(0.,1.,0.));
#5122=DIRECTION('',(0.,1.,0.));
#5123=DIRECTION('center_axis',(0.,0.,1.));
#5124=DIRECTION('ref_axis',(1.,0.,0.));
#5125=DIRECTION('',(0.,1.,0.));
#5126=DIRECTION('center_axis',(-1.,0.,0.));
#5127=DIRECTION('ref_axis',(0.,0.,1.));
#5128=DIRECTION('',(0.,1.,0.));
#5129=DIRECTION('center_axis',(0.,0.,-1.));
#5130=DIRECTION('ref_axis',(-1.,0.,0.));
#5131=DIRECTION('center_axis',(1.,0.,0.));
#5132=DIRECTION('ref_axis',(0.,0.,-1.));
#5133=DIRECTION('',(0.,1.,0.));
#5134=DIRECTION('',(0.,1.,0.));
#5135=DIRECTION('center_axis',(0.,0.,1.));
#5136=DIRECTION('ref_axis',(1.,0.,0.));
#5137=DIRECTION('',(0.,1.,0.));
#5138=DIRECTION('center_axis',(-1.,0.,0.));
#5139=DIRECTION('ref_axis',(0.,0.,1.));
#5140=DIRECTION('',(0.,1.,0.));
#5141=DIRECTION('center_axis',(0.,0.,-1.));
#5142=DIRECTION('ref_axis',(-1.,0.,0.));
#5143=DIRECTION('center_axis',(1.,0.,0.));
#5144=DIRECTION('ref_axis',(0.,0.,-1.));
#5145=DIRECTION('',(0.,1.,0.));
#5146=DIRECTION('',(0.,1.,0.));
#5147=DIRECTION('center_axis',(0.,0.,1.));
#5148=DIRECTION('ref_axis',(1.,0.,0.));
#5149=DIRECTION('',(0.,1.,0.));
#5150=DIRECTION('center_axis',(-1.,0.,0.));
#5151=DIRECTION('ref_axis',(0.,0.,1.));
#5152=DIRECTION('',(0.,1.,0.));
#5153=DIRECTION('center_axis',(0.,0.,-1.));
#5154=DIRECTION('ref_axis',(-1.,0.,0.));
#5155=DIRECTION('center_axis',(1.,0.,0.));
#5156=DIRECTION('ref_axis',(0.,0.,-1.));
#5157=DIRECTION('',(0.,1.,0.));
#5158=DIRECTION('',(0.,1.,0.));
#5159=DIRECTION('center_axis',(0.,0.,1.));
#5160=DIRECTION('ref_axis',(1.,0.,0.));
#5161=DIRECTION('',(0.,1.,0.));
#5162=DIRECTION('center_axis',(-1.,0.,0.));
#5163=DIRECTION('ref_axis',(0.,0.,1.));
#5164=DIRECTION('',(0.,1.,0.));
#5165=DIRECTION('center_axis',(0.,0.,-1.));
#5166=DIRECTION('ref_axis',(-1.,0.,0.));
#5167=DIRECTION('center_axis',(1.,0.,0.));
#5168=DIRECTION('ref_axis',(0.,0.,-1.));
#5169=DIRECTION('',(0.,1.,0.));
#5170=DIRECTION('center_axis',(0.,0.,1.));
#5171=DIRECTION('ref_axis',(1.,0.,0.));
#5172=DIRECTION('',(0.,1.,0.));
#5173=DIRECTION('center_axis',(-1.,0.,0.));
#5174=DIRECTION('ref_axis',(0.,0.,1.));
#5175=DIRECTION('center_axis',(0.,0.,1.));
#5176=DIRECTION('ref_axis',(-1.,0.,0.));
#5177=DIRECTION('',(0.,0.,1.));
#5178=DIRECTION('center_axis',(0.,0.,1.));
#5179=DIRECTION('ref_axis',(-1.,0.,0.));
#5180=DIRECTION('',(0.,0.,1.));
#5181=DIRECTION('center_axis',(0.,0.,1.));
#5182=DIRECTION('ref_axis',(-1.,0.,0.));
#5183=DIRECTION('',(0.,0.,1.));
#5184=DIRECTION('center_axis',(0.,0.,1.));
#5185=DIRECTION('ref_axis',(-1.,0.,0.));
#5186=DIRECTION('',(0.,0.,1.));
#5187=DIRECTION('center_axis',(0.,0.,1.));
#5188=DIRECTION('ref_axis',(-1.,0.,0.));
#5189=DIRECTION('',(0.,0.,1.));
#5190=DIRECTION('center_axis',(0.,0.,1.));
#5191=DIRECTION('ref_axis',(-1.,0.,0.));
#5192=DIRECTION('',(0.,0.,1.));
#5193=DIRECTION('center_axis',(0.,0.,1.));
#5194=DIRECTION('ref_axis',(-1.,0.,0.));
#5195=DIRECTION('',(0.,0.,1.));
#5196=DIRECTION('center_axis',(0.,0.,1.));
#5197=DIRECTION('ref_axis',(-1.,0.,0.));
#5198=DIRECTION('',(0.,0.,1.));
#5199=DIRECTION('center_axis',(0.,0.,1.));
#5200=DIRECTION('ref_axis',(-1.,0.,0.));
#5201=DIRECTION('',(0.,0.,1.));
#5202=DIRECTION('axis',(0.,0.,1.));
#5203=DIRECTION('refdir',(1.,0.,0.));
#5204=DIRECTION('center_axis',(0.374006587023149,-0.17364817766693,0.91102435931003));
#5205=DIRECTION('ref_axis',(-0.925078378519565,1.59594559789866E-16,0.379776241483867));
#5206=DIRECTION('center_axis',(0.374006587023149,-0.17364817766693,0.91102435931003));
#5207=DIRECTION('ref_axis',(6.93889390390723E-17,0.982314829463931,0.18723668394641));
#5208=DIRECTION('',(0.0342369385641631,0.98423040372649,0.173546375410565));
#5209=DIRECTION('',(-0.925078378519565,2.43683745459219E-16,0.379776241483868));
#5210=DIRECTION('',(0.13272953711602,0.982224892758239,0.13272953711602));
#5211=DIRECTION('center_axis',(0.911024359310029,-0.17364817766693,0.374006587023151));
#5212=DIRECTION('ref_axis',(-0.379776241483869,2.35922392732846E-16,0.925078378519564));
#5213=DIRECTION('center_axis',(0.911024359310029,-0.17364817766693,0.374006587023151));
#5214=DIRECTION('ref_axis',(-0.379776241483869,1.38777878078145E-17,0.925078378519564));
#5215=DIRECTION('',(-0.379776241483869,2.81564080809341E-16,0.925078378519564));
#5216=DIRECTION('',(-0.173546375410565,-0.98423040372649,-0.034236938564163));
#5217=DIRECTION('center_axis',(0.984807753012208,-0.17364817766693,-1.3992525422613E-16));
#5218=DIRECTION('ref_axis',(1.83697019872103E-16,2.36000145234802E-16,1.));
#5219=DIRECTION('center_axis',(0.984807753012208,-0.17364817766693,-1.3992525422613E-16));
#5220=DIRECTION('ref_axis',(1.42083826816091E-16,4.93038065763132E-32,1.));
#5221=DIRECTION('',(1.83697019872103E-16,2.36000145234802E-16,1.));
#5222=DIRECTION('center_axis',(0.,1.,-2.36000145234802E-16));
#5223=DIRECTION('ref_axis',(-0.190140845070422,-2.31694752756629E-16,-0.981756822760049));
#5224=DIRECTION('center_axis',(0.,1.,-2.36000145234802E-16));
#5225=DIRECTION('ref_axis',(-0.190140845070422,-2.31694752756629E-16,-0.981756822760049));
#5226=DIRECTION('center_axis',(-1.66533453693773E-16,-1.,2.36000145234802E-16));
#5227=DIRECTION('ref_axis',(-0.190140845070422,-2.00029941138799E-16,-0.981756822760049));
#5228=DIRECTION('center_axis',(-0.984807753012208,-0.17364817766693,2.21887244524439E-16));
#5229=DIRECTION('ref_axis',(-1.83697019872103E-16,-2.36000145234802E-16,
-1.));
#5230=DIRECTION('center_axis',(-0.984807753012208,-0.17364817766693,2.21887244524439E-16));
#5231=DIRECTION('ref_axis',(-2.25310212928115E-16,6.16297582203915E-33,
-1.));
#5232=DIRECTION('',(-1.83697019872103E-16,-2.36000145234802E-16,-1.));
#5233=DIRECTION('',(0.173546375410565,-0.98423040372649,-0.0342369385641629));
#5234=DIRECTION('center_axis',(-0.91102435931003,-0.17364817766693,0.374006587023149));
#5235=DIRECTION('ref_axis',(-0.379776241483867,-1.31838984174237E-16,-0.925078378519565));
#5236=DIRECTION('center_axis',(-0.91102435931003,-0.17364817766693,0.374006587023149));
#5237=DIRECTION('ref_axis',(-0.379776241483867,9.02056207507939E-17,-0.925078378519565));
#5238=DIRECTION('',(-0.379776241483868,-1.55073182559043E-16,-0.925078378519565));
#5239=DIRECTION('',(0.13272953711602,-0.982224892758239,-0.13272953711602));
#5240=DIRECTION('center_axis',(1.2060416625019E-16,-0.17364817766693,0.984807753012208));
#5241=DIRECTION('ref_axis',(-1.,-9.86076131526265E-32,1.22464679914736E-16));
#5242=DIRECTION('center_axis',(1.2060416625019E-16,-0.17364817766693,0.984807753012208));
#5243=DIRECTION('ref_axis',(3.08148791101958E-33,0.984807753012208,0.17364817766693));
#5244=DIRECTION('',(-1.,1.66533453693774E-16,1.51829020991511E-16));
#5245=DIRECTION('center_axis',(0.,1.,-2.36000145234802E-16));
#5246=DIRECTION('ref_axis',(-0.981756822760049,4.48732670516876E-17,0.190140845070422));
#5247=DIRECTION('center_axis',(0.,1.,-2.36000145234802E-16));
#5248=DIRECTION('ref_axis',(-0.981756822760049,4.48732670516876E-17,0.190140845070422));
#5249=DIRECTION('center_axis',(-1.66533453693773E-16,-1.,2.36000145234802E-16));
#5250=DIRECTION('ref_axis',(-0.981756822760049,2.08368621433344E-16,0.190140845070422));
#5251=DIRECTION('center_axis',(-1.2060416625019E-16,-0.173648177666931,
-0.984807753012208));
#5252=DIRECTION('ref_axis',(1.,-9.55261252416069E-32,-1.22464679914736E-16));
#5253=DIRECTION('center_axis',(-1.2060416625019E-16,-0.173648177666931,
-0.984807753012208));
#5254=DIRECTION('ref_axis',(0.,-0.984807753012208,0.173648177666931));
#5255=DIRECTION('',(0.0342369385641632,0.98423040372649,-0.173546375410566));
#5256=DIRECTION('',(1.,-1.66533453693774E-16,-9.31003388379593E-17));
#5257=DIRECTION('center_axis',(0.374006587023151,-0.173648177666931,-0.911024359310029));
#5258=DIRECTION('ref_axis',(0.925078378519564,9.71445146547012E-17,0.379776241483869));
#5259=DIRECTION('center_axis',(0.374006587023151,-0.173648177666931,-0.911024359310029));
#5260=DIRECTION('ref_axis',(-9.71445146547012E-17,-0.982314829463931,0.187236683946411));
#5261=DIRECTION('',(-0.13272953711602,-0.982224892758239,0.13272953711602));
#5262=DIRECTION('',(0.925078378519564,-6.44292491653786E-17,0.379776241483869));
#5263=DIRECTION('center_axis',(0.91102435931003,-0.17364817766693,-0.374006587023149));
#5264=DIRECTION('ref_axis',(0.379776241483868,2.98372437868011E-16,0.925078378519565));
#5265=DIRECTION('center_axis',(0.91102435931003,-0.17364817766693,-0.374006587023149));
#5266=DIRECTION('ref_axis',(0.379776241483867,-7.63278329429795E-17,0.925078378519565));
#5267=DIRECTION('',(-0.173546375410565,-0.98423040372649,0.0342369385641633));
#5268=DIRECTION('',(0.379776241483868,1.55073182559043E-16,0.925078378519565));
#5269=DIRECTION('center_axis',(0.984807753012208,-0.17364817766693,-1.93210879759407E-17));
#5270=DIRECTION('ref_axis',(6.12323399573677E-17,2.36000145234802E-16,1.));
#5271=DIRECTION('center_axis',(0.984807753012208,-0.17364817766693,-1.93210879759407E-17));
#5272=DIRECTION('ref_axis',(1.96191469013559E-17,-1.19407656552009E-32,
1.));
#5273=DIRECTION('',(6.12323399573676E-17,2.36000145234802E-16,1.));
#5274=DIRECTION('center_axis',(0.,1.,-2.36000145234802E-16));
#5275=DIRECTION('ref_axis',(0.190140845070422,2.31694752756629E-16,0.981756822760049));
#5276=DIRECTION('center_axis',(0.,1.,-2.36000145234802E-16));
#5277=DIRECTION('ref_axis',(0.190140845070422,2.31694752756629E-16,0.981756822760049));
#5278=DIRECTION('center_axis',(-1.66533453693773E-16,-1.,2.36000145234802E-16));
#5279=DIRECTION('ref_axis',(0.190140845070422,2.00029941138799E-16,0.981756822760049));
#5280=DIRECTION('center_axis',(-0.984807753012208,-0.17364817766693,1.01283078274249E-16));
#5281=DIRECTION('ref_axis',(-6.12323399573676E-17,-2.36000145234802E-16,
-1.));
#5282=DIRECTION('center_axis',(-0.984807753012208,-0.17364817766693,1.01283078274249E-16));
#5283=DIRECTION('ref_axis',(-1.02845533013379E-16,-6.16297582203915E-32,
-1.));
#5284=DIRECTION('',(-0.173546375410565,0.98423040372649,-0.0342369385641634));
#5285=DIRECTION('',(-6.12323399573677E-17,-2.36000145234802E-16,-1.));
#5286=DIRECTION('center_axis',(-0.911024359310029,-0.17364817766693,-0.374006587023151));
#5287=DIRECTION('ref_axis',(0.379776241483869,-3.67761376907083E-16,-0.925078378519564));
#5288=DIRECTION('center_axis',(-0.911024359310029,-0.17364817766693,-0.374006587023151));
#5289=DIRECTION('ref_axis',(0.379776241483869,1.38777878078145E-17,-0.925078378519564));
#5290=DIRECTION('',(-0.13272953711602,0.982224892758239,-0.132729537116021));
#5291=DIRECTION('',(0.379776241483869,-2.81564080809341E-16,-0.925078378519564));
#5292=DIRECTION('center_axis',(0.,-0.17364817766693,0.984807753012208));
#5293=DIRECTION('ref_axis',(-1.,0.,0.));
#5294=DIRECTION('center_axis',(0.,-0.17364817766693,0.984807753012208));
#5295=DIRECTION('ref_axis',(0.,0.984807753012208,0.17364817766693));
#5296=DIRECTION('',(0.0342369385641632,-0.98423040372649,-0.173546375410565));
#5297=DIRECTION('',(-1.,1.66533453693773E-16,2.9364341076776E-17));
#5298=DIRECTION('center_axis',(0.,1.,-2.36000145234802E-16));
#5299=DIRECTION('ref_axis',(0.981756822760049,-4.48732670516876E-17,-0.190140845070422));
#5300=DIRECTION('center_axis',(0.,1.,-2.36000145234802E-16));
#5301=DIRECTION('ref_axis',(0.981756822760049,-4.48732670516876E-17,-0.190140845070422));
#5302=DIRECTION('center_axis',(-1.66533453693773E-16,-1.,2.36000145234802E-16));
#5303=DIRECTION('ref_axis',(0.981756822760049,-2.08368621433344E-16,-0.190140845070422));
#5304=DIRECTION('center_axis',(0.,-0.173648177666931,-0.984807753012208));
#5305=DIRECTION('ref_axis',(1.,0.,0.));
#5306=DIRECTION('center_axis',(0.,-0.173648177666931,-0.984807753012208));
#5307=DIRECTION('ref_axis',(0.,-0.984807753012208,0.173648177666931));
#5308=DIRECTION('',(1.,-1.66533453693773E-16,2.93643410767761E-17));
#5309=DIRECTION('',(0.034236938564163,-0.98423040372649,0.173546375410566));
#5310=DIRECTION('center_axis',(-0.374006587023149,-0.173648177666931,-0.911024359310029));
#5311=DIRECTION('ref_axis',(0.925078378519565,6.93889390390722E-18,-0.379776241483867));
#5312=DIRECTION('center_axis',(-0.374006587023149,-0.173648177666931,-0.911024359310029));
#5313=DIRECTION('ref_axis',(9.71445146547012E-17,-0.982314829463931,0.187236683946411));
#5314=DIRECTION('',(0.925078378519565,-2.43683745459219E-16,-0.379776241483868));
#5315=DIRECTION('center_axis',(-0.374006587023151,-0.17364817766693,0.911024359310029));
#5316=DIRECTION('ref_axis',(-0.925078378519564,-2.22044604925031E-16,-0.379776241483869));
#5317=DIRECTION('center_axis',(-0.374006587023151,-0.17364817766693,0.911024359310029));
#5318=DIRECTION('ref_axis',(-6.93889390390723E-17,0.982314829463931,0.18723668394641));
#5319=DIRECTION('',(-0.925078378519564,6.44292491653786E-17,-0.379776241483869));
#5320=DIRECTION('center_axis',(1.66533453693773E-16,1.,-2.36000145234802E-16));
#5321=DIRECTION('ref_axis',(0.,2.36000145234802E-16,1.));
#5322=DIRECTION('center_axis',(1.22464679914735E-16,0.,1.));
#5323=DIRECTION('ref_axis',(1.,0.,-6.12323399573677E-17));
#5324=DIRECTION('center_axis',(0.,-1.,2.36000145234802E-16));
#5325=DIRECTION('ref_axis',(1.,0.,0.));
#5326=DIRECTION('center_axis',(0.,-1.,2.36000145234802E-16));
#5327=DIRECTION('ref_axis',(0.,-2.30918471917281E-16,-1.));
#5328=DIRECTION('center_axis',(0.,-1.,2.36000145234802E-16));
#5329=DIRECTION('ref_axis',(1.,0.,0.));
#5330=DIRECTION('center_axis',(-1.,-2.89016822460111E-32,-1.22464679914735E-16));
#5331=DIRECTION('ref_axis',(-1.22464679914735E-16,2.26794927775901E-16,
1.));
#5332=DIRECTION('center_axis',(0.,-1.,2.36000145234802E-16));
#5333=DIRECTION('ref_axis',(0.,-2.36000145234802E-16,-1.));
#5334=DIRECTION('center_axis',(0.,-1.,2.36000145234802E-16));
#5335=DIRECTION('ref_axis',(1.,0.,0.));
#5336=DIRECTION('center_axis',(0.,-1.,2.36000145234802E-16));
#5337=DIRECTION('ref_axis',(0.,-2.36000145234802E-16,-1.));
#5338=DIRECTION('center_axis',(0.,-1.,2.36000145234802E-16));
#5339=DIRECTION('ref_axis',(1.,0.,0.));
#5340=DIRECTION('',(0.,1.,-2.36000145234802E-16));
#5341=DIRECTION('center_axis',(0.,1.,-2.36000145234802E-16));
#5342=DIRECTION('ref_axis',(0.,-2.36000145234802E-16,-1.));
#5343=DIRECTION('',(-1.06735001383232E-17,-0.996194698091746,-0.0871557427476596));
#5344=DIRECTION('center_axis',(0.,-1.,2.36000145234802E-16));
#5345=DIRECTION('ref_axis',(1.,0.,0.));
#5346=DIRECTION('center_axis',(0.,-1.,2.36000145234802E-16));
#5347=DIRECTION('ref_axis',(0.,-2.36000145234802E-16,-1.));
#5348=DIRECTION('axis',(0.,0.,1.));
#5349=DIRECTION('refdir',(1.,0.,0.));
#5350=DIRECTION('center_axis',(1.69966312610419E-16,-0.342020143325669,
-0.939692620785908));
#5351=DIRECTION('ref_axis',(1.,-5.55111512312579E-17,2.01078778667728E-16));
#5352=DIRECTION('',(-1.,5.55111512312578E-17,-2.01078778667728E-16));
#5353=DIRECTION('',(0.323615577118185,-0.889126490715988,0.323615577118185));
#5354=DIRECTION('',(-1.,5.55111512312578E-17,-2.01078778667728E-16));
#5355=DIRECTION('',(-0.323615577118185,-0.889126490715988,0.323615577118185));
#5356=DIRECTION('center_axis',(-0.939692620785908,-0.342020143325669,0.));
#5357=DIRECTION('ref_axis',(0.,0.,-1.));
#5358=DIRECTION('',(0.,0.,1.));
#5359=DIRECTION('',(0.323615577118185,-0.889126490715988,-0.323615577118185));
#5360=DIRECTION('',(0.,0.,1.));
#5361=DIRECTION('center_axis',(-1.89859319002877E-17,-0.342020143325669,
0.939692620785908));
#5362=DIRECTION('ref_axis',(-1.,5.55111512312578E-17,-1.84889274661175E-32));
#5363=DIRECTION('',(1.,-5.55111512312578E-17,0.));
#5364=DIRECTION('',(-0.323615577118185,-0.889126490715988,-0.323615577118185));
#5365=DIRECTION('',(1.,-5.55111512312578E-17,-3.27925094106027E-33));
#5366=DIRECTION('center_axis',(0.939692620785908,-0.342020143325669,0.));
#5367=DIRECTION('ref_axis',(0.,0.,1.));
#5368=DIRECTION('',(0.,0.,-1.));
#5369=DIRECTION('',(0.,0.,-1.));
#5370=DIRECTION('center_axis',(0.,1.,0.));
#5371=DIRECTION('ref_axis',(0.,0.,1.));
#5372=DIRECTION('center_axis',(-0.996194698091746,-0.0871557427476569,0.));
#5373=DIRECTION('ref_axis',(0.,0.,-1.));
#5374=DIRECTION('',(0.,0.,1.));
#5375=DIRECTION('',(0.0868265938642463,-0.992432509138967,-0.0868265938642478));
#5376=DIRECTION('',(0.,0.,1.));
#5377=DIRECTION('',(0.0868265938642463,-0.992432509138967,0.0868265938642478));
#5378=DIRECTION('center_axis',(8.70864795929892E-17,-0.0871557427476583,
0.996194698091746));
#5379=DIRECTION('ref_axis',(-1.,-1.54074395550979E-33,8.74191357972564E-17));
#5380=DIRECTION('',(1.,0.,-8.74191357972564E-17));
#5381=DIRECTION('',(-0.0868265938642477,-0.992432509138967,-0.0868265938642477));
#5382=DIRECTION('',(1.,0.,-8.74191357972564E-17));
#5383=DIRECTION('center_axis',(0.996194698091746,-0.0871557427476583,0.));
#5384=DIRECTION('ref_axis',(0.,0.,1.));
#5385=DIRECTION('',(0.,0.,-1.));
#5386=DIRECTION('',(-0.0868265938642477,-0.992432509138967,0.0868265938642477));
#5387=DIRECTION('',(0.,0.,-1.));
#5388=DIRECTION('center_axis',(0.,-0.0871557427476583,-0.996194698091746));
#5389=DIRECTION('ref_axis',(1.,0.,0.));
#5390=DIRECTION('',(-1.,0.,0.));
#5391=DIRECTION('',(-1.,0.,0.));
#5392=DIRECTION('center_axis',(-5.55111512312578E-17,-1.,0.));
#5393=DIRECTION('ref_axis',(0.,0.,-1.));
#5394=DIRECTION('center_axis',(-5.55111512312578E-17,-1.,0.));
#5395=DIRECTION('ref_axis',(0.,0.,-1.));
#5396=DIRECTION('',(0.,0.,1.));
#5397=DIRECTION('',(1.,0.,0.));
#5398=DIRECTION('',(0.,0.,1.));
#5399=DIRECTION('',(1.,0.,0.));
#5400=DIRECTION('',(0.,1.,2.36000145234802E-16));
#5401=DIRECTION('',(1.,0.,0.));
#5402=DIRECTION('',(-6.14662375484038E-17,-1.,1.74104341421973E-32));
#5403=DIRECTION('',(1.,-6.14662375484038E-17,-6.69535286834775E-17));
#5404=DIRECTION('',(0.,1.,2.36000145234802E-16));
#5405=DIRECTION('',(1.,0.,0.));
#5406=DIRECTION('',(0.,1.,2.36000145234802E-16));
#5407=DIRECTION('',(1.,0.,0.));
#5408=DIRECTION('',(0.,1.,2.36000145234802E-16));
#5409=DIRECTION('',(1.,0.,0.));
#5410=DIRECTION('',(-6.14662375484038E-17,-1.,-3.86052207741391E-17));
#5411=DIRECTION('',(1.,-6.14662375484038E-17,-1.35188240159598E-15));
#5412=DIRECTION('',(-6.14662375484038E-17,-1.,4.14603068248957E-33));
#5413=DIRECTION('',(1.,-6.14662375484038E-17,-5.72118872610984E-18));
#5414=DIRECTION('',(-6.14662375484038E-17,-1.,7.90178250721341E-33));
#5415=DIRECTION('',(1.,-6.14662375484038E-17,-6.69535286834775E-17));
#5416=CARTESIAN_POINT('',(0.,0.,0.));
#5417=CARTESIAN_POINT('',(0.,0.,0.));
#5418=CARTESIAN_POINT('Origin',(53.1114,73.025,81.4324));
#5419=CARTESIAN_POINT('',(53.1114,68.2625,81.4324));
#5420=CARTESIAN_POINT('',(53.1114,11.8872,81.4324));
#5421=CARTESIAN_POINT('',(53.1114,68.2625,81.4324));
#5422=CARTESIAN_POINT('',(51.054,68.2625,81.4324));
#5423=CARTESIAN_POINT('',(53.1114,68.2625,81.4324));
#5424=CARTESIAN_POINT('',(51.054,11.8872,81.4324));
#5425=CARTESIAN_POINT('',(51.054,11.8872,81.4324));
#5426=CARTESIAN_POINT('',(51.054,11.8872,81.4324));
#5427=CARTESIAN_POINT('Origin',(-53.1114,68.2625,76.6699));
#5428=CARTESIAN_POINT('',(-53.1114,68.2625,81.4324));
#5429=CARTESIAN_POINT('',(-53.1114,73.025,76.6699));
#5430=CARTESIAN_POINT('Origin',(-53.1114,68.2625,76.6699));
#5431=CARTESIAN_POINT('',(-51.054,68.2625,81.4324));
#5432=CARTESIAN_POINT('',(-53.1114,68.2625,81.4324));
#5433=CARTESIAN_POINT('',(-51.054,73.025,76.6699));
#5434=CARTESIAN_POINT('Origin',(-51.054,68.2625,76.6699));
#5435=CARTESIAN_POINT('',(-53.1114,73.025,76.6699));
#5436=CARTESIAN_POINT('Origin',(34.9250000000001,73.0249999999999,4.05621119234735E-30));
#5437=CARTESIAN_POINT('',(34.925,-25.3999999999999,2.0574));
#5438=CARTESIAN_POINT('',(34.925,-25.3999999999999,4.05621119234735E-30));
#5439=CARTESIAN_POINT('',(34.925,-25.3999999999999,2.0574));
#5440=CARTESIAN_POINT('',(34.925,-47.6249999999999,4.05621119234735E-30));
#5441=CARTESIAN_POINT('',(34.9250000000001,-47.6249999999999,4.05621119234735E-30));
#5442=CARTESIAN_POINT('',(34.925,-47.6249999999999,2.0574));
#5443=CARTESIAN_POINT('',(34.925,-47.6249999999999,2.0574));
#5444=CARTESIAN_POINT('',(34.925,-47.6249999999999,2.0574));
#5445=CARTESIAN_POINT('Origin',(-53.1114,-25.3999999999999,4.05621119234735E-30));
#5446=CARTESIAN_POINT('',(31.75,-25.3999999999999,2.0574));
#5447=CARTESIAN_POINT('',(31.75,-25.3999999999999,2.0574));
#5448=CARTESIAN_POINT('',(31.75,-25.3999999999999,4.05621119234735E-30));
#5449=CARTESIAN_POINT('',(31.75,-25.3999999999999,2.0574));
#5450=CARTESIAN_POINT('',(34.925,-25.3999999999999,4.05621119234735E-30));
#5451=CARTESIAN_POINT('Origin',(-53.1114,73.025,4.05621119234735E-30));
#5452=CARTESIAN_POINT('',(50.038,-73.025,4.05621119234735E-30));
#5453=CARTESIAN_POINT('',(-50.038,-73.025,4.05621119234735E-30));
#5454=CARTESIAN_POINT('',(50.038,-73.025,4.05621119234735E-30));
#5455=CARTESIAN_POINT('',(-50.038,73.025,4.05621119234735E-30));
#5456=CARTESIAN_POINT('',(-50.038,73.025,4.05621119234735E-30));
#5457=CARTESIAN_POINT('',(50.038,73.025,4.05621119234735E-30));
#5458=CARTESIAN_POINT('',(50.038,73.025,4.05621119234735E-30));
#5459=CARTESIAN_POINT('',(50.038,73.025,4.05621119234735E-30));
#5460=CARTESIAN_POINT('',(22.225,-47.6249999999999,4.05621119234735E-30));
#5461=CARTESIAN_POINT('',(25.4,-47.6249999999999,4.05621119234735E-30));
#5462=CARTESIAN_POINT('',(22.225,-47.6249999999999,4.05621119234735E-30));
#5463=CARTESIAN_POINT('',(25.4,-25.3999999999999,4.05621119234735E-30));
#5464=CARTESIAN_POINT('',(25.4000000000001,-47.6249999999999,4.05621119234735E-30));
#5465=CARTESIAN_POINT('',(22.225,-25.3999999999999,4.05621119234735E-30));
#5466=CARTESIAN_POINT('',(25.4,-25.3999999999999,4.05621119234735E-30));
#5467=CARTESIAN_POINT('',(22.2249999999999,-25.3999999999999,4.05621119234735E-30));
#5468=CARTESIAN_POINT('',(12.7,-47.6249999999999,4.05621119234735E-30));
#5469=CARTESIAN_POINT('',(15.875,-47.6249999999999,4.05621119234735E-30));
#5470=CARTESIAN_POINT('',(12.7,-47.6249999999999,4.05621119234735E-30));
#5471=CARTESIAN_POINT('',(15.875,-25.3999999999999,4.05621119234735E-30));
#5472=CARTESIAN_POINT('',(15.8750000000001,-47.6249999999999,4.05621119234735E-30));
#5473=CARTESIAN_POINT('',(12.7,-25.3999999999999,4.05621119234735E-30));
#5474=CARTESIAN_POINT('',(15.875,-25.3999999999999,4.05621119234735E-30));
#5475=CARTESIAN_POINT('',(12.6999999999999,-25.3999999999999,4.05621119234735E-30));
#5476=CARTESIAN_POINT('',(3.17500000000002,-47.6249999999999,4.05621119234735E-30));
#5477=CARTESIAN_POINT('',(6.34999999999999,-47.6249999999999,4.05621119234735E-30));
#5478=CARTESIAN_POINT('',(3.17500000000002,-47.6249999999999,4.05621119234735E-30));
#5479=CARTESIAN_POINT('',(6.35000000000002,-25.3999999999999,4.05621119234735E-30));
#5480=CARTESIAN_POINT('',(6.35000000000014,-47.6249999999999,4.05621119234735E-30));
#5481=CARTESIAN_POINT('',(3.175,-25.3999999999999,4.05621119234735E-30));
#5482=CARTESIAN_POINT('',(6.35000000000002,-25.3999999999999,4.05621119234735E-30));
#5483=CARTESIAN_POINT('',(3.17499999999988,-25.3999999999999,4.05621119234735E-30));
#5484=CARTESIAN_POINT('',(-6.34999999999998,-47.6249999999999,4.05621119234735E-30));
#5485=CARTESIAN_POINT('',(-3.17500000000001,-47.6249999999999,4.05621119234735E-30));
#5486=CARTESIAN_POINT('',(-6.34999999999998,-47.6249999999999,4.05621119234735E-30));
#5487=CARTESIAN_POINT('',(-3.17499999999998,-25.3999999999999,4.05621119234735E-30));
#5488=CARTESIAN_POINT('',(-3.17499999999986,-47.6249999999999,4.05621119234735E-30));
#5489=CARTESIAN_POINT('',(-6.34999999999999,-25.3999999999999,4.05621119234735E-30));
#5490=CARTESIAN_POINT('',(-3.17499999999998,-25.3999999999999,4.05621119234735E-30));
#5491=CARTESIAN_POINT('',(-6.35000000000012,-25.3999999999999,4.05621119234735E-30));
#5492=CARTESIAN_POINT('',(-15.875,-47.6249999999999,4.05621119234735E-30));
#5493=CARTESIAN_POINT('',(-12.7,-47.6249999999999,4.05621119234735E-30));
#5494=CARTESIAN_POINT('',(-15.875,-47.6249999999999,4.05621119234735E-30));
#5495=CARTESIAN_POINT('',(-12.7,-25.3999999999999,4.05621119234735E-30));
#5496=CARTESIAN_POINT('',(-12.6999999999999,-47.6249999999999,4.05621119234735E-30));
#5497=CARTESIAN_POINT('',(-15.875,-25.3999999999999,4.05621119234735E-30));
#5498=CARTESIAN_POINT('',(-12.7,-25.3999999999999,4.05621119234735E-30));
#5499=CARTESIAN_POINT('',(-15.8750000000001,-25.3999999999999,4.05621119234735E-30));
#5500=CARTESIAN_POINT('',(-25.4,-47.6249999999999,4.05621119234735E-30));
#5501=CARTESIAN_POINT('',(-22.225,-47.6249999999999,4.05621119234735E-30));
#5502=CARTESIAN_POINT('',(-25.4,-47.6249999999999,4.05621119234735E-30));
#5503=CARTESIAN_POINT('',(-22.225,-25.3999999999999,4.05621119234735E-30));
#5504=CARTESIAN_POINT('',(-22.2249999999999,-47.6249999999999,4.05621119234735E-30));
#5505=CARTESIAN_POINT('',(-25.4,-25.3999999999999,4.05621119234735E-30));
#5506=CARTESIAN_POINT('',(-22.225,-25.3999999999999,4.05621119234735E-30));
#5507=CARTESIAN_POINT('',(-25.4000000000001,-25.3999999999999,4.05621119234735E-30));
#5508=CARTESIAN_POINT('',(-34.925,-47.6249999999999,4.05621119234735E-30));
#5509=CARTESIAN_POINT('',(-31.75,-47.6249999999999,4.05621119234735E-30));
#5510=CARTESIAN_POINT('',(-34.925,-47.6249999999999,4.05621119234735E-30));
#5511=CARTESIAN_POINT('',(-31.75,-25.3999999999999,4.05621119234735E-30));
#5512=CARTESIAN_POINT('',(-31.7499999999999,-47.6249999999999,4.05621119234735E-30));
#5513=CARTESIAN_POINT('',(-34.925,-25.3999999999999,4.05621119234735E-30));
#5514=CARTESIAN_POINT('',(-31.75,-25.3999999999999,4.05621119234735E-30));
#5515=CARTESIAN_POINT('',(-34.9250000000001,-25.3999999999999,4.05621119234735E-30));
#5516=CARTESIAN_POINT('',(-42.6466,-64.2874,0.));
#5517=CARTESIAN_POINT('Origin',(-40.4749,-64.2874,0.));
#5518=CARTESIAN_POINT('',(-42.6466,64.2874,0.));
#5519=CARTESIAN_POINT('Origin',(-40.4749,64.2874,0.));
#5520=CARTESIAN_POINT('',(38.3031999999999,64.2874,0.));
#5521=CARTESIAN_POINT('Origin',(40.4748999999999,64.2874,0.));
#5522=CARTESIAN_POINT('',(38.3032,-64.2874,0.));
#5523=CARTESIAN_POINT('Origin',(40.4749,-64.2874,0.));
#5524=CARTESIAN_POINT('',(31.75,-47.6249999999999,4.05621119234735E-30));
#5525=CARTESIAN_POINT('',(31.75,-47.6249999999999,4.05621119234735E-30));
#5526=CARTESIAN_POINT('',(31.7499999999999,-25.3999999999999,4.05621119234735E-30));
#5527=CARTESIAN_POINT('Origin',(-53.1114,73.025,4.05621119234735E-30));
#5528=CARTESIAN_POINT('',(-53.1114,11.8872,81.4324));
#5529=CARTESIAN_POINT('',(-53.1114,68.2625,81.4324));
#5530=CARTESIAN_POINT('',(-53.1114,73.025,3.0734));
#5531=CARTESIAN_POINT('',(-53.1114,73.025,3.0734));
#5532=CARTESIAN_POINT('',(-53.1114,-73.025,3.0734));
#5533=CARTESIAN_POINT('',(-53.1114,73.025,3.0734));
#5534=CARTESIAN_POINT('',(-53.1114,-73.025,28.7441479578376));
#5535=CARTESIAN_POINT('',(-53.1114,-73.025,3.0734));
#5536=CARTESIAN_POINT('',(-53.1114,-69.8498988922161,34.2434676452357));
#5537=CARTESIAN_POINT('Origin',(-53.1114,-66.675,28.7441479578376));
#5538=CARTESIAN_POINT('',(-53.1114,-69.8498988922161,34.2434676452357));
#5539=CARTESIAN_POINT('Origin',(-53.1114,22.4810085204914,87.548478505698));
#5540=CARTESIAN_POINT('',(-51.054,-69.8498988922161,34.2434676452357));
#5541=CARTESIAN_POINT('',(-53.1114,-69.8498988922161,34.2434676452357));
#5542=CARTESIAN_POINT('',(-51.054,11.8872,81.4324));
#5543=CARTESIAN_POINT('',(-51.054,-69.8498988922161,34.2434676452357));
#5544=CARTESIAN_POINT('',(-51.054,11.8872,81.4324));
#5545=CARTESIAN_POINT('Origin',(-53.1114,73.025,81.4324));
#5546=CARTESIAN_POINT('',(-51.054,11.8872,81.4324));
#5547=CARTESIAN_POINT('Origin',(-53.1114,73.025,4.05621119234735E-30));
#5548=CARTESIAN_POINT('',(51.054,73.025,76.6699));
#5549=CARTESIAN_POINT('',(51.054,73.025,3.0734));
#5550=CARTESIAN_POINT('',(51.054,73.025,3.0734));
#5551=CARTESIAN_POINT('',(53.1114,73.025,76.6699));
#5552=CARTESIAN_POINT('',(51.054,73.025,76.6699));
#5553=CARTESIAN_POINT('',(53.1114,73.025,3.0734));
#5554=CARTESIAN_POINT('',(53.1114,73.025,76.6699));
#5555=CARTESIAN_POINT('Origin',(50.038,73.025,3.0734));
#5556=CARTESIAN_POINT('Origin',(-50.038,73.025,3.0734));
#5557=CARTESIAN_POINT('',(-51.054,73.025,3.0734));
#5558=CARTESIAN_POINT('',(-51.054,73.025,76.6699));
#5559=CARTESIAN_POINT('',(-50.038,73.025,2.0574));
#5560=CARTESIAN_POINT('Origin',(-50.038,73.025,3.0734));
#5561=CARTESIAN_POINT('',(50.038,73.025,2.0574));
#5562=CARTESIAN_POINT('',(-50.038,73.025,2.0574));
#5563=CARTESIAN_POINT('Origin',(50.038,73.025,3.0734));
#5564=CARTESIAN_POINT('Origin',(53.1114,73.025,4.05621119234735E-30));
#5565=CARTESIAN_POINT('Origin',(53.1114,68.2625,76.6699));
#5566=CARTESIAN_POINT('',(53.1114,-69.8498988922161,34.2434676452357));
#5567=CARTESIAN_POINT('',(53.1114,11.8872,81.4324));
#5568=CARTESIAN_POINT('',(53.1114,-73.025,28.7441479578375));
#5569=CARTESIAN_POINT('Origin',(53.1114,-66.675,28.7441479578375));
#5570=CARTESIAN_POINT('',(53.1114,-73.025,3.0734));
#5571=CARTESIAN_POINT('',(53.1114,-73.025,28.7441479578375));
#5572=CARTESIAN_POINT('',(53.1114,73.025,3.0734));
#5573=CARTESIAN_POINT('Origin',(50.038,73.025,3.0734));
#5574=CARTESIAN_POINT('Origin',(50.038,-73.025,3.0734));
#5575=CARTESIAN_POINT('Origin',(-50.038,73.025,3.0734));
#5576=CARTESIAN_POINT('Origin',(-50.038,-73.025,3.0734));
#5577=CARTESIAN_POINT('Origin',(-50.038,-73.025,3.0734));
#5578=CARTESIAN_POINT('',(51.054,-73.025,28.7441479578375));
#5579=CARTESIAN_POINT('',(51.054,-73.025,28.7441479578375));
#5580=CARTESIAN_POINT('',(51.054,-73.025,3.0734));
#5581=CARTESIAN_POINT('',(51.054,-73.025,3.0734));
#5582=CARTESIAN_POINT('',(50.038,-73.025,2.0574));
#5583=CARTESIAN_POINT('Origin',(50.038,-73.025,3.0734));
#5584=CARTESIAN_POINT('',(-50.038,-73.025,2.0574));
#5585=CARTESIAN_POINT('',(-50.038,-73.025,2.0574));
#5586=CARTESIAN_POINT('',(-51.054,-73.025,3.0734));
#5587=CARTESIAN_POINT('Origin',(-50.038,-73.025,3.0734));
#5588=CARTESIAN_POINT('',(-51.054,-73.025,28.7441479578376));
#5589=CARTESIAN_POINT('',(-51.054,-73.025,28.7441479578376));
#5590=CARTESIAN_POINT('',(-51.054,-73.025,28.7441479578376));
#5591=CARTESIAN_POINT('Origin',(-50.038,-66.675,28.7441479578376));
#5592=CARTESIAN_POINT('Origin',(-51.054,-66.675,28.7441479578376));
#5593=CARTESIAN_POINT('Origin',(-51.054,73.025,7.0124816745663E-16));
#5594=CARTESIAN_POINT('',(-51.054,73.025,3.0734));
#5595=CARTESIAN_POINT('Origin',(-50.038,73.025,3.0734));
#5596=CARTESIAN_POINT('',(-50.038,-73.025,2.0574));
#5597=CARTESIAN_POINT('Origin',(-53.1114,73.025,2.0574));
#5598=CARTESIAN_POINT('',(50.038,73.025,2.0574));
#5599=CARTESIAN_POINT('',(25.4,-47.6249999999999,2.0574));
#5600=CARTESIAN_POINT('',(25.4,-25.3999999999999,2.0574));
#5601=CARTESIAN_POINT('',(25.4,-47.6249999999999,2.0574));
#5602=CARTESIAN_POINT('',(22.225,-47.6249999999999,2.0574));
#5603=CARTESIAN_POINT('',(22.225,-47.6249999999999,2.0574));
#5604=CARTESIAN_POINT('',(22.225,-25.3999999999999,2.0574));
#5605=CARTESIAN_POINT('',(22.225,-47.6249999999999,2.0574));
#5606=CARTESIAN_POINT('',(22.225,-25.3999999999999,2.0574));
#5607=CARTESIAN_POINT('',(15.875,-47.6249999999999,2.0574));
#5608=CARTESIAN_POINT('',(15.875,-25.3999999999999,2.0574));
#5609=CARTESIAN_POINT('',(15.875,-47.6249999999999,2.0574));
#5610=CARTESIAN_POINT('',(12.7,-47.6249999999999,2.0574));
#5611=CARTESIAN_POINT('',(12.7,-47.6249999999999,2.0574));
#5612=CARTESIAN_POINT('',(12.7,-25.3999999999999,2.0574));
#5613=CARTESIAN_POINT('',(12.7,-47.6249999999999,2.0574));
#5614=CARTESIAN_POINT('',(12.7,-25.3999999999999,2.0574));
#5615=CARTESIAN_POINT('',(6.34999999999999,-47.6249999999999,2.0574));
#5616=CARTESIAN_POINT('',(6.35000000000002,-25.3999999999999,2.0574));
#5617=CARTESIAN_POINT('',(6.34999999999999,-47.6249999999999,2.0574));
#5618=CARTESIAN_POINT('',(3.17500000000002,-47.6249999999999,2.0574));
#5619=CARTESIAN_POINT('',(3.17500000000002,-47.6249999999999,2.0574));
#5620=CARTESIAN_POINT('',(3.175,-25.3999999999999,2.0574));
#5621=CARTESIAN_POINT('',(3.175,-47.6249999999999,2.0574));
#5622=CARTESIAN_POINT('',(3.175,-25.3999999999999,2.0574));
#5623=CARTESIAN_POINT('',(-3.17500000000001,-47.6249999999999,2.0574));
#5624=CARTESIAN_POINT('',(-3.17499999999998,-25.3999999999999,2.0574));
#5625=CARTESIAN_POINT('',(-3.17500000000001,-47.6249999999999,2.0574));
#5626=CARTESIAN_POINT('',(-6.34999999999998,-47.6249999999999,2.0574));
#5627=CARTESIAN_POINT('',(-6.34999999999998,-47.6249999999999,2.0574));
#5628=CARTESIAN_POINT('',(-6.34999999999999,-25.3999999999999,2.0574));
#5629=CARTESIAN_POINT('',(-6.34999999999999,-47.6249999999999,2.0574));
#5630=CARTESIAN_POINT('',(-6.34999999999999,-25.3999999999999,2.0574));
#5631=CARTESIAN_POINT('',(-12.7,-47.6249999999999,2.0574));
#5632=CARTESIAN_POINT('',(-12.7,-25.3999999999999,2.0574));
#5633=CARTESIAN_POINT('',(-12.7,-47.6249999999999,2.0574));
#5634=CARTESIAN_POINT('',(-15.875,-47.6249999999999,2.0574));
#5635=CARTESIAN_POINT('',(-15.875,-47.6249999999999,2.0574));
#5636=CARTESIAN_POINT('',(-15.875,-25.3999999999999,2.0574));
#5637=CARTESIAN_POINT('',(-15.875,-47.6249999999999,2.0574));
#5638=CARTESIAN_POINT('',(-15.875,-25.3999999999999,2.0574));
#5639=CARTESIAN_POINT('',(-22.225,-47.6249999999999,2.0574));
#5640=CARTESIAN_POINT('',(-22.225,-25.3999999999999,2.0574));
#5641=CARTESIAN_POINT('',(-22.225,-47.6249999999999,2.0574));
#5642=CARTESIAN_POINT('',(-25.4,-47.6249999999999,2.0574));
#5643=CARTESIAN_POINT('',(-25.4,-47.6249999999999,2.0574));
#5644=CARTESIAN_POINT('',(-25.4,-25.3999999999999,2.0574));
#5645=CARTESIAN_POINT('',(-25.4,-47.6249999999999,2.0574));
#5646=CARTESIAN_POINT('',(-25.4,-25.3999999999999,2.0574));
#5647=CARTESIAN_POINT('',(-31.75,-47.6249999999999,2.0574));
#5648=CARTESIAN_POINT('',(-31.75,-25.3999999999999,2.0574));
#5649=CARTESIAN_POINT('',(-31.75,-47.6249999999999,2.0574));
#5650=CARTESIAN_POINT('',(-34.925,-47.6249999999999,2.0574));
#5651=CARTESIAN_POINT('',(-34.925,-47.6249999999999,2.0574));
#5652=CARTESIAN_POINT('',(-34.925,-25.3999999999999,2.0574));
#5653=CARTESIAN_POINT('',(-34.925,-47.6249999999999,2.0574));
#5654=CARTESIAN_POINT('',(-34.925,-25.3999999999999,2.0574));
#5655=CARTESIAN_POINT('',(-42.6466,-64.2874,2.05739999999999));
#5656=CARTESIAN_POINT('Origin',(-40.4749,-64.2874,2.0574));
#5657=CARTESIAN_POINT('',(-42.6466,64.2874,2.05739999999999));
#5658=CARTESIAN_POINT('Origin',(-40.4749,64.2874,2.0574));
#5659=CARTESIAN_POINT('',(38.3031999999999,64.2874,2.05739999999999));
#5660=CARTESIAN_POINT('Origin',(40.4748999999999,64.2874,2.0574));
#5661=CARTESIAN_POINT('',(38.3032,-64.2874,2.05739999999999));
#5662=CARTESIAN_POINT('Origin',(40.4749,-64.2874,2.0574));
#5663=CARTESIAN_POINT('',(31.75,-47.6249999999999,2.0574));
#5664=CARTESIAN_POINT('',(31.75,-47.6249999999999,2.0574));
#5665=CARTESIAN_POINT('',(31.75,-47.6249999999999,2.0574));
#5666=CARTESIAN_POINT('Origin',(50.038,73.025,3.0734));
#5667=CARTESIAN_POINT('',(51.054,-73.025,3.0734));
#5668=CARTESIAN_POINT('Origin',(51.054,73.025,7.0124816745663E-16));
#5669=CARTESIAN_POINT('Origin',(51.054,68.2625,76.6699));
#5670=CARTESIAN_POINT('',(51.054,-69.8498988922161,34.2434676452357));
#5671=CARTESIAN_POINT('Origin',(51.054,-66.675,28.7441479578375));
#5672=CARTESIAN_POINT('',(51.054,11.8872,81.4324));
#5673=CARTESIAN_POINT('Origin',(53.1114,-66.675,28.7441479578375));
#5674=CARTESIAN_POINT('',(53.1114,-69.8498988922161,34.2434676452357));
#5675=CARTESIAN_POINT('Origin',(53.1114,22.4810085204914,87.548478505698));
#5676=CARTESIAN_POINT('Origin',(53.1114,68.2625,76.6699));
#5677=CARTESIAN_POINT('Origin',(40.4749,-64.2874,-196.046489152668));
#5678=CARTESIAN_POINT('',(38.3032,-64.2874,-196.046489152668));
#5679=CARTESIAN_POINT('Origin',(40.4748999999999,64.2874,-196.046489152668));
#5680=CARTESIAN_POINT('',(38.3031999999999,64.2874,-196.046489152668));
#5681=CARTESIAN_POINT('Origin',(-40.4749,64.2874,-196.046489152668));
#5682=CARTESIAN_POINT('',(-42.6466,64.2874,-196.046489152668));
#5683=CARTESIAN_POINT('Origin',(-40.4749,-64.2874,-196.046489152668));
#5684=CARTESIAN_POINT('',(-42.6466,-64.2874,-196.046489152668));
#5685=CARTESIAN_POINT('Origin',(-31.7499999999999,73.025,4.05621119234735E-30));
#5686=CARTESIAN_POINT('',(-31.75,-25.3999999999999,2.0574));
#5687=CARTESIAN_POINT('',(-31.75,-47.6249999999999,2.0574));
#5688=CARTESIAN_POINT('Origin',(-53.1114,-47.6249999999999,4.05621119234735E-30));
#5689=CARTESIAN_POINT('',(-34.925,-47.6249999999999,2.0574));
#5690=CARTESIAN_POINT('Origin',(-34.9250000000001,73.025,4.05621119234735E-30));
#5691=CARTESIAN_POINT('',(-34.925,-25.3999999999999,2.0574));
#5692=CARTESIAN_POINT('Origin',(-53.1114,-25.3999999999999,4.05621119234735E-30));
#5693=CARTESIAN_POINT('Origin',(-22.2249999999999,73.0249999999999,4.05621119234735E-30));
#5694=CARTESIAN_POINT('',(-22.225,-25.3999999999999,2.0574));
#5695=CARTESIAN_POINT('',(-22.225,-47.6249999999999,2.0574));
#5696=CARTESIAN_POINT('Origin',(-53.1114,-47.6249999999999,4.05621119234735E-30));
#5697=CARTESIAN_POINT('',(-25.4,-47.6249999999999,2.0574));
#5698=CARTESIAN_POINT('Origin',(-25.4000000000001,73.025,4.05621119234735E-30));
#5699=CARTESIAN_POINT('',(-25.4,-25.3999999999999,2.0574));
#5700=CARTESIAN_POINT('Origin',(-53.1114,-25.3999999999999,4.05621119234735E-30));
#5701=CARTESIAN_POINT('Origin',(-12.6999999999999,73.0249999999999,4.05621119234735E-30));
#5702=CARTESIAN_POINT('',(-12.7,-25.3999999999999,2.0574));
#5703=CARTESIAN_POINT('',(-12.7,-47.6249999999999,2.0574));
#5704=CARTESIAN_POINT('Origin',(-53.1114,-47.6249999999999,4.05621119234735E-30));
#5705=CARTESIAN_POINT('',(-15.875,-47.6249999999999,2.0574));
#5706=CARTESIAN_POINT('Origin',(-15.8750000000001,73.025,4.05621119234735E-30));
#5707=CARTESIAN_POINT('',(-15.875,-25.3999999999999,2.0574));
#5708=CARTESIAN_POINT('Origin',(-53.1114,-25.3999999999999,4.05621119234735E-30));
#5709=CARTESIAN_POINT('Origin',(-3.17499999999986,73.0249999999999,4.05621119234735E-30));
#5710=CARTESIAN_POINT('',(-3.17499999999998,-25.3999999999999,2.0574));
#5711=CARTESIAN_POINT('',(-3.17500000000001,-47.6249999999999,2.0574));
#5712=CARTESIAN_POINT('Origin',(-53.1114,-47.6249999999999,4.05621119234735E-30));
#5713=CARTESIAN_POINT('',(-6.34999999999998,-47.6249999999999,2.0574));
#5714=CARTESIAN_POINT('Origin',(-6.35000000000012,73.025,4.05621119234735E-30));
#5715=CARTESIAN_POINT('',(-6.34999999999999,-25.3999999999999,2.0574));
#5716=CARTESIAN_POINT('Origin',(-53.1114,-25.3999999999999,4.05621119234735E-30));
#5717=CARTESIAN_POINT('Origin',(6.35000000000014,73.0249999999999,4.05621119234735E-30));
#5718=CARTESIAN_POINT('',(6.35000000000002,-25.3999999999999,2.0574));
#5719=CARTESIAN_POINT('',(6.34999999999999,-47.6249999999999,2.0574));
#5720=CARTESIAN_POINT('Origin',(-53.1114,-47.6249999999999,4.05621119234735E-30));
#5721=CARTESIAN_POINT('',(3.17500000000002,-47.6249999999999,2.0574));
#5722=CARTESIAN_POINT('Origin',(3.17499999999988,73.0250000000001,4.05621119234735E-30));
#5723=CARTESIAN_POINT('',(3.175,-25.3999999999999,2.0574));
#5724=CARTESIAN_POINT('Origin',(-53.1114,-25.3999999999999,4.05621119234735E-30));
#5725=CARTESIAN_POINT('Origin',(15.8750000000001,73.0249999999999,4.05621119234735E-30));
#5726=CARTESIAN_POINT('',(15.875,-25.3999999999999,2.0574));
#5727=CARTESIAN_POINT('',(15.875,-47.6249999999999,2.0574));
#5728=CARTESIAN_POINT('Origin',(-53.1114,-47.6249999999999,4.05621119234735E-30));
#5729=CARTESIAN_POINT('',(12.7,-47.6249999999999,2.0574));
#5730=CARTESIAN_POINT('Origin',(12.6999999999999,73.0250000000001,4.05621119234735E-30));
#5731=CARTESIAN_POINT('',(12.7,-25.3999999999999,2.0574));
#5732=CARTESIAN_POINT('Origin',(-53.1114,-25.3999999999999,4.05621119234735E-30));
#5733=CARTESIAN_POINT('Origin',(25.4000000000001,73.0249999999999,4.05621119234735E-30));
#5734=CARTESIAN_POINT('',(25.4,-25.3999999999999,2.0574));
#5735=CARTESIAN_POINT('',(25.4,-47.6249999999999,2.0574));
#5736=CARTESIAN_POINT('Origin',(-53.1114,-47.6249999999999,4.05621119234735E-30));
#5737=CARTESIAN_POINT('',(22.225,-47.6249999999999,2.0574));
#5738=CARTESIAN_POINT('Origin',(22.2249999999999,73.0250000000001,4.05621119234735E-30));
#5739=CARTESIAN_POINT('',(22.225,-25.3999999999999,2.0574));
#5740=CARTESIAN_POINT('Origin',(-53.1114,-25.3999999999999,4.05621119234735E-30));
#5741=CARTESIAN_POINT('Origin',(-53.1114,-47.6249999999999,4.05621119234735E-30));
#5742=CARTESIAN_POINT('',(31.75,-47.6249999999999,2.0574));
#5743=CARTESIAN_POINT('Origin',(31.7499999999999,73.0250000000001,4.05621119234735E-30));
#5744=CARTESIAN_POINT('',(0.,0.,0.));
#5745=CARTESIAN_POINT('Origin',(-19.9873014900366,-98.3964895536691,-23.7960516655783));
#5746=CARTESIAN_POINT('',(-16.7373014900366,-97.5841407332764,-25.2041229542589));
#5747=CARTESIAN_POINT('Origin',(-19.9873014900366,-97.5841407332764,-25.2041229542589));
#5748=CARTESIAN_POINT('',(-16.7373014900366,-98.396489553669,-23.7960516655783));
#5749=CARTESIAN_POINT('',(-16.7373014900366,-98.3964895536691,-23.7960516655783));
#5750=CARTESIAN_POINT('Origin',(-19.9873014900366,-98.396489553669,-23.7960516655783));
#5751=CARTESIAN_POINT('Origin',(40.012699404033,-107.058345543227,-28.7932762749385));
#5752=CARTESIAN_POINT('',(43.262699404033,-106.245996722834,-30.2013475636192));
#5753=CARTESIAN_POINT('Origin',(40.012699404033,-106.245996722834,-30.2013475636192));
#5754=CARTESIAN_POINT('',(43.262699404033,-107.058345543227,-28.7932762749386));
#5755=CARTESIAN_POINT('',(43.262699404033,-107.058345543227,-28.7932762749385));
#5756=CARTESIAN_POINT('Origin',(40.012699404033,-107.058345543227,-28.7932762749386));
#5757=CARTESIAN_POINT('Origin',(-25.9873015794436,-72.4109215849959,-8.80437783749763));
#5758=CARTESIAN_POINT('',(-23.4873015794436,-71.5985727646033,-10.2124491261782));
#5759=CARTESIAN_POINT('Origin',(-25.9873015794436,-71.5985727646033,-10.2124491261782));
#5760=CARTESIAN_POINT('',(-23.4873015794436,-72.4109215849959,-8.80437783749764));
#5761=CARTESIAN_POINT('',(-23.4873015794436,-72.4109215849959,-8.80437783749763));
#5762=CARTESIAN_POINT('Origin',(-25.9873015794436,-72.4109215849959,-8.80437783749764));
#5763=CARTESIAN_POINT('Origin',(0.012698807986613,-74.5763855823853,-10.0536839898377));
#5764=CARTESIAN_POINT('',(6.76269880798661,-73.7640367619927,-11.4617552785183));
#5765=CARTESIAN_POINT('Origin',(0.012698807986613,-73.7640367619927,-11.4617552785183));
#5766=CARTESIAN_POINT('',(6.76269880798661,-74.5763855823853,-10.0536839898377));
#5767=CARTESIAN_POINT('',(6.76269880798661,-74.5763855823853,-10.0536839898377));
#5768=CARTESIAN_POINT('Origin',(0.012698807986613,-74.5763855823853,-10.0536839898377));
#5769=CARTESIAN_POINT('Origin',(5.01269888249242,-98.3964895536691,-23.7960516655783));
#5770=CARTESIAN_POINT('',(8.26269888249242,-97.5841407332764,-25.2041229542589));
#5771=CARTESIAN_POINT('Origin',(5.01269888249242,-97.5841407332764,-25.2041229542589));
#5772=CARTESIAN_POINT('',(8.26269888249242,-98.396489553669,-23.7960516655783));
#5773=CARTESIAN_POINT('',(8.26269888249242,-98.3964895536691,-23.7960516655783));
#5774=CARTESIAN_POINT('Origin',(5.01269888249242,-98.396489553669,-23.7960516655783));
#5775=CARTESIAN_POINT('Origin',(-44.9873018625656,-98.3964895536691,-23.7960516655783));
#5776=CARTESIAN_POINT('',(-41.7373018625656,-97.5841407332764,-25.2041229542589));
#5777=CARTESIAN_POINT('Origin',(-44.9873018625656,-97.5841407332764,-25.2041229542589));
#5778=CARTESIAN_POINT('',(-41.7373018625656,-98.396489553669,-23.7960516655783));
#5779=CARTESIAN_POINT('',(-41.7373018625656,-98.3964895536691,-23.7960516655783));
#5780=CARTESIAN_POINT('Origin',(-44.9873018625656,-98.396489553669,-23.7960516655783));
#5781=CARTESIAN_POINT('Origin',(-19.9873014900366,-124.382057522342,-38.787725493659));
#5782=CARTESIAN_POINT('',(-16.7373014900366,-123.56970870195,-40.1957967823396));
#5783=CARTESIAN_POINT('Origin',(-19.9873014900366,-123.56970870195,-40.1957967823396));
#5784=CARTESIAN_POINT('',(-16.7373014900366,-124.382057522342,-38.787725493659));
#5785=CARTESIAN_POINT('',(-16.7373014900366,-124.382057522342,-38.787725493659));
#5786=CARTESIAN_POINT('Origin',(-19.9873014900366,-124.382057522342,-38.787725493659));
#5787=CARTESIAN_POINT('Origin',(40.012699404033,-89.7346335641114,-18.7988270562181));
#5788=CARTESIAN_POINT('',(43.262699404033,-88.9222847437187,-20.2068983448987));
#5789=CARTESIAN_POINT('Origin',(40.012699404033,-88.9222847437187,-20.2068983448987));
#5790=CARTESIAN_POINT('',(43.262699404033,-89.7346335641113,-18.7988270562181));
#5791=CARTESIAN_POINT('',(43.262699404033,-89.7346335641114,-18.7988270562181));
#5792=CARTESIAN_POINT('Origin',(40.012699404033,-89.7346335641113,-18.7988270562181));
#5793=CARTESIAN_POINT('Origin',(-44.9873018625656,-72.4109215849959,-8.80437783749763));
#5794=CARTESIAN_POINT('',(-42.4873018625656,-71.5985727646033,-10.2124491261782));
#5795=CARTESIAN_POINT('Origin',(-44.9873018625656,-71.5985727646033,-10.2124491261782));
#5796=CARTESIAN_POINT('',(-42.4873018625656,-72.4109215849959,-8.80437783749764));
#5797=CARTESIAN_POINT('',(-42.4873018625656,-72.4109215849959,-8.80437783749763));
#5798=CARTESIAN_POINT('Origin',(-44.9873018625656,-72.4109215849959,-8.80437783749764));
#5799=CARTESIAN_POINT('Origin',(40.0126994040331,-72.4109215849959,-8.80437783749763));
#5800=CARTESIAN_POINT('',(43.2626994040331,-71.5985727646033,-10.2124491261782));
#5801=CARTESIAN_POINT('Origin',(40.0126994040331,-71.5985727646033,-10.2124491261782));
#5802=CARTESIAN_POINT('',(43.2626994040331,-72.4109215849959,-8.80437783749764));
#5803=CARTESIAN_POINT('',(43.2626994040331,-72.4109215849959,-8.80437783749763));
#5804=CARTESIAN_POINT('Origin',(40.0126994040331,-72.4109215849959,-8.80437783749764));
#5805=CARTESIAN_POINT('Origin',(5.01269888249241,-124.382057522342,-38.787725493659));
#5806=CARTESIAN_POINT('',(8.26269888249241,-123.56970870195,-40.1957967823396));
#5807=CARTESIAN_POINT('Origin',(5.01269888249241,-123.56970870195,-40.1957967823396));
#5808=CARTESIAN_POINT('',(8.26269888249241,-124.382057522342,-38.787725493659));
#5809=CARTESIAN_POINT('',(8.26269888249241,-124.382057522342,-38.787725493659));
#5810=CARTESIAN_POINT('Origin',(5.01269888249241,-124.382057522342,-38.787725493659));
#5811=CARTESIAN_POINT('Origin',(-44.9873018625656,-124.382057522342,-38.787725493659));
#5812=CARTESIAN_POINT('',(-41.7373018625656,-123.56970870195,-40.1957967823396));
#5813=CARTESIAN_POINT('Origin',(-44.9873018625656,-123.56970870195,-40.1957967823396));
#5814=CARTESIAN_POINT('',(-41.7373018625656,-124.382057522342,-38.787725493659));
#5815=CARTESIAN_POINT('',(-41.7373018625656,-124.382057522342,-38.787725493659));
#5816=CARTESIAN_POINT('Origin',(-44.9873018625656,-124.382057522342,-38.787725493659));
#5817=CARTESIAN_POINT('Origin',(-15.9901641342323,-139.7,-61.0045612470805));
#5818=CARTESIAN_POINT('',(-13.4901641342323,-138.0744,-61.0045612470805));
#5819=CARTESIAN_POINT('Origin',(-15.9901641342323,-138.0744,-61.0045612470805));
#5820=CARTESIAN_POINT('',(-13.4901641342323,-139.7,-61.0045612470805));
#5821=CARTESIAN_POINT('',(-13.4901641342323,-139.7,-61.0045612470805));
#5822=CARTESIAN_POINT('Origin',(-15.9901641342323,-139.7,-61.0045612470805));
#5823=CARTESIAN_POINT('Origin',(46.0098367896397,-139.7,-61.0045612470805));
#5824=CARTESIAN_POINT('',(48.5098367896397,-138.0744,-61.0045612470805));
#5825=CARTESIAN_POINT('Origin',(46.0098367896397,-138.0744,-61.0045612470805));
#5826=CARTESIAN_POINT('',(48.5098367896397,-139.7,-61.0045612470805));
#5827=CARTESIAN_POINT('',(48.5098367896397,-139.7,-61.0045612470805));
#5828=CARTESIAN_POINT('Origin',(46.0098367896397,-139.7,-61.0045612470805));
#5829=CARTESIAN_POINT('Origin',(-30.9901643577498,-139.7,-61.0045612470805));
#5830=CARTESIAN_POINT('',(-28.4901643577498,-138.0744,-61.0045612470805));
#5831=CARTESIAN_POINT('Origin',(-30.9901643577498,-138.0744,-61.0045612470805));
#5832=CARTESIAN_POINT('',(-28.4901643577498,-139.7,-61.0045612470805));
#5833=CARTESIAN_POINT('',(-28.4901643577498,-139.7,-61.0045612470805));
#5834=CARTESIAN_POINT('Origin',(-30.9901643577498,-139.7,-61.0045612470805));
#5835=CARTESIAN_POINT('Origin',(-0.990163910714905,-139.7,-61.0045612470805));
#5836=CARTESIAN_POINT('',(1.5098360892851,-138.0744,-61.0045612470805));
#5837=CARTESIAN_POINT('Origin',(-0.990163910714905,-138.0744,-61.0045612470805));
#5838=CARTESIAN_POINT('',(1.5098360892851,-139.7,-61.0045612470805));
#5839=CARTESIAN_POINT('',(1.5098360892851,-139.7,-61.0045612470805));
#5840=CARTESIAN_POINT('Origin',(-0.990163910714905,-139.7,-61.0045612470805));
#5841=CARTESIAN_POINT('Origin',(31.0098365661223,-139.7,-61.0045612470805));
#5842=CARTESIAN_POINT('',(33.5098365661223,-138.0744,-61.0045612470805));
#5843=CARTESIAN_POINT('Origin',(31.0098365661223,-138.0744,-61.0045612470805));
#5844=CARTESIAN_POINT('',(33.5098365661223,-139.7,-61.0045612470805));
#5845=CARTESIAN_POINT('',(33.5098365661223,-139.7,-61.0045612470805));
#5846=CARTESIAN_POINT('Origin',(31.0098365661223,-139.7,-61.0045612470805));
#5847=CARTESIAN_POINT('Origin',(-45.9901645812672,-139.7,-61.0045612470805));
#5848=CARTESIAN_POINT('',(-43.4901645812672,-138.0744,-61.0045612470805));
#5849=CARTESIAN_POINT('Origin',(-45.9901645812672,-138.0744,-61.0045612470805));
#5850=CARTESIAN_POINT('',(-43.4901645812672,-139.7,-61.0045612470805));
#5851=CARTESIAN_POINT('',(-43.4901645812672,-139.7,-61.0045612470805));
#5852=CARTESIAN_POINT('Origin',(-45.9901645812672,-139.7,-61.0045612470805));
#5853=CARTESIAN_POINT('Origin',(-4.9868998880033,8.88178419700125E-15,-67.2578460619095));
#5854=CARTESIAN_POINT('',(-6.98689984329982,-1.62559999999999,-67.2578460619095));
#5855=CARTESIAN_POINT('Origin',(-4.9868998880033,-1.62559999999999,-67.2578460619095));
#5856=CARTESIAN_POINT('',(-6.98689984329982,6.20705743747951E-15,-67.2578460619095));
#5857=CARTESIAN_POINT('',(-6.98689984329982,8.88178419700125E-15,-67.2578460619095));
#5858=CARTESIAN_POINT('Origin',(-4.9868998880033,6.20705743747951E-15,-67.2578460619095));
#5859=CARTESIAN_POINT('Origin',(37.013100551581,8.88178419700125E-15,-67.2578456521276));
#5860=CARTESIAN_POINT('',(35.0131005217786,-1.62559999999999,-67.2578456521276));
#5861=CARTESIAN_POINT('Origin',(37.013100551581,-1.62559999999999,-67.2578456521276));
#5862=CARTESIAN_POINT('',(35.0131005217786,6.20705743747951E-15,-67.2578456521276));
#5863=CARTESIAN_POINT('',(35.0131005217786,8.88178419700125E-15,-67.2578456521276));
#5864=CARTESIAN_POINT('Origin',(37.013100551581,6.20705743747951E-15,-67.2578456521276));
#5865=CARTESIAN_POINT('Origin',(-4.98690007426782,8.88178419700125E-15,
-35.2578451752904));
#5866=CARTESIAN_POINT('',(-6.98690010407015,-1.62559999999999,-35.2578451752904));
#5867=CARTESIAN_POINT('Origin',(-4.98690007426782,-1.62559999999999,-35.2578451752904));
#5868=CARTESIAN_POINT('',(-6.98690010407015,6.20705743747951E-15,-35.2578451752904));
#5869=CARTESIAN_POINT('',(-6.98690010407015,8.88178419700125E-15,-35.2578451752904));
#5870=CARTESIAN_POINT('Origin',(-4.98690007426782,6.20705743747951E-15,
-35.2578451752904));
#5871=CARTESIAN_POINT('Origin',(40.513100603735,8.88178419700125E-15,-62.2578455776218));
#5872=CARTESIAN_POINT('',(27.5131004100199,6.20705743747951E-15,-62.2578455776218));
#5873=CARTESIAN_POINT('',(40.513100603735,6.20705743747951E-15,-62.2578455776218));
#5874=CARTESIAN_POINT('',(-5.14344969813246,6.20705743747951E-15,-62.2578455776218));
#5875=CARTESIAN_POINT('',(27.5131004100199,-1.62559999999999,-62.2578455776218));
#5876=CARTESIAN_POINT('',(27.5131004100199,8.88178419700125E-15,-62.2578455776218));
#5877=CARTESIAN_POINT('',(40.513100603735,-1.62559999999999,-62.2578455776218));
#5878=CARTESIAN_POINT('',(-5.14344969813246,-1.62559999999999,-62.2578455776218));
#5879=CARTESIAN_POINT('',(40.513100603735,8.88178419700125E-15,-62.2578455776218));
#5880=CARTESIAN_POINT('Origin',(40.513100603735,8.88178419700125E-15,-48.2578453690055));
#5881=CARTESIAN_POINT('',(40.513100603735,6.20705743747951E-15,-48.2578453690055));
#5882=CARTESIAN_POINT('',(40.513100603735,6.20705743747951E-15,-24.1289226845028));
#5883=CARTESIAN_POINT('',(40.513100603735,-1.62559999999999,-48.2578453690055));
#5884=CARTESIAN_POINT('',(40.513100603735,-1.62559999999999,-24.1289226845028));
#5885=CARTESIAN_POINT('',(40.513100603735,8.88178419700125E-15,-48.2578453690055));
#5886=CARTESIAN_POINT('Origin',(27.5131004100199,8.88178419700125E-15,-48.2578453690055));
#5887=CARTESIAN_POINT('',(27.5131004100199,6.20705743747951E-15,-48.2578453690055));
#5888=CARTESIAN_POINT('',(-11.64344979499,6.20705743747951E-15,-48.2578453690056));
#5889=CARTESIAN_POINT('',(27.5131004100199,-1.62559999999999,-48.2578453690055));
#5890=CARTESIAN_POINT('',(-11.64344979499,-1.62559999999999,-48.2578453690056));
#5891=CARTESIAN_POINT('',(27.5131004100199,8.88178419700125E-15,-48.2578453690055));
#5892=CARTESIAN_POINT('Origin',(27.5131004100199,8.88178419700125E-15,-62.2578455776218));
#5893=CARTESIAN_POINT('',(27.5131004100199,6.20705743747951E-15,-31.1289227888109));
#5894=CARTESIAN_POINT('',(27.5131004100199,-1.62559999999999,-31.1289227888109));
#5895=CARTESIAN_POINT('Origin',(37.0131005515809,8.88178419700125E-15,-35.2578451752904));
#5896=CARTESIAN_POINT('',(35.0131005217786,-1.62559999999999,-35.2578451752904));
#5897=CARTESIAN_POINT('Origin',(37.0131005515809,-1.62559999999999,-35.2578451752904));
#5898=CARTESIAN_POINT('',(35.0131005217786,6.20705743747951E-15,-35.2578451752904));
#5899=CARTESIAN_POINT('',(35.0131005217786,8.88178419700125E-15,-35.2578451752904));
#5900=CARTESIAN_POINT('Origin',(37.0131005515809,6.20705743747951E-15,-35.2578451752904));
#5901=CARTESIAN_POINT('Origin',(-50.8,-14.2875,-76.2));
#5902=CARTESIAN_POINT('',(50.8,-14.2875,-74.5744));
#5903=CARTESIAN_POINT('',(50.8,-14.2875,-76.2));
#5904=CARTESIAN_POINT('',(50.8,-14.2875,-74.5744));
#5905=CARTESIAN_POINT('',(-50.8,-14.2875,-74.5744));
#5906=CARTESIAN_POINT('',(-50.8,-14.2875,-74.5744));
#5907=CARTESIAN_POINT('',(-50.8,-14.2875,-76.2));
#5908=CARTESIAN_POINT('',(-50.8,-14.2875,-74.5744));
#5909=CARTESIAN_POINT('',(-50.8,-14.2875,-76.2));
#5910=CARTESIAN_POINT('Origin',(50.8,-137.2616,-73.7616));
#5911=CARTESIAN_POINT('',(50.8,-138.0744,-73.7616));
#5912=CARTESIAN_POINT('',(50.8,-137.2616,-74.5744));
#5913=CARTESIAN_POINT('Origin',(50.8,-137.2616,-73.7616));
#5914=CARTESIAN_POINT('',(50.8,-138.0744,-49.0333318737453));
#5915=CARTESIAN_POINT('',(50.8,-138.0744,-49.0333318737453));
#5916=CARTESIAN_POINT('',(50.8,-137.667774410196,-48.3292962294051));
#5917=CARTESIAN_POINT('Origin',(50.8,-137.2616,-49.0333318737453));
#5918=CARTESIAN_POINT('',(50.8,-56.9032258290378,-1.7343643556597));
#5919=CARTESIAN_POINT('',(50.8,-56.9032258290378,-1.73436435565968));
#5920=CARTESIAN_POINT('',(50.8,-56.4970514188414,-1.6256));
#5921=CARTESIAN_POINT('Origin',(50.8,-56.4970514188414,-2.4384));
#5922=CARTESIAN_POINT('',(50.8,-2.43839999999999,-1.6256));
#5923=CARTESIAN_POINT('',(50.8,-2.43839999999999,-1.6256));
#5924=CARTESIAN_POINT('',(50.8,-1.62559999999999,-2.4384));
#5925=CARTESIAN_POINT('Origin',(50.8,-2.43839999999999,-2.4384));
#5926=CARTESIAN_POINT('',(50.8,-1.6256,-73.7616));
#5927=CARTESIAN_POINT('',(50.8,-1.62559999999999,-73.7616));
#5928=CARTESIAN_POINT('',(50.8,-2.4384,-74.5744));
#5929=CARTESIAN_POINT('Origin',(50.8,-2.4384,-73.7616));
#5930=CARTESIAN_POINT('',(50.8,-14.2875,-74.5744));
#5931=CARTESIAN_POINT('',(50.8,-2.4384,-76.2));
#5932=CARTESIAN_POINT('',(50.8,-14.2875,-76.2));
#5933=CARTESIAN_POINT('',(50.8,1.98625837999344E-16,-73.7616));
#5934=CARTESIAN_POINT('Origin',(50.8,-2.4384,-73.7616));
#5935=CARTESIAN_POINT('',(50.8,6.00843159948017E-15,-2.4384));
#5936=CARTESIAN_POINT('',(50.8,6.20705743747951E-15,-73.7616));
#5937=CARTESIAN_POINT('',(50.8,-2.43839999999999,1.94406258669302E-16));
#5938=CARTESIAN_POINT('Origin',(50.8,-2.43839999999999,-2.4384));
#5939=CARTESIAN_POINT('',(50.8,-56.4970514188414,1.94406258669302E-16));
#5940=CARTESIAN_POINT('',(50.8,-2.43839999999999,1.94406258669302E-16));
#5941=CARTESIAN_POINT('',(50.8,-57.7155746494304,-0.326293066979092));
#5942=CARTESIAN_POINT('Origin',(50.8,-56.4970514188414,-2.4384));
#5943=CARTESIAN_POINT('',(50.8,-138.480123230589,-46.9212249407244));
#5944=CARTESIAN_POINT('',(50.8,-57.7155746494304,-0.326293066979082));
#5945=CARTESIAN_POINT('',(50.8,-139.7,-49.0333318737453));
#5946=CARTESIAN_POINT('Origin',(50.8,-137.2616,-49.0333318737453));
#5947=CARTESIAN_POINT('',(50.8,-139.7,-73.7616));
#5948=CARTESIAN_POINT('',(50.8,-139.7,-49.0333318737453));
#5949=CARTESIAN_POINT('',(50.8,-137.2616,-76.2));
#5950=CARTESIAN_POINT('Origin',(50.8,-137.2616,-73.7616));
#5951=CARTESIAN_POINT('',(50.8,-125.4125,-76.2));
#5952=CARTESIAN_POINT('',(50.8,-137.2616,-76.2));
#5953=CARTESIAN_POINT('',(50.8,-125.4125,-74.5744));
#5954=CARTESIAN_POINT('',(50.8,-125.4125,-74.5744));
#5955=CARTESIAN_POINT('',(50.8,-137.2616,-74.5744));
#5956=CARTESIAN_POINT('Origin',(-50.8,3.81320228575825E-15,-29.3878));
#5957=CARTESIAN_POINT('',(-31.75,-1.6256,-29.3878));
#5958=CARTESIAN_POINT('',(-31.75,3.81320228575825E-15,-29.3878));
#5959=CARTESIAN_POINT('',(-31.75,-1.6256,-29.3878));
#5960=CARTESIAN_POINT('',(-34.925,3.81320228575825E-15,-29.3878));
#5961=CARTESIAN_POINT('',(-31.75,3.81320228575825E-15,-29.3878));
#5962=CARTESIAN_POINT('',(-34.925,-1.6256,-29.3878));
#5963=CARTESIAN_POINT('',(-34.925,-1.6256,-29.3878));
#5964=CARTESIAN_POINT('',(-34.925,-1.6256,-29.3878));
#5965=CARTESIAN_POINT('Origin',(-31.75,6.20705743747951E-15,3.69371891471674E-15));
#5966=CARTESIAN_POINT('',(-31.75,-1.62559999999999,-7.16279999999998));
#5967=CARTESIAN_POINT('',(-31.75,-1.62559999999999,-29.3878));
#5968=CARTESIAN_POINT('',(-31.75,5.62359403835644E-15,-7.16279999999998));
#5969=CARTESIAN_POINT('',(-31.75,-1.62559999999999,-7.16279999999998));
#5970=CARTESIAN_POINT('',(-31.75,6.20705743747951E-15,-7.16279999999998));
#5971=CARTESIAN_POINT('Origin',(-50.8,6.20705743747951E-15,3.69371891471674E-15));
#5972=CARTESIAN_POINT('',(-50.8,1.98625837999344E-16,-73.7616));
#5973=CARTESIAN_POINT('',(-50.8,1.98625837999344E-16,-73.7616));
#5974=CARTESIAN_POINT('',(-50.8,6.00843159948017E-15,-2.4384));
#5975=CARTESIAN_POINT('',(-50.8,6.20705743747951E-15,-73.7616));
#5976=CARTESIAN_POINT('',(-50.8,6.00843159948017E-15,-2.4384));
#5977=CARTESIAN_POINT('',(-22.225,3.81320228575825E-15,-29.3878));
#5978=CARTESIAN_POINT('',(-25.4,3.81320228575825E-15,-29.3878));
#5979=CARTESIAN_POINT('',(-22.225,3.81320228575825E-15,-29.3878));
#5980=CARTESIAN_POINT('',(-22.225,5.62359403835644E-15,-7.16279999999998));
#5981=CARTESIAN_POINT('',(-22.225,6.20705743747951E-15,-7.16279999999998));
#5982=CARTESIAN_POINT('',(-25.4,5.62359403835644E-15,-7.16279999999998));
#5983=CARTESIAN_POINT('',(-25.4,5.62359403835644E-15,-7.16279999999998));
#5984=CARTESIAN_POINT('',(-25.4,6.20705743747951E-15,-29.3878));
#5985=CARTESIAN_POINT('',(-12.7,3.81320228575825E-15,-29.3878));
#5986=CARTESIAN_POINT('',(-15.875,3.81320228575825E-15,-29.3878));
#5987=CARTESIAN_POINT('',(-12.7,3.81320228575825E-15,-29.3878));
#5988=CARTESIAN_POINT('',(-12.7,5.62359403835644E-15,-7.16279999999998));
#5989=CARTESIAN_POINT('',(-12.7,6.20705743747951E-15,-7.16279999999998));
#5990=CARTESIAN_POINT('',(-15.875,5.62359403835644E-15,-7.16279999999998));
#5991=CARTESIAN_POINT('',(-15.875,5.62359403835644E-15,-7.16279999999998));
#5992=CARTESIAN_POINT('',(-15.875,6.20705743747951E-15,-29.3878));
#5993=CARTESIAN_POINT('',(-3.17499999999998,3.81320228575825E-15,-29.3878));
#5994=CARTESIAN_POINT('',(-6.34999999999997,3.81320228575825E-15,-29.3878));
#5995=CARTESIAN_POINT('',(-3.17499999999998,3.81320228575825E-15,-29.3878));
#5996=CARTESIAN_POINT('',(-3.17499999999998,5.62359403835644E-15,-7.16279999999998));
#5997=CARTESIAN_POINT('',(-3.17499999999998,6.20705743747951E-15,-7.16279999999998));
#5998=CARTESIAN_POINT('',(-6.34999999999997,5.62359403835644E-15,-7.16279999999998));
#5999=CARTESIAN_POINT('',(-6.34999999999997,5.62359403835644E-15,-7.16279999999998));
#6000=CARTESIAN_POINT('',(-6.34999999999997,6.20705743747951E-15,-29.3878));
#6001=CARTESIAN_POINT('',(6.35000000000002,3.81320228575825E-15,-29.3878));
#6002=CARTESIAN_POINT('',(3.17500000000003,3.81320228575825E-15,-29.3878));
#6003=CARTESIAN_POINT('',(6.35000000000002,3.81320228575825E-15,-29.3878));
#6004=CARTESIAN_POINT('',(6.35000000000002,5.62359403835644E-15,-7.16279999999998));
#6005=CARTESIAN_POINT('',(6.35000000000002,6.20705743747951E-15,-7.16279999999998));
#6006=CARTESIAN_POINT('',(3.17500000000003,5.62359403835644E-15,-7.16279999999998));
#6007=CARTESIAN_POINT('',(3.17500000000003,5.62359403835644E-15,-7.16279999999998));
#6008=CARTESIAN_POINT('',(3.17500000000003,6.20705743747951E-15,-29.3878));
#6009=CARTESIAN_POINT('',(15.875,3.81320228575825E-15,-29.3878));
#6010=CARTESIAN_POINT('',(12.7,3.81320228575825E-15,-29.3878));
#6011=CARTESIAN_POINT('',(15.875,3.81320228575825E-15,-29.3878));
#6012=CARTESIAN_POINT('',(15.875,5.62359403835644E-15,-7.16279999999998));
#6013=CARTESIAN_POINT('',(15.875,6.20705743747951E-15,-7.16279999999998));
#6014=CARTESIAN_POINT('',(12.7,5.62359403835644E-15,-7.16279999999998));
#6015=CARTESIAN_POINT('',(12.7,5.62359403835644E-15,-7.16279999999998));
#6016=CARTESIAN_POINT('',(12.7,6.20705743747951E-15,-29.3878));
#6017=CARTESIAN_POINT('',(25.4,3.81320228575825E-15,-29.3878));
#6018=CARTESIAN_POINT('',(22.225,3.81320228575825E-15,-29.3878));
#6019=CARTESIAN_POINT('',(25.4,3.81320228575825E-15,-29.3878));
#6020=CARTESIAN_POINT('',(25.4,5.62359403835644E-15,-7.16279999999998));
#6021=CARTESIAN_POINT('',(25.4,6.20705743747951E-15,-7.16279999999998));
#6022=CARTESIAN_POINT('',(22.225,5.62359403835644E-15,-7.16279999999998));
#6023=CARTESIAN_POINT('',(22.225,5.62359403835644E-15,-7.16279999999998));
#6024=CARTESIAN_POINT('',(22.225,6.20705743747951E-15,-29.3878));
#6025=CARTESIAN_POINT('',(34.925,3.81320228575825E-15,-29.3878));
#6026=CARTESIAN_POINT('',(31.75,3.81320228575825E-15,-29.3878));
#6027=CARTESIAN_POINT('',(34.925,3.81320228575825E-15,-29.3878));
#6028=CARTESIAN_POINT('',(34.925,5.62359403835644E-15,-7.16279999999998));
#6029=CARTESIAN_POINT('',(34.925,6.20705743747951E-15,-7.16279999999998));
#6030=CARTESIAN_POINT('',(31.75,5.62359403835644E-15,-7.16279999999998));
#6031=CARTESIAN_POINT('',(31.75,5.62359403835644E-15,-7.16279999999998));
#6032=CARTESIAN_POINT('',(31.75,6.20705743747951E-15,-29.3878));
#6033=CARTESIAN_POINT('',(-34.925,5.62359403835644E-15,-7.16279999999998));
#6034=CARTESIAN_POINT('',(-34.925,5.62359403835644E-15,-7.16279999999998));
#6035=CARTESIAN_POINT('',(-34.925,6.20705743747951E-15,-29.3878));
#6036=CARTESIAN_POINT('Origin',(-50.8,0.,-76.2));
#6037=CARTESIAN_POINT('',(-50.8,-2.4384,-76.2));
#6038=CARTESIAN_POINT('',(-50.8,-14.2875,-76.2));
#6039=CARTESIAN_POINT('',(-50.8,-2.4384,-76.2));
#6040=CARTESIAN_POINT('',(20.4470000000001,-10.3251,-76.2));
#6041=CARTESIAN_POINT('Origin',(19.0500000000001,-10.3251,-76.2));
#6042=CARTESIAN_POINT('',(-17.653,-10.3251,-76.2));
#6043=CARTESIAN_POINT('Origin',(-19.05,-10.3251,-76.2));
#6044=CARTESIAN_POINT('',(-39.0906,-5.54989999999994,-76.2));
#6045=CARTESIAN_POINT('Origin',(-40.4876,-5.54989999999994,-76.2));
#6046=CARTESIAN_POINT('',(-42.6847,-8.57249999999996,-76.2));
#6047=CARTESIAN_POINT('Origin',(-45.085,-8.57249999999996,-76.2));
#6048=CARTESIAN_POINT('',(47.4853000000001,-8.57249999999997,-76.2));
#6049=CARTESIAN_POINT('Origin',(45.0850000000001,-8.57249999999997,-76.2));
#6050=CARTESIAN_POINT('',(41.8846000000001,-5.54989999999994,-76.2));
#6051=CARTESIAN_POINT('Origin',(40.4876000000001,-5.54989999999994,-76.2));
#6052=CARTESIAN_POINT('Origin',(-50.8,-139.7,-76.2));
#6053=CARTESIAN_POINT('',(-50.8,-137.2616,-76.2));
#6054=CARTESIAN_POINT('',(-50.8,-125.4125,-76.2));
#6055=CARTESIAN_POINT('',(-50.8,-137.2616,-76.2));
#6056=CARTESIAN_POINT('',(-50.8,-139.7,-73.7616));
#6057=CARTESIAN_POINT('Origin',(-50.8,-137.2616,-73.7616));
#6058=CARTESIAN_POINT('',(-50.8,-139.7,-49.0333318737453));
#6059=CARTESIAN_POINT('',(-50.8,-139.7,-49.0333318737453));
#6060=CARTESIAN_POINT('',(-50.8,-138.480123230589,-46.9212249407244));
#6061=CARTESIAN_POINT('Origin',(-50.8,-137.2616,-49.0333318737453));
#6062=CARTESIAN_POINT('',(-50.8,-57.7155746494304,-0.326293066979092));
#6063=CARTESIAN_POINT('',(-50.8,-57.7155746494304,-0.326293066979082));
#6064=CARTESIAN_POINT('',(-50.8,-56.4970514188414,1.94406258669302E-16));
#6065=CARTESIAN_POINT('Origin',(-50.8,-56.4970514188414,-2.4384));
#6066=CARTESIAN_POINT('',(-50.8,-2.43839999999999,1.94406258669302E-16));
#6067=CARTESIAN_POINT('',(-50.8,-2.43839999999999,1.94406258669302E-16));
#6068=CARTESIAN_POINT('Origin',(-50.8,-2.43839999999999,-2.4384));
#6069=CARTESIAN_POINT('Origin',(-50.8,-2.4384,-73.7616));
#6070=CARTESIAN_POINT('',(-50.8,-2.4384,-74.5744));
#6071=CARTESIAN_POINT('',(-50.8,-14.2875,-74.5744));
#6072=CARTESIAN_POINT('',(-50.8,-1.6256,-73.7616));
#6073=CARTESIAN_POINT('Origin',(-50.8,-2.4384,-73.7616));
#6074=CARTESIAN_POINT('',(-50.8,-1.62559999999999,-2.4384));
#6075=CARTESIAN_POINT('',(-50.8,-1.62559999999999,-73.7616));
#6076=CARTESIAN_POINT('',(-50.8,-2.43839999999999,-1.6256));
#6077=CARTESIAN_POINT('Origin',(-50.8,-2.43839999999999,-2.4384));
#6078=CARTESIAN_POINT('',(-50.8,-56.4970514188414,-1.6256));
#6079=CARTESIAN_POINT('',(-50.8,-2.43839999999999,-1.6256));
#6080=CARTESIAN_POINT('',(-50.8,-56.9032258290378,-1.7343643556597));
#6081=CARTESIAN_POINT('Origin',(-50.8,-56.4970514188414,-2.4384));
#6082=CARTESIAN_POINT('',(-50.8,-137.667774410196,-48.329296229405));
#6083=CARTESIAN_POINT('',(-50.8,-56.9032258290378,-1.73436435565968));
#6084=CARTESIAN_POINT('',(-50.8,-138.0744,-49.0333318737453));
#6085=CARTESIAN_POINT('Origin',(-50.8,-137.2616,-49.0333318737453));
#6086=CARTESIAN_POINT('',(-50.8,-138.0744,-73.7616));
#6087=CARTESIAN_POINT('',(-50.8,-138.0744,-49.0333318737453));
#6088=CARTESIAN_POINT('',(-50.8,-137.2616,-74.5744));
#6089=CARTESIAN_POINT('Origin',(-50.8,-137.2616,-73.7616));
#6090=CARTESIAN_POINT('',(-50.8,-125.4125,-74.5744));
#6091=CARTESIAN_POINT('',(-50.8,-137.2616,-74.5744));
#6092=CARTESIAN_POINT('',(-50.8,-125.4125,-74.5744));
#6093=CARTESIAN_POINT('Origin',(-50.8,-2.4384,-73.7616));
#6094=CARTESIAN_POINT('Origin',(-50.8,-1.57898385724467E-15,-74.5744));
#6095=CARTESIAN_POINT('',(-50.8,-2.4384,-74.5744));
#6096=CARTESIAN_POINT('',(20.4470000000001,-10.3251,-74.5744));
#6097=CARTESIAN_POINT('Origin',(19.0500000000001,-10.3251,-74.5744));
#6098=CARTESIAN_POINT('',(-17.653,-10.3251,-74.5744));
#6099=CARTESIAN_POINT('Origin',(-19.05,-10.3251,-74.5744));
#6100=CARTESIAN_POINT('',(-39.0906,-5.54989999999994,-74.5744));
#6101=CARTESIAN_POINT('Origin',(-40.4876,-5.54989999999994,-74.5744));
#6102=CARTESIAN_POINT('',(-42.6847,-8.57249999999996,-74.5744));
#6103=CARTESIAN_POINT('Origin',(-45.085,-8.57249999999996,-74.5744));
#6104=CARTESIAN_POINT('',(47.4853000000001,-8.57249999999997,-74.5744));
#6105=CARTESIAN_POINT('Origin',(45.0850000000001,-8.57249999999997,-74.5744));
#6106=CARTESIAN_POINT('',(41.8846000000001,-5.54989999999994,-74.5744));
#6107=CARTESIAN_POINT('Origin',(40.4876000000001,-5.54989999999994,-74.5744));
#6108=CARTESIAN_POINT('Origin',(-50.8,-2.4384,-73.7616));
#6109=CARTESIAN_POINT('',(-50.8,-1.6256,-73.7616));
#6110=CARTESIAN_POINT('Origin',(-50.8,-1.62559999999999,3.82613614004964E-15));
#6111=CARTESIAN_POINT('',(-50.8,-1.62559999999999,-2.4384));
#6112=CARTESIAN_POINT('',(-22.225,-1.62559999999999,-7.16279999999998));
#6113=CARTESIAN_POINT('',(-22.225,-1.6256,-29.3878));
#6114=CARTESIAN_POINT('',(-22.225,-1.62559999999999,-29.3878));
#6115=CARTESIAN_POINT('',(-25.4,-1.6256,-29.3878));
#6116=CARTESIAN_POINT('',(-25.4,-1.6256,-29.3878));
#6117=CARTESIAN_POINT('',(-25.4,-1.62559999999999,-7.16279999999998));
#6118=CARTESIAN_POINT('',(-25.4,-1.62559999999999,-29.3878));
#6119=CARTESIAN_POINT('',(-25.4,-1.62559999999999,-7.16279999999998));
#6120=CARTESIAN_POINT('',(-12.7,-1.62559999999999,-7.16279999999998));
#6121=CARTESIAN_POINT('',(-12.7,-1.6256,-29.3878));
#6122=CARTESIAN_POINT('',(-12.7,-1.62559999999999,-29.3878));
#6123=CARTESIAN_POINT('',(-15.875,-1.6256,-29.3878));
#6124=CARTESIAN_POINT('',(-15.875,-1.6256,-29.3878));
#6125=CARTESIAN_POINT('',(-15.875,-1.62559999999999,-7.16279999999998));
#6126=CARTESIAN_POINT('',(-15.875,-1.62559999999999,-29.3878));
#6127=CARTESIAN_POINT('',(-15.875,-1.62559999999999,-7.16279999999998));
#6128=CARTESIAN_POINT('',(-3.17499999999998,-1.62559999999999,-7.16279999999998));
#6129=CARTESIAN_POINT('',(-3.17499999999998,-1.6256,-29.3878));
#6130=CARTESIAN_POINT('',(-3.17499999999998,-1.62559999999999,-29.3878));
#6131=CARTESIAN_POINT('',(-6.34999999999997,-1.6256,-29.3878));
#6132=CARTESIAN_POINT('',(-6.34999999999997,-1.6256,-29.3878));
#6133=CARTESIAN_POINT('',(-6.34999999999997,-1.62559999999999,-7.16279999999998));
#6134=CARTESIAN_POINT('',(-6.34999999999997,-1.62559999999999,-29.3878));
#6135=CARTESIAN_POINT('',(-6.34999999999997,-1.62559999999999,-7.16279999999998));
#6136=CARTESIAN_POINT('',(6.35000000000002,-1.62559999999999,-7.16279999999998));
#6137=CARTESIAN_POINT('',(6.35000000000002,-1.6256,-29.3878));
#6138=CARTESIAN_POINT('',(6.35000000000002,-1.62559999999999,-29.3878));
#6139=CARTESIAN_POINT('',(3.17500000000003,-1.6256,-29.3878));
#6140=CARTESIAN_POINT('',(3.17500000000003,-1.6256,-29.3878));
#6141=CARTESIAN_POINT('',(3.17500000000003,-1.62559999999999,-7.16279999999998));
#6142=CARTESIAN_POINT('',(3.17500000000003,-1.62559999999999,-29.3878));
#6143=CARTESIAN_POINT('',(3.17500000000003,-1.62559999999999,-7.16279999999998));
#6144=CARTESIAN_POINT('',(15.875,-1.62559999999999,-7.16279999999998));
#6145=CARTESIAN_POINT('',(15.875,-1.6256,-29.3878));
#6146=CARTESIAN_POINT('',(15.875,-1.62559999999999,-29.3878));
#6147=CARTESIAN_POINT('',(12.7,-1.6256,-29.3878));
#6148=CARTESIAN_POINT('',(12.7,-1.6256,-29.3878));
#6149=CARTESIAN_POINT('',(12.7,-1.62559999999999,-7.16279999999998));
#6150=CARTESIAN_POINT('',(12.7,-1.62559999999999,-29.3878));
#6151=CARTESIAN_POINT('',(12.7,-1.62559999999999,-7.16279999999998));
#6152=CARTESIAN_POINT('',(25.4,-1.62559999999999,-7.16279999999998));
#6153=CARTESIAN_POINT('',(25.4,-1.6256,-29.3878));
#6154=CARTESIAN_POINT('',(25.4,-1.62559999999999,-29.3878));
#6155=CARTESIAN_POINT('',(22.225,-1.6256,-29.3878));
#6156=CARTESIAN_POINT('',(22.225,-1.6256,-29.3878));
#6157=CARTESIAN_POINT('',(22.225,-1.62559999999999,-7.16279999999998));
#6158=CARTESIAN_POINT('',(22.225,-1.62559999999999,-29.3878));
#6159=CARTESIAN_POINT('',(22.225,-1.62559999999999,-7.16279999999998));
#6160=CARTESIAN_POINT('',(34.925,-1.62559999999999,-7.16279999999998));
#6161=CARTESIAN_POINT('',(34.925,-1.6256,-29.3878));
#6162=CARTESIAN_POINT('',(34.925,-1.62559999999999,-29.3878));
#6163=CARTESIAN_POINT('',(31.75,-1.6256,-29.3878));
#6164=CARTESIAN_POINT('',(31.75,-1.6256,-29.3878));
#6165=CARTESIAN_POINT('',(31.75,-1.62559999999999,-7.16279999999998));
#6166=CARTESIAN_POINT('',(31.75,-1.62559999999999,-29.3878));
#6167=CARTESIAN_POINT('',(31.75,-1.62559999999999,-7.16279999999998));
#6168=CARTESIAN_POINT('',(-34.925,-1.62559999999999,-7.16279999999998));
#6169=CARTESIAN_POINT('',(-34.925,-1.62559999999999,-29.3878));
#6170=CARTESIAN_POINT('',(-34.925,-1.62559999999999,-7.16279999999998));
#6171=CARTESIAN_POINT('Origin',(-50.8,-2.43839999999999,-2.4384));
#6172=CARTESIAN_POINT('',(-50.8,-2.43839999999999,-1.6256));
#6173=CARTESIAN_POINT('Origin',(-50.8,6.20705743747951E-15,-1.6256));
#6174=CARTESIAN_POINT('',(-50.8,-56.4970514188414,-1.6256));
#6175=CARTESIAN_POINT('Origin',(-50.8,-56.4970514188414,-2.4384));
#6176=CARTESIAN_POINT('',(-50.8,-56.9032258290378,-1.7343643556597));
#6177=CARTESIAN_POINT('Origin',(-50.8,-56.3376511796074,-1.4080712886806));
#6178=CARTESIAN_POINT('',(-50.8,-137.667774410196,-48.3292962294051));
#6179=CARTESIAN_POINT('Origin',(-50.8,-137.2616,-49.0333318737453));
#6180=CARTESIAN_POINT('',(-50.8,-138.0744,-49.0333318737453));
#6181=CARTESIAN_POINT('Origin',(-50.8,-138.0744,-47.625));
#6182=CARTESIAN_POINT('',(-50.8,-138.0744,-73.7616));
#6183=CARTESIAN_POINT('Origin',(-50.8,-137.2616,-73.7616));
#6184=CARTESIAN_POINT('',(-50.8,-137.2616,-74.5744));
#6185=CARTESIAN_POINT('Origin',(-50.8,-139.7,-74.5744));
#6186=CARTESIAN_POINT('',(50.8,-125.4125,-74.5744));
#6187=CARTESIAN_POINT('',(-17.653,-129.3749,-74.5744));
#6188=CARTESIAN_POINT('Origin',(-19.05,-129.3749,-74.5744));
#6189=CARTESIAN_POINT('',(20.447,-129.3749,-74.5744));
#6190=CARTESIAN_POINT('Origin',(19.05,-129.3749,-74.5744));
#6191=CARTESIAN_POINT('',(41.8846,-134.1501,-74.5744));
#6192=CARTESIAN_POINT('Origin',(40.4876,-134.1501,-74.5744));
#6193=CARTESIAN_POINT('',(-42.6847,-131.1275,-74.5744));
#6194=CARTESIAN_POINT('Origin',(-45.085,-131.1275,-74.5744));
#6195=CARTESIAN_POINT('',(47.4853,-131.1275,-74.5744));
#6196=CARTESIAN_POINT('Origin',(45.085,-131.1275,-74.5744));
#6197=CARTESIAN_POINT('',(-39.0906,-134.1501,-74.5744));
#6198=CARTESIAN_POINT('Origin',(-40.4876,-134.1501,-74.5744));
#6199=CARTESIAN_POINT('Origin',(-50.8,-125.4125,-76.2));
#6200=CARTESIAN_POINT('',(-50.8,-125.4125,-76.2));
#6201=CARTESIAN_POINT('Origin',(-50.8,-139.7,-76.2));
#6202=CARTESIAN_POINT('',(-50.8,-137.2616,-76.2));
#6203=CARTESIAN_POINT('',(-17.653,-129.3749,-76.2));
#6204=CARTESIAN_POINT('Origin',(-19.05,-129.3749,-76.2));
#6205=CARTESIAN_POINT('',(20.447,-129.3749,-76.2));
#6206=CARTESIAN_POINT('Origin',(19.05,-129.3749,-76.2));
#6207=CARTESIAN_POINT('',(41.8846,-134.1501,-76.2));
#6208=CARTESIAN_POINT('Origin',(40.4876,-134.1501,-76.2));
#6209=CARTESIAN_POINT('',(-42.6847,-131.1275,-76.2));
#6210=CARTESIAN_POINT('Origin',(-45.085,-131.1275,-76.2));
#6211=CARTESIAN_POINT('',(47.4853,-131.1275,-76.2));
#6212=CARTESIAN_POINT('Origin',(45.085,-131.1275,-76.2));
#6213=CARTESIAN_POINT('',(-39.0906,-134.1501,-76.2));
#6214=CARTESIAN_POINT('Origin',(-40.4876,-134.1501,-76.2));
#6215=CARTESIAN_POINT('Origin',(-50.8,-137.2616,-73.7616));
#6216=CARTESIAN_POINT('',(-50.8,-139.7,-73.7616));
#6217=CARTESIAN_POINT('Origin',(-50.8,-139.7,-47.625));
#6218=CARTESIAN_POINT('',(-50.8,-139.7,-49.0333318737453));
#6219=CARTESIAN_POINT('Origin',(-50.8,-137.2616,-49.0333318737453));
#6220=CARTESIAN_POINT('',(-50.8,-138.480123230589,-46.9212249407244));
#6221=CARTESIAN_POINT('Origin',(-50.8,-57.15,1.94406258669302E-16));
#6222=CARTESIAN_POINT('',(-50.8,-57.7155746494304,-0.326293066979092));
#6223=CARTESIAN_POINT('Origin',(-50.8,-56.4970514188414,-2.4384));
#6224=CARTESIAN_POINT('',(-50.8,-56.4970514188414,1.94406258669302E-16));
#6225=CARTESIAN_POINT('Origin',(-50.8,6.20705743747951E-15,1.94406258669302E-16));
#6226=CARTESIAN_POINT('',(-50.8,-2.43839999999999,1.94406258669302E-16));
#6227=CARTESIAN_POINT('Origin',(-50.8,-2.43839999999999,-2.4384));
#6228=CARTESIAN_POINT('Origin',(-50.8,3.81320228575825E-15,-29.3878));
#6229=CARTESIAN_POINT('',(34.925,-1.6256,-29.3878));
#6230=CARTESIAN_POINT('',(31.75,-1.6256,-29.3878));
#6231=CARTESIAN_POINT('Origin',(45.085,-131.1275,112.599073090945));
#6232=CARTESIAN_POINT('',(47.4853,-131.1275,112.599073090945));
#6233=CARTESIAN_POINT('Origin',(45.0850000000001,-8.57249999999997,112.599073090945));
#6234=CARTESIAN_POINT('',(47.4853000000001,-8.57249999999997,112.599073090945));
#6235=CARTESIAN_POINT('Origin',(-45.085,-8.57249999999996,112.599073090945));
#6236=CARTESIAN_POINT('',(-42.6847,-8.57249999999996,112.599073090945));
#6237=CARTESIAN_POINT('Origin',(-50.8,5.62359403835644E-15,-7.16279999999998));
#6238=CARTESIAN_POINT('',(-34.925,-1.62559999999999,-7.16279999999998));
#6239=CARTESIAN_POINT('Origin',(-34.925,6.20705743747951E-15,3.69371891471674E-15));
#6240=CARTESIAN_POINT('Origin',(-22.225,6.20705743747951E-15,3.69371891471674E-15));
#6241=CARTESIAN_POINT('',(-22.225,-1.62559999999999,-7.16279999999998));
#6242=CARTESIAN_POINT('',(-22.225,-1.6256,-29.3878));
#6243=CARTESIAN_POINT('Origin',(-50.8,5.62359403835644E-15,-7.16279999999998));
#6244=CARTESIAN_POINT('',(-25.4,-1.62559999999999,-7.16279999999998));
#6245=CARTESIAN_POINT('Origin',(-25.4,6.20705743747951E-15,3.69371891471674E-15));
#6246=CARTESIAN_POINT('',(-25.4,-1.6256,-29.3878));
#6247=CARTESIAN_POINT('Origin',(-50.8,3.81320228575825E-15,-29.3878));
#6248=CARTESIAN_POINT('Origin',(-12.7,6.20705743747951E-15,3.69371891471674E-15));
#6249=CARTESIAN_POINT('',(-12.7,-1.62559999999999,-7.16279999999998));
#6250=CARTESIAN_POINT('',(-12.7,-1.6256,-29.3878));
#6251=CARTESIAN_POINT('Origin',(-50.8,5.62359403835644E-15,-7.16279999999998));
#6252=CARTESIAN_POINT('',(-15.875,-1.62559999999999,-7.16279999999998));
#6253=CARTESIAN_POINT('Origin',(-15.875,6.20705743747951E-15,3.69371891471674E-15));
#6254=CARTESIAN_POINT('',(-15.875,-1.6256,-29.3878));
#6255=CARTESIAN_POINT('Origin',(-50.8,3.81320228575825E-15,-29.3878));
#6256=CARTESIAN_POINT('Origin',(-3.17499999999998,6.20705743747951E-15,
3.69371891471674E-15));
#6257=CARTESIAN_POINT('',(-3.17499999999998,-1.62559999999999,-7.16279999999998));
#6258=CARTESIAN_POINT('',(-3.17499999999998,-1.6256,-29.3878));
#6259=CARTESIAN_POINT('Origin',(-50.8,5.62359403835644E-15,-7.16279999999998));
#6260=CARTESIAN_POINT('',(-6.34999999999997,-1.62559999999999,-7.16279999999998));
#6261=CARTESIAN_POINT('Origin',(-6.34999999999997,6.20705743747951E-15,
3.69371891471674E-15));
#6262=CARTESIAN_POINT('',(-6.34999999999997,-1.6256,-29.3878));
#6263=CARTESIAN_POINT('Origin',(-50.8,3.81320228575825E-15,-29.3878));
#6264=CARTESIAN_POINT('Origin',(6.35000000000002,6.20705743747951E-15,3.69371891471674E-15));
#6265=CARTESIAN_POINT('',(6.35000000000002,-1.62559999999999,-7.16279999999998));
#6266=CARTESIAN_POINT('',(6.35000000000002,-1.6256,-29.3878));
#6267=CARTESIAN_POINT('Origin',(-50.8,5.62359403835644E-15,-7.16279999999998));
#6268=CARTESIAN_POINT('',(3.17500000000003,-1.62559999999999,-7.16279999999998));
#6269=CARTESIAN_POINT('Origin',(3.17500000000003,6.20705743747951E-15,3.69371891471674E-15));
#6270=CARTESIAN_POINT('',(3.17500000000003,-1.6256,-29.3878));
#6271=CARTESIAN_POINT('Origin',(-50.8,3.81320228575825E-15,-29.3878));
#6272=CARTESIAN_POINT('Origin',(15.875,6.20705743747951E-15,3.69371891471674E-15));
#6273=CARTESIAN_POINT('',(15.875,-1.62559999999999,-7.16279999999998));
#6274=CARTESIAN_POINT('',(15.875,-1.6256,-29.3878));
#6275=CARTESIAN_POINT('Origin',(-50.8,5.62359403835644E-15,-7.16279999999998));
#6276=CARTESIAN_POINT('',(12.7,-1.62559999999999,-7.16279999999998));
#6277=CARTESIAN_POINT('Origin',(12.7,6.20705743747951E-15,3.69371891471674E-15));
#6278=CARTESIAN_POINT('',(12.7,-1.6256,-29.3878));
#6279=CARTESIAN_POINT('Origin',(-50.8,3.81320228575825E-15,-29.3878));
#6280=CARTESIAN_POINT('Origin',(25.4,6.20705743747951E-15,3.69371891471674E-15));
#6281=CARTESIAN_POINT('',(25.4,-1.62559999999999,-7.16279999999998));
#6282=CARTESIAN_POINT('',(25.4,-1.6256,-29.3878));
#6283=CARTESIAN_POINT('Origin',(-50.8,5.62359403835644E-15,-7.16279999999998));
#6284=CARTESIAN_POINT('',(22.225,-1.62559999999999,-7.16279999999998));
#6285=CARTESIAN_POINT('Origin',(22.225,6.20705743747951E-15,3.69371891471674E-15));
#6286=CARTESIAN_POINT('',(22.225,-1.6256,-29.3878));
#6287=CARTESIAN_POINT('Origin',(-50.8,3.81320228575825E-15,-29.3878));
#6288=CARTESIAN_POINT('Origin',(34.925,6.20705743747951E-15,3.69371891471674E-15));
#6289=CARTESIAN_POINT('',(34.925,-1.62559999999999,-7.16279999999998));
#6290=CARTESIAN_POINT('Origin',(-50.8,5.62359403835644E-15,-7.16279999999998));
#6291=CARTESIAN_POINT('',(31.75,-1.62559999999999,-7.16279999999998));
#6292=CARTESIAN_POINT('Origin',(31.75,6.20705743747951E-15,3.69371891471674E-15));
#6293=CARTESIAN_POINT('Origin',(-45.085,-131.1275,112.599073090945));
#6294=CARTESIAN_POINT('',(-42.6847,-131.1275,112.599073090945));
#6295=CARTESIAN_POINT('Origin',(40.4876,-134.1501,112.599073090945));
#6296=CARTESIAN_POINT('',(41.8846,-134.1501,112.599073090945));
#6297=CARTESIAN_POINT('Origin',(19.05,-129.3749,112.599073090945));
#6298=CARTESIAN_POINT('',(20.447,-129.3749,112.599073090945));
#6299=CARTESIAN_POINT('Origin',(-19.05,-129.3749,112.599073090945));
#6300=CARTESIAN_POINT('',(-17.653,-129.3749,112.599073090945));
#6301=CARTESIAN_POINT('Origin',(-40.4876,-5.54989999999994,112.599073090945));
#6302=CARTESIAN_POINT('',(-39.0906,-5.54989999999994,112.599073090945));
#6303=CARTESIAN_POINT('Origin',(-19.05,-10.3251,112.599073090945));
#6304=CARTESIAN_POINT('',(-17.653,-10.3251,112.599073090945));
#6305=CARTESIAN_POINT('Origin',(19.0500000000001,-10.3251,112.599073090945));
#6306=CARTESIAN_POINT('',(20.4470000000001,-10.3251,112.599073090945));
#6307=CARTESIAN_POINT('Origin',(40.4876000000001,-5.54989999999994,112.599073090945));
#6308=CARTESIAN_POINT('',(41.8846000000001,-5.54989999999994,112.599073090945));
#6309=CARTESIAN_POINT('Origin',(-40.4876,-134.1501,112.599073090945));
#6310=CARTESIAN_POINT('',(-39.0906,-134.1501,112.599073090945));
#6311=CARTESIAN_POINT('',(0.,0.,0.));
#6312=CARTESIAN_POINT('Origin',(1.08470025416547,1.905,0.3429));
#6313=CARTESIAN_POINT('',(1.08279417440197,1.85020474861809,0.333238118766666));
#6314=CARTESIAN_POINT('',(0.55524711425097,1.87870794097795,0.555247114250967));
#6315=CARTESIAN_POINT('Origin',(-0.49383727404356,-9.60481100948665,-1.20291407103239));
#6316=CARTESIAN_POINT('',(1.04935819457304,0.889000000000003,0.1637517876002));
#6317=CARTESIAN_POINT('',(1.08510219055973,1.91655471359824,0.344937407761727));
#6318=CARTESIAN_POINT('',(0.421506381497636,0.889000000000003,0.421506381497634));
#6319=CARTESIAN_POINT('',(0.216933453553188,0.889000000000003,0.505490549205051));
#6320=CARTESIAN_POINT('',(0.561530657392403,1.92520740614855,0.561530657392403));
#6321=CARTESIAN_POINT('Origin',(0.5588,1.905,0.5588));
#6322=CARTESIAN_POINT('',(0.333238118766666,1.85020474861809,1.08279417440197));
#6323=CARTESIAN_POINT('Origin',(-1.20291407103239,-9.60481100948665,-0.493837274043563));
#6324=CARTESIAN_POINT('',(0.163751787600199,0.889000000000003,1.04935819457304));
#6325=CARTESIAN_POINT('',(0.384221758103768,0.889000000000003,0.512326172694015));
#6326=CARTESIAN_POINT('',(0.344588905405731,1.91457825852258,1.08503343859805));
#6327=CARTESIAN_POINT('Origin',(0.3429,1.905,1.08470025416547));
#6328=CARTESIAN_POINT('',(0.318980225689726,1.76934421882478,1.75065744485884));
#6329=CARTESIAN_POINT('Origin',(-1.67494327794293,-9.53875789703556,2.37982245380066E-16));
#6330=CARTESIAN_POINT('',(0.163751787600199,0.889000000000003,1.61597624412619));
#6331=CARTESIAN_POINT('',(0.163751787600199,0.889000000000003,0.542350127082735));
#6332=CARTESIAN_POINT('Ctrl Pts',(0.318980225694115,1.76934421885813,1.7506574448288));
#6333=CARTESIAN_POINT('Ctrl Pts',(0.238261072405923,1.31156315231992,1.68331684445849));
#6334=CARTESIAN_POINT('Ctrl Pts',(0.163751787598708,0.889000000000041,1.61597624408818));
#6335=CARTESIAN_POINT('Origin',(8.21512058673338E-16,1.905,-4.49580276672299E-16));
#6336=CARTESIAN_POINT('',(-0.318980225689726,1.76934421882478,1.75065744485884));
#6337=CARTESIAN_POINT('Origin',(8.21512058673338E-16,1.76934421882478,-4.17565492613006E-16));
#6338=CARTESIAN_POINT('',(-0.163751787600199,0.889000000000003,1.61597624412619));
#6339=CARTESIAN_POINT('Origin',(8.21512058673338E-16,0.889000000000003,
-2.09804129113739E-16));
#6340=CARTESIAN_POINT('Ctrl Pts',(-0.163751787598875,0.888999999999931,
1.61597624406886));
#6341=CARTESIAN_POINT('Ctrl Pts',(-0.238261072404132,1.31156315230871,1.68331684443821));
#6342=CARTESIAN_POINT('Ctrl Pts',(-0.318980225690178,1.7693442188348,1.75065744480756));
#6343=CARTESIAN_POINT('Origin',(-0.3429,1.905,1.77050025416547));
#6344=CARTESIAN_POINT('',(-0.333238118766666,1.85020474861809,1.08279417440197));
#6345=CARTESIAN_POINT('Origin',(1.67494327794293,-9.53875789703556,-3.7738193184579E-16));
#6346=CARTESIAN_POINT('',(-0.1637517876002,0.889000000000003,1.04935819457304));
#6347=CARTESIAN_POINT('',(-0.1637517876002,0.889000000000003,0.885250127082735));
#6348=CARTESIAN_POINT('',(-0.344937407761727,1.91655471359824,1.08510219055973));
#6349=CARTESIAN_POINT('Origin',(-0.3429,1.905,1.08470025416547));
#6350=CARTESIAN_POINT('',(-0.555247114250967,1.87870794097795,0.55524711425097));
#6351=CARTESIAN_POINT('Origin',(1.20291407103239,-9.60481100948665,-0.49383727404356));
#6352=CARTESIAN_POINT('',(-0.421506381497634,0.889000000000003,0.421506381497634));
#6353=CARTESIAN_POINT('',(-0.409699420660831,0.889000000000003,0.450266380131248));
#6354=CARTESIAN_POINT('',(-0.561530657392403,1.92520740614855,0.561530657392403));
#6355=CARTESIAN_POINT('Origin',(1.77050025416547,1.905,0.3429));
#6356=CARTESIAN_POINT('',(1.75065744485884,1.76934421882478,0.318980225689726));
#6357=CARTESIAN_POINT('Origin',(-2.05121392408618E-16,-9.53875789703556,
-1.67494327794293));
#6358=CARTESIAN_POINT('',(1.61597624412619,0.889000000000003,0.1637517876002));
#6359=CARTESIAN_POINT('Ctrl Pts',(1.75065744476538,1.76934421887803,0.318980225698176));
#6360=CARTESIAN_POINT('Ctrl Pts',(1.68331684439079,1.31156315232757,0.238261072407842));
#6361=CARTESIAN_POINT('Ctrl Pts',(1.61597624401621,0.888999999999919,0.163751787599255));
#6362=CARTESIAN_POINT('',(0.422698409403395,0.889000000000003,0.1637517876002));
#6363=CARTESIAN_POINT('Origin',(-6.16297582203915E-32,1.905,-1.27109233534563E-15));
#6364=CARTESIAN_POINT('',(1.75065744485884,1.76934421882478,-0.318980225689726));
#6365=CARTESIAN_POINT('Origin',(-6.16297582203915E-32,1.76934421882478,
-1.23907755128634E-15));
#6366=CARTESIAN_POINT('',(1.61597624412619,0.889,-0.163751787600199));
#6367=CARTESIAN_POINT('Ctrl Pts',(1.75065744491666,1.76934421884283,-0.318980225694585));
#6368=CARTESIAN_POINT('Ctrl Pts',(1.68331684455142,1.31156315231484,-0.238261072408192));
#6369=CARTESIAN_POINT('Ctrl Pts',(1.61597624418619,0.888999999999992,-0.163751787601864));
#6370=CARTESIAN_POINT('Origin',(-6.16297582203915E-32,0.889000000000003,
-1.03131618778708E-15));
#6371=CARTESIAN_POINT('Origin',(1.08470025416547,1.905,-0.3429));
#6372=CARTESIAN_POINT('',(1.08279417440197,1.85020474861809,-0.333238118766666));
#6373=CARTESIAN_POINT('Origin',(2.05121392408619E-16,-9.53875789703556,
1.67494327794293));
#6374=CARTESIAN_POINT('',(1.04935819457304,0.889,-0.163751787600199));
#6375=CARTESIAN_POINT('',(1.08503343859805,1.91457825852258,-0.344588905405731));
#6376=CARTESIAN_POINT('',(0.0797984094033939,0.889000000000003,-0.163751787600199));
#6377=CARTESIAN_POINT('Origin',(0.5588,1.905,-0.5588));
#6378=CARTESIAN_POINT('',(0.555247114250967,1.87870794097795,-0.55524711425097));
#6379=CARTESIAN_POINT('Origin',(-0.493837274043563,-9.60481100948665,1.20291407103239));
#6380=CARTESIAN_POINT('',(0.421506381497634,0.889,-0.421506381497634));
#6381=CARTESIAN_POINT('',(0.561530657392403,1.92520740614855,-0.561530657392403));
#6382=CARTESIAN_POINT('',(-0.0460166735295463,0.889,-0.613440549205051));
#6383=CARTESIAN_POINT('Origin',(0.3429,1.905,-1.08470025416547));
#6384=CARTESIAN_POINT('',(0.333238118766666,1.85020474861809,-1.08279417440197));
#6385=CARTESIAN_POINT('Origin',(-1.20291407103239,-9.60481100948665,0.49383727404356));
#6386=CARTESIAN_POINT('',(0.1637517876002,0.889,-1.04935819457304));
#6387=CARTESIAN_POINT('',(0.344937407761727,1.91655471359824,-1.08510219055973));
#6388=CARTESIAN_POINT('',(0.276271758103768,0.889,-0.77527629977675));
#6389=CARTESIAN_POINT('Origin',(0.3429,1.905,-1.77050025416547));
#6390=CARTESIAN_POINT('',(0.318980225689726,1.76934421882478,-1.75065744485884));
#6391=CARTESIAN_POINT('Origin',(-1.67494327794293,-9.53875789703556,3.28608529714471E-17));
#6392=CARTESIAN_POINT('',(0.1637517876002,0.889,-1.61597624412619));
#6393=CARTESIAN_POINT('Ctrl Pts',(0.163751787598844,0.888999999999837,-1.61597624421421));
#6394=CARTESIAN_POINT('Ctrl Pts',(0.238261072409092,1.31156315233687,-1.68331684458197));
#6395=CARTESIAN_POINT('Ctrl Pts',(0.318980225699832,1.76934421888958,-1.75065744494972));
#6396=CARTESIAN_POINT('',(0.1637517876002,0.889,-0.885250127082735));
#6397=CARTESIAN_POINT('Origin',(-8.21512058673338E-16,1.905,-4.49580276672297E-16));
#6398=CARTESIAN_POINT('',(-0.318980225689726,1.76934421882478,-1.75065744485884));
#6399=CARTESIAN_POINT('Origin',(-8.21512058673338E-16,1.76934421882478,
-4.17565492613006E-16));
#6400=CARTESIAN_POINT('',(-0.163751787600199,0.889,-1.61597624412619));
#6401=CARTESIAN_POINT('Ctrl Pts',(-0.163751787598688,0.888999999999957,
-1.61597624423357));
#6402=CARTESIAN_POINT('Ctrl Pts',(-0.238261072403732,1.31156315230751,-1.68331684459582));
#6403=CARTESIAN_POINT('Ctrl Pts',(-0.31898022568826,1.769344218825,-1.75065744495806));
#6404=CARTESIAN_POINT('Origin',(-8.21512058673338E-16,0.889000000000003,
-2.09804129113739E-16));
#6405=CARTESIAN_POINT('Origin',(-0.3429,1.905,-1.08470025416547));
#6406=CARTESIAN_POINT('',(-0.333238118766666,1.85020474861809,-1.08279417440197));
#6407=CARTESIAN_POINT('Origin',(1.67494327794293,-9.53875789703556,-1.72260539437172E-16));
#6408=CARTESIAN_POINT('',(-0.163751787600199,0.889,-1.04935819457304));
#6409=CARTESIAN_POINT('',(-0.344588905405731,1.91457825852258,-1.08503343859805));
#6410=CARTESIAN_POINT('',(-0.163751787600199,0.889000000000003,-0.542350127082735));
#6411=CARTESIAN_POINT('Origin',(-0.5588,1.905,-0.5588));
#6412=CARTESIAN_POINT('',(-0.55524711425097,1.87870794097795,-0.55524711425097));
#6413=CARTESIAN_POINT('Origin',(1.20291407103239,-9.60481100948665,0.493837274043563));
#6414=CARTESIAN_POINT('',(-0.421506381497634,0.889000000000003,-0.421506381497634));
#6415=CARTESIAN_POINT('',(-0.561530657392403,1.92520740614855,-0.561530657392403));
#6416=CARTESIAN_POINT('',(-0.517649420660831,0.889000000000003,-0.187316253048512));
#6417=CARTESIAN_POINT('Origin',(-1.08470025416547,1.905,0.3429));
#6418=CARTESIAN_POINT('',(-1.08279417440197,1.85020474861809,0.333238118766666));
#6419=CARTESIAN_POINT('',(-1.75065744485884,1.76934421882478,0.318980225689726));
#6420=CARTESIAN_POINT('Origin',(0.,-9.53875789703556,-1.67494327794293));
#6421=CARTESIAN_POINT('',(-1.04935819457304,0.889000000000003,0.163751787600199));
#6422=CARTESIAN_POINT('',(-1.08503343859805,1.91457825852258,0.344588905405731));
#6423=CARTESIAN_POINT('',(-1.61597624412619,0.889000000000003,0.163751787600199));
#6424=CARTESIAN_POINT('',(-1.00490184476208,0.889000000000003,0.163751787600199));
#6425=CARTESIAN_POINT('Ctrl Pts',(-1.61597624396307,0.888999999999937,0.163751787599048));
#6426=CARTESIAN_POINT('Ctrl Pts',(-1.68331684433713,1.31156315231022,0.238261072404571));
#6427=CARTESIAN_POINT('Ctrl Pts',(-1.75065744471119,1.76934421884277,0.318980225691755));
#6428=CARTESIAN_POINT('Origin',(0.,1.905,3.71931782001039E-16));
#6429=CARTESIAN_POINT('',(-1.75065744485884,1.76934421882478,-0.318980225689726));
#6430=CARTESIAN_POINT('Origin',(0.,1.76934421882478,4.03946566060332E-16));
#6431=CARTESIAN_POINT('',(-1.61597624412619,0.889000000000003,-0.1637517876002));
#6432=CARTESIAN_POINT('Origin',(0.,0.889000000000003,6.11707929559599E-16));
#6433=CARTESIAN_POINT('Ctrl Pts',(-1.61597624423602,0.888999999999967,-0.163751787601983));
#6434=CARTESIAN_POINT('Ctrl Pts',(-1.683316844601,1.31156315232646,-0.238261072410367));
#6435=CARTESIAN_POINT('Ctrl Pts',(-1.75065744496599,1.76934421886583,-0.318980225698755));
#6436=CARTESIAN_POINT('Origin',(-1.77050025416547,1.905,-0.3429));
#6437=CARTESIAN_POINT('',(-1.08279417440197,1.85020474861809,-0.333238118766666));
#6438=CARTESIAN_POINT('Origin',(0.,-9.53875789703556,1.67494327794293));
#6439=CARTESIAN_POINT('',(-1.04935819457304,0.889000000000003,-0.1637517876002));
#6440=CARTESIAN_POINT('',(-1.34780184476208,0.889000000000003,-0.1637517876002));
#6441=CARTESIAN_POINT('',(-1.08510219055973,1.91655471359824,-0.34493740776173));
#6442=CARTESIAN_POINT('Origin',(-1.08470025416547,1.905,-0.3429));
#6443=CARTESIAN_POINT('Origin',(0.49383727404356,-9.60481100948665,1.20291407103239));
#6444=CARTESIAN_POINT('',(-1.00860922635481,0.889000000000003,-0.180480629559548));
#6445=CARTESIAN_POINT('Origin',(-0.5588,1.905,0.5588));
#6446=CARTESIAN_POINT('Origin',(0.49383727404356,-9.60481100948665,-1.20291407103239));
#6447=CARTESIAN_POINT('',(-0.745659099272075,0.889000000000003,0.288430629559546));
#6448=CARTESIAN_POINT('Origin',(-0.925103435358685,0.889000000000003,-4.38054506145392E-16));
#6449=CARTESIAN_POINT('Origin',(0.,-9.83409558809319,-1.0524995386227E-22));
#6450=CARTESIAN_POINT('',(-2.9743906618613E-16,1.651,2.42877429143831));
#6451=CARTESIAN_POINT('Origin',(0.,1.651,-3.89636239782657E-16));
#6452=CARTESIAN_POINT('Origin',(0.,0.495466913669159,-1.16930263584961E-16));
#6453=CARTESIAN_POINT('',(-3.98812444801943E-16,1.86387003487205E-15,3.25655074654677));
#6454=CARTESIAN_POINT('Origin',(0.,1.11022302462516E-15,-2.46519032881566E-31));
#6455=CARTESIAN_POINT('Origin',(-2.67513265437746E-16,0.49546691366916,
2.18441158400936));
#6456=CARTESIAN_POINT('Origin',(0.,7.17312035634482E-17,-1.6891));
#6457=CARTESIAN_POINT('',(-2.0685509084398E-16,5.55111512312578E-16,1.6891));
#6458=CARTESIAN_POINT('Origin',(0.,0.,0.));
#6459=CARTESIAN_POINT('Origin',(0.,-2.0447,4.82549496961598E-16));
#6460=CARTESIAN_POINT('',(-2.0685509084398E-16,-4.0894,1.6891));
#6461=CARTESIAN_POINT('Origin',(0.,-4.0894,9.65098993923199E-16));
#6462=CARTESIAN_POINT('',(-2.0685509084398E-16,-2.0447,1.6891));
#6463=CARTESIAN_POINT('Origin',(0.,-4.9022,1.15691991197004E-15));
#6464=CARTESIAN_POINT('',(1.8943797162211E-16,-5.715,1.54687842857226));
#6465=CARTESIAN_POINT('',(1.98146531233045E-16,-4.9022,1.61798921428613));
#6466=CARTESIAN_POINT('Origin',(0.,-5.715,1.34874083001689E-15));
#6467=CARTESIAN_POINT('Origin',(0.,-5.715,-2.4980018054066E-15));
#6468=CARTESIAN_POINT('',(0.,0.,0.));
#6469=CARTESIAN_POINT('Origin',(5.52133363839324,-0.762,-5.52133363839324));
#6470=CARTESIAN_POINT('',(3.57991640881733,-6.096,-3.57991640881733));
#6471=CARTESIAN_POINT('',(-3.57991640881733,-6.096,-3.57991640881733));
#6472=CARTESIAN_POINT('',(5.52133363839324,-6.096,-3.57991640881733));
#6473=CARTESIAN_POINT('',(-5.52133363839324,-0.762,-5.52133363839324));
#6474=CARTESIAN_POINT('',(-4.94310069991004,-2.35068194166752,-4.94310069991004));
#6475=CARTESIAN_POINT('',(5.52133363839324,-0.762,-5.52133363839324));
#6476=CARTESIAN_POINT('',(2.76066681919662,-0.762,-5.52133363839324));
#6477=CARTESIAN_POINT('',(4.94310069991004,-2.35068194166752,-4.94310069991004));
#6478=CARTESIAN_POINT('Origin',(-5.52133363839324,-0.762,-5.52133363839324));
#6479=CARTESIAN_POINT('',(-3.57991640881733,-6.096,3.57991640881733));
#6480=CARTESIAN_POINT('',(-3.57991640881733,-6.096,-5.52133363839324));
#6481=CARTESIAN_POINT('',(-5.52133363839324,-0.762,5.52133363839324));
#6482=CARTESIAN_POINT('',(-4.94310069991004,-2.35068194166751,4.94310069991004));
#6483=CARTESIAN_POINT('',(-5.52133363839324,-0.762,-2.76066681919662));
#6484=CARTESIAN_POINT('Origin',(-5.52133363839324,-0.762,5.52133363839324));
#6485=CARTESIAN_POINT('',(3.57991640881733,-6.096,3.57991640881733));
#6486=CARTESIAN_POINT('',(-5.52133363839324,-6.096,3.57991640881733));
#6487=CARTESIAN_POINT('',(5.52133363839324,-0.762,5.52133363839324));
#6488=CARTESIAN_POINT('',(4.94310069991004,-2.35068194166752,4.94310069991004));
#6489=CARTESIAN_POINT('',(-2.76066681919662,-0.762,5.52133363839324));
#6490=CARTESIAN_POINT('Origin',(5.52133363839324,-0.762,5.52133363839324));
#6491=CARTESIAN_POINT('',(3.57991640881733,-6.096,5.52133363839324));
#6492=CARTESIAN_POINT('',(5.52133363839324,-0.762,2.76066681919662));
#6493=CARTESIAN_POINT('Origin',(-3.7702271000199E-16,-6.096,-5.65534065002986E-16));
#6494=CARTESIAN_POINT('Origin',(-6.35,0.,-6.35));
#6495=CARTESIAN_POINT('',(-6.28333363839324,-0.762,-6.28333363839324));
#6496=CARTESIAN_POINT('',(-6.28333363839324,-0.762,6.28333363839324));
#6497=CARTESIAN_POINT('',(-6.28333363839324,-0.762,-6.35));
#6498=CARTESIAN_POINT('',(-6.35,0.,6.35));
#6499=CARTESIAN_POINT('',(-6.30212825549687,-0.547176543495154,6.30212825549687));
#6500=CARTESIAN_POINT('',(-6.35,0.,-6.35));
#6501=CARTESIAN_POINT('',(-6.35,0.,-6.35));
#6502=CARTESIAN_POINT('',(-6.30212825549687,-0.547176543495143,-6.30212825549687));
#6503=CARTESIAN_POINT('Origin',(-6.35,0.,6.35));
#6504=CARTESIAN_POINT('',(6.28333363839324,-0.762,6.28333363839324));
#6505=CARTESIAN_POINT('',(-6.35,-0.762,6.28333363839324));
#6506=CARTESIAN_POINT('',(6.35,0.,6.35));
#6507=CARTESIAN_POINT('',(6.30212825549687,-0.547176543495151,6.30212825549687));
#6508=CARTESIAN_POINT('',(-6.35,0.,6.35));
#6509=CARTESIAN_POINT('Origin',(6.35,0.,6.35));
#6510=CARTESIAN_POINT('',(6.28333363839324,-0.762,-6.28333363839324));
#6511=CARTESIAN_POINT('',(6.28333363839324,-0.762,6.35));
#6512=CARTESIAN_POINT('',(6.35,0.,-6.35));
#6513=CARTESIAN_POINT('',(6.30212825549687,-0.547176543495154,-6.30212825549687));
#6514=CARTESIAN_POINT('',(6.35,0.,6.35));
#6515=CARTESIAN_POINT('Origin',(6.35,0.,-6.35));
#6516=CARTESIAN_POINT('',(6.35,-0.762,-6.28333363839324));
#6517=CARTESIAN_POINT('',(6.35,0.,-6.35));
#6518=CARTESIAN_POINT('Origin',(0.,-0.762,-2.7755575615629E-16));
#6519=CARTESIAN_POINT('Origin',(0.,0.,-2.7755575615629E-16));
#6520=CARTESIAN_POINT('',(0.,0.,0.));
#6521=CARTESIAN_POINT('',(-0.0127000000000044,69.8627,78.2574));
#6522=CARTESIAN_POINT('',(40.4748999999999,64.2874,0.));
#6523=CARTESIAN_POINT('',(28.6307024368498,-61.6559008122833,4.22334094601185E-15));
#6524=CARTESIAN_POINT('',(-40.4749,64.2874,0.));
#6525=CARTESIAN_POINT('',(40.4749,-64.2874,0.));
#6526=CARTESIAN_POINT('',(-40.4749,-64.2874,0.));
#6527=CARTESIAN_POINT('',(-28.6307024368497,-61.6559008122833,8.04911692853239E-15));
#6528=CARTESIAN_POINT('',(28.6307024368498,61.6559008122833,-1.75312490483142E-15));
#6529=CARTESIAN_POINT('',(-28.6307024368498,61.6559008122833,1.60515639969305E-14));
#6530=UNCERTAINTY_MEASURE_WITH_UNIT(LENGTH_MEASURE(0.01),#6542,
'DISTANCE_ACCURACY_VALUE',
'Maximum model space distance between geometric entities at asserted c
onnectivities');
#6531=UNCERTAINTY_MEASURE_WITH_UNIT(LENGTH_MEASURE(0.01),#6542,
'DISTANCE_ACCURACY_VALUE',
'Maximum model space distance between geometric entities at asserted c
onnectivities');
#6532=UNCERTAINTY_MEASURE_WITH_UNIT(LENGTH_MEASURE(0.01),#6542,
'DISTANCE_ACCURACY_VALUE',
'Maximum model space distance between geometric entities at asserted c
onnectivities');
#6533=UNCERTAINTY_MEASURE_WITH_UNIT(LENGTH_MEASURE(0.01),#6542,
'DISTANCE_ACCURACY_VALUE',
'Maximum model space distance between geometric entities at asserted c
onnectivities');
#6534=UNCERTAINTY_MEASURE_WITH_UNIT(LENGTH_MEASURE(0.01),#6542,
'DISTANCE_ACCURACY_VALUE',
'Maximum model space distance between geometric entities at asserted c
onnectivities');
#6535=UNCERTAINTY_MEASURE_WITH_UNIT(LENGTH_MEASURE(0.01),#6542,
'DISTANCE_ACCURACY_VALUE',
'Maximum model space distance between geometric entities at asserted c
onnectivities');
#6536=(
GEOMETRIC_REPRESENTATION_CONTEXT(3)
GLOBAL_UNCERTAINTY_ASSIGNED_CONTEXT((#6530))
GLOBAL_UNIT_ASSIGNED_CONTEXT((#6542,#6544,#6545))
REPRESENTATION_CONTEXT('','3D')
);
#6537=(
GEOMETRIC_REPRESENTATION_CONTEXT(3)
GLOBAL_UNCERTAINTY_ASSIGNED_CONTEXT((#6531))
GLOBAL_UNIT_ASSIGNED_CONTEXT((#6542,#6544,#6545))
REPRESENTATION_CONTEXT('','3D')
);
#6538=(
GEOMETRIC_REPRESENTATION_CONTEXT(3)
GLOBAL_UNCERTAINTY_ASSIGNED_CONTEXT((#6532))
GLOBAL_UNIT_ASSIGNED_CONTEXT((#6542,#6544,#6545))
REPRESENTATION_CONTEXT('','3D')
);
#6539=(
GEOMETRIC_REPRESENTATION_CONTEXT(3)
GLOBAL_UNCERTAINTY_ASSIGNED_CONTEXT((#6533))
GLOBAL_UNIT_ASSIGNED_CONTEXT((#6542,#6544,#6545))
REPRESENTATION_CONTEXT('','3D')
);
#6540=(
GEOMETRIC_REPRESENTATION_CONTEXT(3)
GLOBAL_UNCERTAINTY_ASSIGNED_CONTEXT((#6534))
GLOBAL_UNIT_ASSIGNED_CONTEXT((#6542,#6544,#6545))
REPRESENTATION_CONTEXT('','3D')
);
#6541=(
GEOMETRIC_REPRESENTATION_CONTEXT(3)
GLOBAL_UNCERTAINTY_ASSIGNED_CONTEXT((#6535))
GLOBAL_UNIT_ASSIGNED_CONTEXT((#6542,#6544,#6545))
REPRESENTATION_CONTEXT('','3D')
);
#6542=(
LENGTH_UNIT()
NAMED_UNIT(*)
SI_UNIT(.MILLI.,.METRE.)
);
#6543=(
LENGTH_UNIT()
NAMED_UNIT(*)
SI_UNIT($,.METRE.)
);
#6544=(
NAMED_UNIT(*)
PLANE_ANGLE_UNIT()
SI_UNIT($,.RADIAN.)
);
#6545=(
NAMED_UNIT(*)
SI_UNIT($,.STERADIAN.)
SOLID_ANGLE_UNIT()
);
#6546=SHAPE_DEFINITION_REPRESENTATION(#6551,#6566);
#6547=SHAPE_DEFINITION_REPRESENTATION(#6552,#6567);
#6548=SHAPE_DEFINITION_REPRESENTATION(#6553,#6568);
#6549=SHAPE_DEFINITION_REPRESENTATION(#6554,#6569);
#6550=SHAPE_DEFINITION_REPRESENTATION(#6555,#6570);
#6551=PRODUCT_DEFINITION_SHAPE('',$,#6572);
#6552=PRODUCT_DEFINITION_SHAPE('',$,#6573);
#6553=PRODUCT_DEFINITION_SHAPE('',$,#6574);
#6554=PRODUCT_DEFINITION_SHAPE('',$,#6575);
#6555=PRODUCT_DEFINITION_SHAPE('',$,#6576);
#6556=PRODUCT_DEFINITION_SHAPE($,$,#41);
#6557=PRODUCT_DEFINITION_SHAPE($,$,#42);
#6558=PRODUCT_DEFINITION_SHAPE($,$,#43);
#6559=PRODUCT_DEFINITION_SHAPE($,$,#44);
#6560=PRODUCT_DEFINITION_SHAPE($,$,#45);
#6561=PRODUCT_DEFINITION_SHAPE($,$,#46);
#6562=PRODUCT_DEFINITION_SHAPE($,$,#47);
#6563=PRODUCT_DEFINITION_SHAPE($,$,#48);
#6564=PRODUCT_DEFINITION_SHAPE($,$,#49);
#6565=PRODUCT_DEFINITION_SHAPE($,$,#50);
#6566=SHAPE_REPRESENTATION('',(#3989,#4326,#4327,#4328,#4329,#4330,#4331,
#4332,#4333,#4334,#4335),#6536);
#6567=SHAPE_REPRESENTATION('',(#3990),#6537);
#6568=SHAPE_REPRESENTATION('',(#4071),#6538);
#6569=SHAPE_REPRESENTATION('',(#4256),#6539);
#6570=SHAPE_REPRESENTATION('',(#4314),#6540);
#6571=PRODUCT_DEFINITION_CONTEXT('part definition',#6588,'design');
#6572=PRODUCT_DEFINITION('1456CE3','1456CE3BKBU_Drilled',#6577,#6571);
#6573=PRODUCT_DEFINITION('1','1456CE3 CASE',#6578,#6571);
#6574=PRODUCT_DEFINITION('2','1456CE3 TOP',#6579,#6571);
#6575=PRODUCT_DEFINITION('SC18394 (PAN HD SCREW #6-32 X 1/4'''' PH)',
'SC18394 (screw #6X 1_4'''' PN)',#6580,#6571);
#6576=PRODUCT_DEFINITION('3M SJ-5018 RUBBER FOOT (PFR1421T3)',
'PFR1421T3 (SJ5018)',#6581,#6571);
#6577=PRODUCT_DEFINITION_FORMATION('',$,#6590);
#6578=PRODUCT_DEFINITION_FORMATION('',$,#6591);
#6579=PRODUCT_DEFINITION_FORMATION('',$,#6592);
#6580=PRODUCT_DEFINITION_FORMATION('',$,#6593);
#6581=PRODUCT_DEFINITION_FORMATION('',$,#6594);
#6582=PRODUCT_RELATED_PRODUCT_CATEGORY('1456CE3BKBU_Drilled',
'1456CE3BKBU_Drilled',(#6590));
#6583=PRODUCT_RELATED_PRODUCT_CATEGORY('1456CE3 CASE','1456CE3 CASE',(#6591));
#6584=PRODUCT_RELATED_PRODUCT_CATEGORY('1456CE3 TOP','1456CE3 TOP',(#6592));
#6585=PRODUCT_RELATED_PRODUCT_CATEGORY('SC18394 (screw #6X 1_4'''' PN)',
'SC18394 (screw #6X 1_4'''' PN)',(#6593));
#6586=PRODUCT_RELATED_PRODUCT_CATEGORY('PFR1421T3 (SJ5018)',
'PFR1421T3 (SJ5018)',(#6594));
#6587=APPLICATION_PROTOCOL_DEFINITION('international standard',
'automotive_design',2009,#6588);
#6588=APPLICATION_CONTEXT(
'Core Data for Automotive Mechanical Design Process');
#6589=PRODUCT_CONTEXT('part definition',#6588,'mechanical');
#6590=PRODUCT('1456CE3','1456CE3BKBU_Drilled',$,(#6589));
#6591=PRODUCT('1','1456CE3 CASE','WF50DSYA3MNG10#2',(#6589));
#6592=PRODUCT('2','1456CE3 TOP',$,(#6589));
#6593=PRODUCT('SC18394 (PAN HD SCREW #6-32 X 1/4'''' PH)',
'SC18394 (screw #6X 1_4'''' PN)',$,(#6589));
#6594=PRODUCT('3M SJ-5018 RUBBER FOOT (PFR1421T3)','PFR1421T3 (SJ5018)',
$,(#6589));
#6595=PRESENTATION_STYLE_ASSIGNMENT((#6598));
#6596=PRESENTATION_STYLE_ASSIGNMENT((#6599));
#6597=PRESENTATION_STYLE_ASSIGNMENT((#6600));
#6598=SURFACE_STYLE_USAGE(.BOTH.,#6601);
#6599=SURFACE_STYLE_USAGE(.BOTH.,#6602);
#6600=SURFACE_STYLE_USAGE(.BOTH.,#6603);
#6601=SURFACE_SIDE_STYLE('',(#6604));
#6602=SURFACE_SIDE_STYLE('',(#6605));
#6603=SURFACE_SIDE_STYLE('',(#6606));
#6604=SURFACE_STYLE_FILL_AREA(#6607);
#6605=SURFACE_STYLE_FILL_AREA(#6608);
#6606=SURFACE_STYLE_FILL_AREA(#6609);
#6607=FILL_AREA_STYLE('Steel - Satin',(#6610));
#6608=FILL_AREA_STYLE('Opaque(191,191,191)',(#6611));
#6609=FILL_AREA_STYLE('Opaque(63,63,63)',(#6612));
#6610=FILL_AREA_STYLE_COLOUR('Steel - Satin',#6613);
#6611=FILL_AREA_STYLE_COLOUR('Opaque(191,191,191)',#6614);
#6612=FILL_AREA_STYLE_COLOUR('Opaque(63,63,63)',#6615);
#6613=COLOUR_RGB('Steel - Satin',0.627450980392157,0.627450980392157,0.627450980392157);
#6614=COLOUR_RGB('Opaque(191,191,191)',0.749019607843137,0.749019607843137,
0.749019607843137);
#6615=COLOUR_RGB('Opaque(63,63,63)',0.250980392156863,0.250980392156863,
0.250980392156863);
ENDSEC;
END-ISO-10303-21;
