ISO-10303-21;
HEADER;
/* Generated by software containing ST-Developer
 * from STEP Tools, Inc. (www.steptools.com) 
 */

FILE_DESCRIPTION(
/* description */ (''),
/* implementation_level */ '2;1');

FILE_NAME(
/* name */ 'Hammond_1456CE3BKBU.step',
/* time_stamp */ '2026-09-01T09:50:02+02:00',
/* author */ (''),
/* organization */ (''),
/* preprocessor_version */ 'ST-DEVELOPER v20.1',
/* originating_system */ 'Autodesk Translation Framework v15.8.0.0',
/* authorisation */ '');

FILE_SCHEMA (('AUTOMOTIVE_DESIGN { 1 0 10303 214 3 1 1 }'));
ENDSEC;

DATA;
#10=MECHANICAL_DESIGN_GEOMETRIC_PRESENTATION_REPRESENTATION('',(#74,#75,
#76,#77),#5547);
#11=ITEM_DEFINED_TRANSFORMATION($,$,#3396,#3662);
#12=ITEM_DEFINED_TRANSFORMATION($,$,#3477,#3663);
#13=ITEM_DEFINED_TRANSFORMATION($,$,#3592,#3664);
#14=ITEM_DEFINED_TRANSFORMATION($,$,#3650,#3665);
#15=ITEM_DEFINED_TRANSFORMATION($,$,#3592,#3666);
#16=ITEM_DEFINED_TRANSFORMATION($,$,#3592,#3667);
#17=ITEM_DEFINED_TRANSFORMATION($,$,#3592,#3668);
#18=ITEM_DEFINED_TRANSFORMATION($,$,#3650,#3669);
#19=ITEM_DEFINED_TRANSFORMATION($,$,#3650,#3670);
#20=ITEM_DEFINED_TRANSFORMATION($,$,#3650,#3671);
#21=(
REPRESENTATION_RELATIONSHIP($,$,#5573,#5572)
REPRESENTATION_RELATIONSHIP_WITH_TRANSFORMATION(#11)
SHAPE_REPRESENTATION_RELATIONSHIP()
);
#22=(
REPRESENTATION_RELATIONSHIP($,$,#5574,#5572)
REPRESENTATION_RELATIONSHIP_WITH_TRANSFORMATION(#12)
SHAPE_REPRESENTATION_RELATIONSHIP()
);
#23=(
REPRESENTATION_RELATIONSHIP($,$,#5575,#5572)
REPRESENTATION_RELATIONSHIP_WITH_TRANSFORMATION(#13)
SHAPE_REPRESENTATION_RELATIONSHIP()
);
#24=(
REPRESENTATION_RELATIONSHIP($,$,#5576,#5572)
REPRESENTATION_RELATIONSHIP_WITH_TRANSFORMATION(#14)
SHAPE_REPRESENTATION_RELATIONSHIP()
);
#25=(
REPRESENTATION_RELATIONSHIP($,$,#5575,#5572)
REPRESENTATION_RELATIONSHIP_WITH_TRANSFORMATION(#15)
SHAPE_REPRESENTATION_RELATIONSHIP()
);
#26=(
REPRESENTATION_RELATIONSHIP($,$,#5575,#5572)
REPRESENTATION_RELATIONSHIP_WITH_TRANSFORMATION(#16)
SHAPE_REPRESENTATION_RELATIONSHIP()
);
#27=(
REPRESENTATION_RELATIONSHIP($,$,#5575,#5572)
REPRESENTATION_RELATIONSHIP_WITH_TRANSFORMATION(#17)
SHAPE_REPRESENTATION_RELATIONSHIP()
);
#28=(
REPRESENTATION_RELATIONSHIP($,$,#5576,#5572)
REPRESENTATION_RELATIONSHIP_WITH_TRANSFORMATION(#18)
SHAPE_REPRESENTATION_RELATIONSHIP()
);
#29=(
REPRESENTATION_RELATIONSHIP($,$,#5576,#5572)
REPRESENTATION_RELATIONSHIP_WITH_TRANSFORMATION(#19)
SHAPE_REPRESENTATION_RELATIONSHIP()
);
#30=(
REPRESENTATION_RELATIONSHIP($,$,#5576,#5572)
REPRESENTATION_RELATIONSHIP_WITH_TRANSFORMATION(#20)
SHAPE_REPRESENTATION_RELATIONSHIP()
);
#31=CONTEXT_DEPENDENT_SHAPE_REPRESENTATION(#21,#5562);
#32=CONTEXT_DEPENDENT_SHAPE_REPRESENTATION(#22,#5563);
#33=CONTEXT_DEPENDENT_SHAPE_REPRESENTATION(#23,#5564);
#34=CONTEXT_DEPENDENT_SHAPE_REPRESENTATION(#24,#5565);
#35=CONTEXT_DEPENDENT_SHAPE_REPRESENTATION(#25,#5566);
#36=CONTEXT_DEPENDENT_SHAPE_REPRESENTATION(#26,#5567);
#37=CONTEXT_DEPENDENT_SHAPE_REPRESENTATION(#27,#5568);
#38=CONTEXT_DEPENDENT_SHAPE_REPRESENTATION(#28,#5569);
#39=CONTEXT_DEPENDENT_SHAPE_REPRESENTATION(#29,#5570);
#40=CONTEXT_DEPENDENT_SHAPE_REPRESENTATION(#30,#5571);
#41=NEXT_ASSEMBLY_USAGE_OCCURRENCE('1456CE3 CASE:1','1456CE3 CASE:1',
'1456CE3 CASE:1',#5578,#5579,'1456CE3 CASE:1');
#42=NEXT_ASSEMBLY_USAGE_OCCURRENCE('1456CE3 TOP:1','1456CE3 TOP:1',
'1456CE3 TOP:1',#5578,#5580,'1456CE3 TOP:1');
#43=NEXT_ASSEMBLY_USAGE_OCCURRENCE('SC18394 (screw #6X 1_4'''' PN):1',
'SC18394 (screw #6X 1_4'''' PN):1','SC18394 (screw #6X 1_4'''' PN):1',#5578,
#5581,'SC18394 (screw #6X 1_4'''' PN):1');
#44=NEXT_ASSEMBLY_USAGE_OCCURRENCE('PFR1421T3 (SJ5018):1',
'PFR1421T3 (SJ5018):1','PFR1421T3 (SJ5018):1',#5578,#5582,
'PFR1421T3 (SJ5018):1');
#45=NEXT_ASSEMBLY_USAGE_OCCURRENCE('SC18394 (screw #6X 1_4'''' PN):2',
'SC18394 (screw #6X 1_4'''' PN):2','SC18394 (screw #6X 1_4'''' PN):2',#5578,
#5581,'SC18394 (screw #6X 1_4'''' PN):2');
#46=NEXT_ASSEMBLY_USAGE_OCCURRENCE('SC18394 (screw #6X 1_4'''' PN):3',
'SC18394 (screw #6X 1_4'''' PN):3','SC18394 (screw #6X 1_4'''' PN):3',#5578,
#5581,'SC18394 (screw #6X 1_4'''' PN):3');
#47=NEXT_ASSEMBLY_USAGE_OCCURRENCE('SC18394 (screw #6X 1_4'''' PN):4',
'SC18394 (screw #6X 1_4'''' PN):4','SC18394 (screw #6X 1_4'''' PN):4',#5578,
#5581,'SC18394 (screw #6X 1_4'''' PN):4');
#48=NEXT_ASSEMBLY_USAGE_OCCURRENCE('PFR1421T3 (SJ5018):2',
'PFR1421T3 (SJ5018):2','PFR1421T3 (SJ5018):2',#5578,#5582,
'PFR1421T3 (SJ5018):2');
#49=NEXT_ASSEMBLY_USAGE_OCCURRENCE('PFR1421T3 (SJ5018):3',
'PFR1421T3 (SJ5018):3','PFR1421T3 (SJ5018):3',#5578,#5582,
'PFR1421T3 (SJ5018):3');
#50=NEXT_ASSEMBLY_USAGE_OCCURRENCE('PFR1421T3 (SJ5018):4',
'PFR1421T3 (SJ5018):4','PFR1421T3 (SJ5018):4',#5578,#5582,
'PFR1421T3 (SJ5018):4');
#51=TOROIDAL_SURFACE('',#3640,2.18441158400936,1.18108841599064);
#52=SPHERICAL_SURFACE('',#3638,11.7390955880932);
#53=CONICAL_SURFACE('',#3599,1.8034,0.174532925199433);
#54=CONICAL_SURFACE('',#3608,1.8034,0.174532925199433);
#55=CONICAL_SURFACE('',#3619,1.8034,0.174532925199433);
#56=CONICAL_SURFACE('',#3628,1.8034,0.174532925199433);
#57=CONICAL_SURFACE('',#3647,1.61798921428613,0.0872664625997181);
#58=B_SPLINE_CURVE_WITH_KNOTS('',2,(#5338,#5339,#5340),.UNSPECIFIED.,.F.,
 .F.,(3,3),(95.0662005511437,95.6730514049544),.UNSPECIFIED.);
#59=B_SPLINE_CURVE_WITH_KNOTS('',2,(#5346,#5347,#5348),.UNSPECIFIED.,.F.,
 .F.,(3,3),(110.235686101756,110.842536955558),.UNSPECIFIED.);
#60=B_SPLINE_CURVE_WITH_KNOTS('',2,(#5365,#5366,#5367),.UNSPECIFIED.,.F.,
 .F.,(3,3),(95.0662005513876,95.6730514052365),.UNSPECIFIED.);
#61=B_SPLINE_CURVE_WITH_KNOTS('',2,(#5373,#5374,#5375),.UNSPECIFIED.,.F.,
 .F.,(3,3),(95.0662005507984,95.6730514045645),.UNSPECIFIED.);
#62=B_SPLINE_CURVE_WITH_KNOTS('',2,(#5399,#5400,#5401),.UNSPECIFIED.,.F.,
 .F.,(3,3),(110.235686102508,110.842536956297),.UNSPECIFIED.);
#63=B_SPLINE_CURVE_WITH_KNOTS('',2,(#5407,#5408,#5409),.UNSPECIFIED.,.F.,
 .F.,(3,3),(110.235686102609,110.842536956347),.UNSPECIFIED.);
#64=B_SPLINE_CURVE_WITH_KNOTS('',2,(#5431,#5432,#5433),.UNSPECIFIED.,.F.,
 .F.,(3,3),(110.235686101206,110.84253695505),.UNSPECIFIED.);
#65=B_SPLINE_CURVE_WITH_KNOTS('',2,(#5439,#5440,#5441),.UNSPECIFIED.,.F.,
 .F.,(3,3),(110.235686102633,110.842536956397),.UNSPECIFIED.);
#66=SHAPE_REPRESENTATION_RELATIONSHIP('SRR','None',#5573,#70);
#67=SHAPE_REPRESENTATION_RELATIONSHIP('SRR','None',#5574,#71);
#68=SHAPE_REPRESENTATION_RELATIONSHIP('SRR','None',#5575,#72);
#69=SHAPE_REPRESENTATION_RELATIONSHIP('SRR','None',#5576,#73);
#70=ADVANCED_BREP_SHAPE_REPRESENTATION('',(#78),#5543);
#71=ADVANCED_BREP_SHAPE_REPRESENTATION('',(#79),#5544);
#72=ADVANCED_BREP_SHAPE_REPRESENTATION('',(#80),#5545);
#73=ADVANCED_BREP_SHAPE_REPRESENTATION('',(#81),#5546);
#74=STYLED_ITEM('',(#5602),#78);
#75=STYLED_ITEM('',(#5602),#79);
#76=STYLED_ITEM('',(#5602),#80);
#77=STYLED_ITEM('',(#5603),#81);
#78=MANIFOLD_SOLID_BREP('Body1',#3346);
#79=MANIFOLD_SOLID_BREP('Body1',#3347);
#80=MANIFOLD_SOLID_BREP('Body1',#3348);
#81=MANIFOLD_SOLID_BREP('Body1',#3349);
#82=FACE_BOUND('',#451,.T.);
#83=FACE_BOUND('',#452,.T.);
#84=FACE_BOUND('',#453,.T.);
#85=FACE_BOUND('',#454,.T.);
#86=FACE_BOUND('',#455,.T.);
#87=FACE_BOUND('',#456,.T.);
#88=FACE_BOUND('',#457,.T.);
#89=FACE_BOUND('',#458,.T.);
#90=FACE_BOUND('',#459,.T.);
#91=FACE_BOUND('',#460,.T.);
#92=FACE_BOUND('',#461,.T.);
#93=FACE_BOUND('',#462,.T.);
#94=FACE_BOUND('',#475,.T.);
#95=FACE_BOUND('',#476,.T.);
#96=FACE_BOUND('',#477,.T.);
#97=FACE_BOUND('',#478,.T.);
#98=FACE_BOUND('',#479,.T.);
#99=FACE_BOUND('',#480,.T.);
#100=FACE_BOUND('',#481,.T.);
#101=FACE_BOUND('',#482,.T.);
#102=FACE_BOUND('',#483,.T.);
#103=FACE_BOUND('',#484,.T.);
#104=FACE_BOUND('',#485,.T.);
#105=FACE_BOUND('',#486,.T.);
#106=FACE_BOUND('',#531,.T.);
#107=FACE_BOUND('',#532,.T.);
#108=FACE_BOUND('',#533,.T.);
#109=FACE_BOUND('',#534,.T.);
#110=FACE_BOUND('',#535,.T.);
#111=FACE_BOUND('',#536,.T.);
#112=FACE_BOUND('',#537,.T.);
#113=FACE_BOUND('',#538,.T.);
#114=FACE_BOUND('',#540,.T.);
#115=FACE_BOUND('',#541,.T.);
#116=FACE_BOUND('',#542,.T.);
#117=FACE_BOUND('',#543,.T.);
#118=FACE_BOUND('',#544,.T.);
#119=FACE_BOUND('',#545,.T.);
#120=FACE_BOUND('',#549,.T.);
#121=FACE_BOUND('',#550,.T.);
#122=FACE_BOUND('',#551,.T.);
#123=FACE_BOUND('',#552,.T.);
#124=FACE_BOUND('',#553,.T.);
#125=FACE_BOUND('',#554,.T.);
#126=FACE_BOUND('',#557,.T.);
#127=FACE_BOUND('',#558,.T.);
#128=FACE_BOUND('',#559,.T.);
#129=FACE_BOUND('',#560,.T.);
#130=FACE_BOUND('',#561,.T.);
#131=FACE_BOUND('',#562,.T.);
#132=FACE_BOUND('',#563,.T.);
#133=FACE_BOUND('',#564,.T.);
#134=FACE_BOUND('',#573,.T.);
#135=FACE_BOUND('',#574,.T.);
#136=FACE_BOUND('',#575,.T.);
#137=FACE_BOUND('',#576,.T.);
#138=FACE_BOUND('',#577,.T.);
#139=FACE_BOUND('',#578,.T.);
#140=FACE_BOUND('',#581,.T.);
#141=FACE_BOUND('',#582,.T.);
#142=FACE_BOUND('',#583,.T.);
#143=FACE_BOUND('',#584,.T.);
#144=FACE_BOUND('',#585,.T.);
#145=FACE_BOUND('',#586,.T.);
#146=FACE_BOUND('',#658,.T.);
#147=FACE_BOUND('',#661,.T.);
#148=FACE_BOUND('',#675,.T.);
#149=CIRCLE('',#3399,4.7625);
#150=CIRCLE('',#3400,4.7625);
#151=CIRCLE('',#3404,2.1717);
#152=CIRCLE('',#3405,2.1717);
#153=CIRCLE('',#3406,2.1717);
#154=CIRCLE('',#3407,2.1717);
#155=CIRCLE('',#3409,6.35);
#156=CIRCLE('',#3413,3.0734);
#157=CIRCLE('',#3414,3.0734);
#158=CIRCLE('',#3415,1.016);
#159=CIRCLE('',#3416,1.016);
#160=CIRCLE('',#3418,4.7625);
#161=CIRCLE('',#3419,6.35);
#162=CIRCLE('',#3421,3.0734);
#163=CIRCLE('',#3423,3.0734);
#164=CIRCLE('',#3425,1.016);
#165=CIRCLE('',#3426,1.016);
#166=CIRCLE('',#3428,6.35);
#167=CIRCLE('',#3432,2.1717);
#168=CIRCLE('',#3433,2.1717);
#169=CIRCLE('',#3434,2.1717);
#170=CIRCLE('',#3435,2.1717);
#171=CIRCLE('',#3438,4.7625);
#172=CIRCLE('',#3439,6.35);
#173=CIRCLE('',#3480,0.8128);
#174=CIRCLE('',#3481,0.8128);
#175=CIRCLE('',#3482,0.8128);
#176=CIRCLE('',#3483,0.8128);
#177=CIRCLE('',#3484,0.8128);
#178=CIRCLE('',#3485,2.4384);
#179=CIRCLE('',#3486,2.4384);
#180=CIRCLE('',#3487,2.4384);
#181=CIRCLE('',#3488,2.4384);
#182=CIRCLE('',#3489,2.4384);
#183=CIRCLE('',#3494,1.397);
#184=CIRCLE('',#3495,1.397);
#185=CIRCLE('',#3496,1.397);
#186=CIRCLE('',#3497,2.4003);
#187=CIRCLE('',#3498,2.4003);
#188=CIRCLE('',#3499,1.397);
#189=CIRCLE('',#3501,2.4384);
#190=CIRCLE('',#3502,2.4384);
#191=CIRCLE('',#3503,2.4384);
#192=CIRCLE('',#3504,2.4384);
#193=CIRCLE('',#3505,2.4384);
#194=CIRCLE('',#3506,0.8128);
#195=CIRCLE('',#3507,0.8128);
#196=CIRCLE('',#3508,0.8128);
#197=CIRCLE('',#3509,0.8128);
#198=CIRCLE('',#3510,0.8128);
#199=CIRCLE('',#3513,1.397);
#200=CIRCLE('',#3514,1.397);
#201=CIRCLE('',#3515,1.397);
#202=CIRCLE('',#3516,2.4003);
#203=CIRCLE('',#3517,2.4003);
#204=CIRCLE('',#3518,1.397);
#205=CIRCLE('',#3529,1.397);
#206=CIRCLE('',#3530,1.397);
#207=CIRCLE('',#3531,1.397);
#208=CIRCLE('',#3532,2.4003);
#209=CIRCLE('',#3533,2.4003);
#210=CIRCLE('',#3534,1.397);
#211=CIRCLE('',#3537,1.397);
#212=CIRCLE('',#3538,1.397);
#213=CIRCLE('',#3539,1.397);
#214=CIRCLE('',#3540,2.4003);
#215=CIRCLE('',#3541,2.4003);
#216=CIRCLE('',#3542,1.397);
#217=CIRCLE('',#3594,11.6646009915847);
#218=CIRCLE('',#3596,11.6646009915847);
#219=CIRCLE('',#3598,11.6152359377803);
#220=CIRCLE('',#3600,1.77948022568973);
#221=CIRCLE('',#3601,1.6242517876002);
#222=CIRCLE('',#3603,11.6152359377803);
#223=CIRCLE('',#3605,11.6646009915847);
#224=CIRCLE('',#3607,11.6152359377803);
#225=CIRCLE('',#3609,1.77948022568973);
#226=CIRCLE('',#3610,1.6242517876002);
#227=CIRCLE('',#3612,11.6152359377803);
#228=CIRCLE('',#3614,11.6646009915847);
#229=CIRCLE('',#3616,11.6646009915847);
#230=CIRCLE('',#3618,11.6152359377803);
#231=CIRCLE('',#3620,1.77948022568973);
#232=CIRCLE('',#3621,1.6242517876002);
#233=CIRCLE('',#3623,11.6152359377803);
#234=CIRCLE('',#3625,11.6646009915847);
#235=CIRCLE('',#3627,11.6152359377803);
#236=CIRCLE('',#3629,1.77948022568973);
#237=CIRCLE('',#3630,1.6242517876002);
#238=CIRCLE('',#3632,11.6152359377803);
#239=CIRCLE('',#3634,11.6646009915847);
#240=CIRCLE('',#3636,11.6646009915847);
#241=CIRCLE('',#3639,2.42877429143831);
#242=CIRCLE('',#3641,3.25655074654677);
#243=CIRCLE('',#3642,1.18108841599064);
#244=CIRCLE('',#3644,1.6891);
#245=CIRCLE('',#3646,1.6891);
#246=CIRCLE('',#3648,1.54687842857226);
#247=CYLINDRICAL_SURFACE('',#3398,4.7625);
#248=CYLINDRICAL_SURFACE('',#3420,3.0734);
#249=CYLINDRICAL_SURFACE('',#3422,3.0734);
#250=CYLINDRICAL_SURFACE('',#3427,6.35);
#251=CYLINDRICAL_SURFACE('',#3430,1.016);
#252=CYLINDRICAL_SURFACE('',#3436,1.016);
#253=CYLINDRICAL_SURFACE('',#3440,6.35);
#254=CYLINDRICAL_SURFACE('',#3442,4.7625);
#255=CYLINDRICAL_SURFACE('',#3443,2.1717);
#256=CYLINDRICAL_SURFACE('',#3444,2.1717);
#257=CYLINDRICAL_SURFACE('',#3445,2.1717);
#258=CYLINDRICAL_SURFACE('',#3446,2.1717);
#259=CYLINDRICAL_SURFACE('',#3511,2.4384);
#260=CYLINDRICAL_SURFACE('',#3519,0.8128);
#261=CYLINDRICAL_SURFACE('',#3521,0.8128);
#262=CYLINDRICAL_SURFACE('',#3523,0.8128);
#263=CYLINDRICAL_SURFACE('',#3525,0.8128);
#264=CYLINDRICAL_SURFACE('',#3527,0.8128);
#265=CYLINDRICAL_SURFACE('',#3543,2.4384);
#266=CYLINDRICAL_SURFACE('',#3545,2.4384);
#267=CYLINDRICAL_SURFACE('',#3547,2.4384);
#268=CYLINDRICAL_SURFACE('',#3549,2.4384);
#269=CYLINDRICAL_SURFACE('',#3551,2.4003);
#270=CYLINDRICAL_SURFACE('',#3552,2.4003);
#271=CYLINDRICAL_SURFACE('',#3553,2.4003);
#272=CYLINDRICAL_SURFACE('',#3583,2.4003);
#273=CYLINDRICAL_SURFACE('',#3584,1.397);
#274=CYLINDRICAL_SURFACE('',#3585,1.397);
#275=CYLINDRICAL_SURFACE('',#3586,1.397);
#276=CYLINDRICAL_SURFACE('',#3587,1.397);
#277=CYLINDRICAL_SURFACE('',#3588,1.397);
#278=CYLINDRICAL_SURFACE('',#3589,1.397);
#279=CYLINDRICAL_SURFACE('',#3590,1.397);
#280=CYLINDRICAL_SURFACE('',#3591,1.397);
#281=CYLINDRICAL_SURFACE('',#3645,1.6891);
#282=FACE_OUTER_BOUND('',#446,.T.);
#283=FACE_OUTER_BOUND('',#447,.T.);
#284=FACE_OUTER_BOUND('',#448,.T.);
#285=FACE_OUTER_BOUND('',#449,.T.);
#286=FACE_OUTER_BOUND('',#450,.T.);
#287=FACE_OUTER_BOUND('',#463,.T.);
#288=FACE_OUTER_BOUND('',#464,.T.);
#289=FACE_OUTER_BOUND('',#465,.T.);
#290=FACE_OUTER_BOUND('',#466,.T.);
#291=FACE_OUTER_BOUND('',#467,.T.);
#292=FACE_OUTER_BOUND('',#468,.T.);
#293=FACE_OUTER_BOUND('',#469,.T.);
#294=FACE_OUTER_BOUND('',#470,.T.);
#295=FACE_OUTER_BOUND('',#471,.T.);
#296=FACE_OUTER_BOUND('',#472,.T.);
#297=FACE_OUTER_BOUND('',#473,.T.);
#298=FACE_OUTER_BOUND('',#474,.T.);
#299=FACE_OUTER_BOUND('',#487,.T.);
#300=FACE_OUTER_BOUND('',#488,.T.);
#301=FACE_OUTER_BOUND('',#489,.T.);
#302=FACE_OUTER_BOUND('',#490,.T.);
#303=FACE_OUTER_BOUND('',#491,.T.);
#304=FACE_OUTER_BOUND('',#492,.T.);
#305=FACE_OUTER_BOUND('',#493,.T.);
#306=FACE_OUTER_BOUND('',#494,.T.);
#307=FACE_OUTER_BOUND('',#495,.T.);
#308=FACE_OUTER_BOUND('',#496,.T.);
#309=FACE_OUTER_BOUND('',#497,.T.);
#310=FACE_OUTER_BOUND('',#498,.T.);
#311=FACE_OUTER_BOUND('',#499,.T.);
#312=FACE_OUTER_BOUND('',#500,.T.);
#313=FACE_OUTER_BOUND('',#501,.T.);
#314=FACE_OUTER_BOUND('',#502,.T.);
#315=FACE_OUTER_BOUND('',#503,.T.);
#316=FACE_OUTER_BOUND('',#504,.T.);
#317=FACE_OUTER_BOUND('',#505,.T.);
#318=FACE_OUTER_BOUND('',#506,.T.);
#319=FACE_OUTER_BOUND('',#507,.T.);
#320=FACE_OUTER_BOUND('',#508,.T.);
#321=FACE_OUTER_BOUND('',#509,.T.);
#322=FACE_OUTER_BOUND('',#510,.T.);
#323=FACE_OUTER_BOUND('',#511,.T.);
#324=FACE_OUTER_BOUND('',#512,.T.);
#325=FACE_OUTER_BOUND('',#513,.T.);
#326=FACE_OUTER_BOUND('',#514,.T.);
#327=FACE_OUTER_BOUND('',#515,.T.);
#328=FACE_OUTER_BOUND('',#516,.T.);
#329=FACE_OUTER_BOUND('',#517,.T.);
#330=FACE_OUTER_BOUND('',#518,.T.);
#331=FACE_OUTER_BOUND('',#519,.T.);
#332=FACE_OUTER_BOUND('',#520,.T.);
#333=FACE_OUTER_BOUND('',#521,.T.);
#334=FACE_OUTER_BOUND('',#522,.T.);
#335=FACE_OUTER_BOUND('',#523,.T.);
#336=FACE_OUTER_BOUND('',#524,.T.);
#337=FACE_OUTER_BOUND('',#525,.T.);
#338=FACE_OUTER_BOUND('',#526,.T.);
#339=FACE_OUTER_BOUND('',#527,.T.);
#340=FACE_OUTER_BOUND('',#528,.T.);
#341=FACE_OUTER_BOUND('',#529,.T.);
#342=FACE_OUTER_BOUND('',#530,.T.);
#343=FACE_OUTER_BOUND('',#539,.T.);
#344=FACE_OUTER_BOUND('',#546,.T.);
#345=FACE_OUTER_BOUND('',#547,.T.);
#346=FACE_OUTER_BOUND('',#548,.T.);
#347=FACE_OUTER_BOUND('',#555,.T.);
#348=FACE_OUTER_BOUND('',#556,.T.);
#349=FACE_OUTER_BOUND('',#565,.T.);
#350=FACE_OUTER_BOUND('',#566,.T.);
#351=FACE_OUTER_BOUND('',#567,.T.);
#352=FACE_OUTER_BOUND('',#568,.T.);
#353=FACE_OUTER_BOUND('',#569,.T.);
#354=FACE_OUTER_BOUND('',#570,.T.);
#355=FACE_OUTER_BOUND('',#571,.T.);
#356=FACE_OUTER_BOUND('',#572,.T.);
#357=FACE_OUTER_BOUND('',#579,.T.);
#358=FACE_OUTER_BOUND('',#580,.T.);
#359=FACE_OUTER_BOUND('',#587,.T.);
#360=FACE_OUTER_BOUND('',#588,.T.);
#361=FACE_OUTER_BOUND('',#589,.T.);
#362=FACE_OUTER_BOUND('',#590,.T.);
#363=FACE_OUTER_BOUND('',#591,.T.);
#364=FACE_OUTER_BOUND('',#592,.T.);
#365=FACE_OUTER_BOUND('',#593,.T.);
#366=FACE_OUTER_BOUND('',#594,.T.);
#367=FACE_OUTER_BOUND('',#595,.T.);
#368=FACE_OUTER_BOUND('',#596,.T.);
#369=FACE_OUTER_BOUND('',#597,.T.);
#370=FACE_OUTER_BOUND('',#598,.T.);
#371=FACE_OUTER_BOUND('',#599,.T.);
#372=FACE_OUTER_BOUND('',#600,.T.);
#373=FACE_OUTER_BOUND('',#601,.T.);
#374=FACE_OUTER_BOUND('',#602,.T.);
#375=FACE_OUTER_BOUND('',#603,.T.);
#376=FACE_OUTER_BOUND('',#604,.T.);
#377=FACE_OUTER_BOUND('',#605,.T.);
#378=FACE_OUTER_BOUND('',#606,.T.);
#379=FACE_OUTER_BOUND('',#607,.T.);
#380=FACE_OUTER_BOUND('',#608,.T.);
#381=FACE_OUTER_BOUND('',#609,.T.);
#382=FACE_OUTER_BOUND('',#610,.T.);
#383=FACE_OUTER_BOUND('',#611,.T.);
#384=FACE_OUTER_BOUND('',#612,.T.);
#385=FACE_OUTER_BOUND('',#613,.T.);
#386=FACE_OUTER_BOUND('',#614,.T.);
#387=FACE_OUTER_BOUND('',#615,.T.);
#388=FACE_OUTER_BOUND('',#616,.T.);
#389=FACE_OUTER_BOUND('',#617,.T.);
#390=FACE_OUTER_BOUND('',#618,.T.);
#391=FACE_OUTER_BOUND('',#619,.T.);
#392=FACE_OUTER_BOUND('',#620,.T.);
#393=FACE_OUTER_BOUND('',#621,.T.);
#394=FACE_OUTER_BOUND('',#622,.T.);
#395=FACE_OUTER_BOUND('',#623,.T.);
#396=FACE_OUTER_BOUND('',#624,.T.);
#397=FACE_OUTER_BOUND('',#625,.T.);
#398=FACE_OUTER_BOUND('',#626,.T.);
#399=FACE_OUTER_BOUND('',#627,.T.);
#400=FACE_OUTER_BOUND('',#628,.T.);
#401=FACE_OUTER_BOUND('',#629,.T.);
#402=FACE_OUTER_BOUND('',#630,.T.);
#403=FACE_OUTER_BOUND('',#631,.T.);
#404=FACE_OUTER_BOUND('',#632,.T.);
#405=FACE_OUTER_BOUND('',#633,.T.);
#406=FACE_OUTER_BOUND('',#634,.T.);
#407=FACE_OUTER_BOUND('',#635,.T.);
#408=FACE_OUTER_BOUND('',#636,.T.);
#409=FACE_OUTER_BOUND('',#637,.T.);
#410=FACE_OUTER_BOUND('',#638,.T.);
#411=FACE_OUTER_BOUND('',#639,.T.);
#412=FACE_OUTER_BOUND('',#640,.T.);
#413=FACE_OUTER_BOUND('',#641,.T.);
#414=FACE_OUTER_BOUND('',#642,.T.);
#415=FACE_OUTER_BOUND('',#643,.T.);
#416=FACE_OUTER_BOUND('',#644,.T.);
#417=FACE_OUTER_BOUND('',#645,.T.);
#418=FACE_OUTER_BOUND('',#646,.T.);
#419=FACE_OUTER_BOUND('',#647,.T.);
#420=FACE_OUTER_BOUND('',#648,.T.);
#421=FACE_OUTER_BOUND('',#649,.T.);
#422=FACE_OUTER_BOUND('',#650,.T.);
#423=FACE_OUTER_BOUND('',#651,.T.);
#424=FACE_OUTER_BOUND('',#652,.T.);
#425=FACE_OUTER_BOUND('',#653,.T.);
#426=FACE_OUTER_BOUND('',#654,.T.);
#427=FACE_OUTER_BOUND('',#655,.T.);
#428=FACE_OUTER_BOUND('',#656,.T.);
#429=FACE_OUTER_BOUND('',#657,.T.);
#430=FACE_OUTER_BOUND('',#659,.T.);
#431=FACE_OUTER_BOUND('',#660,.T.);
#432=FACE_OUTER_BOUND('',#662,.T.);
#433=FACE_OUTER_BOUND('',#663,.T.);
#434=FACE_OUTER_BOUND('',#664,.T.);
#435=FACE_OUTER_BOUND('',#665,.T.);
#436=FACE_OUTER_BOUND('',#666,.T.);
#437=FACE_OUTER_BOUND('',#667,.T.);
#438=FACE_OUTER_BOUND('',#668,.T.);
#439=FACE_OUTER_BOUND('',#669,.T.);
#440=FACE_OUTER_BOUND('',#670,.T.);
#441=FACE_OUTER_BOUND('',#671,.T.);
#442=FACE_OUTER_BOUND('',#672,.T.);
#443=FACE_OUTER_BOUND('',#673,.T.);
#444=FACE_OUTER_BOUND('',#674,.T.);
#445=FACE_OUTER_BOUND('',#676,.T.);
#446=EDGE_LOOP('',(#2144,#2145,#2146,#2147));
#447=EDGE_LOOP('',(#2148,#2149,#2150,#2151));
#448=EDGE_LOOP('',(#2152,#2153,#2154,#2155));
#449=EDGE_LOOP('',(#2156,#2157,#2158,#2159));
#450=EDGE_LOOP('',(#2160,#2161,#2162,#2163));
#451=EDGE_LOOP('',(#2164,#2165,#2166,#2167));
#452=EDGE_LOOP('',(#2168,#2169,#2170,#2171));
#453=EDGE_LOOP('',(#2172,#2173,#2174,#2175));
#454=EDGE_LOOP('',(#2176,#2177,#2178,#2179));
#455=EDGE_LOOP('',(#2180,#2181,#2182,#2183));
#456=EDGE_LOOP('',(#2184,#2185,#2186,#2187));
#457=EDGE_LOOP('',(#2188,#2189,#2190,#2191));
#458=EDGE_LOOP('',(#2192));
#459=EDGE_LOOP('',(#2193));
#460=EDGE_LOOP('',(#2194));
#461=EDGE_LOOP('',(#2195));
#462=EDGE_LOOP('',(#2196,#2197,#2198,#2199));
#463=EDGE_LOOP('',(#2200,#2201,#2202,#2203,#2204,#2205,#2206));
#464=EDGE_LOOP('',(#2207,#2208,#2209,#2210));
#465=EDGE_LOOP('',(#2211,#2212,#2213,#2214));
#466=EDGE_LOOP('',(#2215,#2216,#2217,#2218,#2219,#2220,#2221,#2222,#2223,
#2224,#2225,#2226));
#467=EDGE_LOOP('',(#2227,#2228,#2229,#2230,#2231,#2232,#2233));
#468=EDGE_LOOP('',(#2234,#2235,#2236,#2237));
#469=EDGE_LOOP('',(#2238,#2239,#2240,#2241));
#470=EDGE_LOOP('',(#2242,#2243,#2244,#2245,#2246,#2247,#2248,#2249,#2250,
#2251,#2252,#2253));
#471=EDGE_LOOP('',(#2254,#2255,#2256,#2257));
#472=EDGE_LOOP('',(#2258,#2259,#2260,#2261,#2262,#2263,#2264));
#473=EDGE_LOOP('',(#2265,#2266,#2267,#2268));
#474=EDGE_LOOP('',(#2269,#2270,#2271,#2272));
#475=EDGE_LOOP('',(#2273,#2274,#2275,#2276));
#476=EDGE_LOOP('',(#2277,#2278,#2279,#2280));
#477=EDGE_LOOP('',(#2281,#2282,#2283,#2284));
#478=EDGE_LOOP('',(#2285,#2286,#2287,#2288));
#479=EDGE_LOOP('',(#2289,#2290,#2291,#2292));
#480=EDGE_LOOP('',(#2293,#2294,#2295,#2296));
#481=EDGE_LOOP('',(#2297,#2298,#2299,#2300));
#482=EDGE_LOOP('',(#2301));
#483=EDGE_LOOP('',(#2302));
#484=EDGE_LOOP('',(#2303));
#485=EDGE_LOOP('',(#2304));
#486=EDGE_LOOP('',(#2305,#2306,#2307,#2308));
#487=EDGE_LOOP('',(#2309,#2310,#2311,#2312));
#488=EDGE_LOOP('',(#2313,#2314,#2315,#2316,#2317,#2318,#2319));
#489=EDGE_LOOP('',(#2320,#2321,#2322,#2323));
#490=EDGE_LOOP('',(#2324,#2325,#2326,#2327));
#491=EDGE_LOOP('',(#2328,#2329,#2330,#2331));
#492=EDGE_LOOP('',(#2332,#2333,#2334,#2335));
#493=EDGE_LOOP('',(#2336,#2337,#2338,#2339));
#494=EDGE_LOOP('',(#2340,#2341,#2342,#2343));
#495=EDGE_LOOP('',(#2344,#2345,#2346,#2347));
#496=EDGE_LOOP('',(#2348,#2349,#2350,#2351));
#497=EDGE_LOOP('',(#2352,#2353,#2354,#2355));
#498=EDGE_LOOP('',(#2356,#2357,#2358,#2359));
#499=EDGE_LOOP('',(#2360,#2361,#2362,#2363));
#500=EDGE_LOOP('',(#2364,#2365,#2366,#2367));
#501=EDGE_LOOP('',(#2368,#2369,#2370,#2371));
#502=EDGE_LOOP('',(#2372,#2373,#2374,#2375));
#503=EDGE_LOOP('',(#2376,#2377,#2378,#2379));
#504=EDGE_LOOP('',(#2380,#2381,#2382,#2383));
#505=EDGE_LOOP('',(#2384,#2385,#2386,#2387));
#506=EDGE_LOOP('',(#2388,#2389,#2390,#2391));
#507=EDGE_LOOP('',(#2392,#2393,#2394,#2395));
#508=EDGE_LOOP('',(#2396,#2397,#2398,#2399));
#509=EDGE_LOOP('',(#2400,#2401,#2402,#2403));
#510=EDGE_LOOP('',(#2404,#2405,#2406,#2407));
#511=EDGE_LOOP('',(#2408,#2409,#2410,#2411));
#512=EDGE_LOOP('',(#2412,#2413,#2414,#2415));
#513=EDGE_LOOP('',(#2416,#2417,#2418,#2419));
#514=EDGE_LOOP('',(#2420,#2421,#2422,#2423));
#515=EDGE_LOOP('',(#2424,#2425,#2426,#2427));
#516=EDGE_LOOP('',(#2428,#2429,#2430,#2431));
#517=EDGE_LOOP('',(#2432,#2433,#2434,#2435));
#518=EDGE_LOOP('',(#2436,#2437,#2438,#2439));
#519=EDGE_LOOP('',(#2440,#2441,#2442,#2443));
#520=EDGE_LOOP('',(#2444,#2445,#2446,#2447));
#521=EDGE_LOOP('',(#2448,#2449,#2450,#2451));
#522=EDGE_LOOP('',(#2452,#2453,#2454,#2455));
#523=EDGE_LOOP('',(#2456,#2457,#2458,#2459));
#524=EDGE_LOOP('',(#2460,#2461,#2462,#2463));
#525=EDGE_LOOP('',(#2464,#2465,#2466,#2467));
#526=EDGE_LOOP('',(#2468,#2469,#2470,#2471));
#527=EDGE_LOOP('',(#2472,#2473,#2474,#2475,#2476,#2477,#2478,#2479,#2480,
#2481,#2482,#2483,#2484,#2485,#2486,#2487,#2488,#2489,#2490,#2491,#2492,
#2493,#2494,#2495));
#528=EDGE_LOOP('',(#2496,#2497,#2498,#2499));
#529=EDGE_LOOP('',(#2500,#2501,#2502,#2503));
#530=EDGE_LOOP('',(#2504,#2505,#2506,#2507));
#531=EDGE_LOOP('',(#2508,#2509,#2510,#2511));
#532=EDGE_LOOP('',(#2512,#2513,#2514,#2515));
#533=EDGE_LOOP('',(#2516,#2517,#2518,#2519));
#534=EDGE_LOOP('',(#2520,#2521,#2522,#2523));
#535=EDGE_LOOP('',(#2524,#2525,#2526,#2527));
#536=EDGE_LOOP('',(#2528,#2529,#2530,#2531));
#537=EDGE_LOOP('',(#2532,#2533,#2534,#2535));
#538=EDGE_LOOP('',(#2536,#2537,#2538,#2539));
#539=EDGE_LOOP('',(#2540,#2541,#2542,#2543));
#540=EDGE_LOOP('',(#2544));
#541=EDGE_LOOP('',(#2545));
#542=EDGE_LOOP('',(#2546));
#543=EDGE_LOOP('',(#2547));
#544=EDGE_LOOP('',(#2548));
#545=EDGE_LOOP('',(#2549));
#546=EDGE_LOOP('',(#2550,#2551,#2552,#2553,#2554,#2555,#2556,#2557,#2558,
#2559,#2560,#2561,#2562,#2563,#2564,#2565,#2566,#2567,#2568,#2569,#2570,
#2571,#2572,#2573));
#547=EDGE_LOOP('',(#2574,#2575,#2576,#2577));
#548=EDGE_LOOP('',(#2578,#2579,#2580,#2581));
#549=EDGE_LOOP('',(#2582));
#550=EDGE_LOOP('',(#2583));
#551=EDGE_LOOP('',(#2584));
#552=EDGE_LOOP('',(#2585));
#553=EDGE_LOOP('',(#2586));
#554=EDGE_LOOP('',(#2587));
#555=EDGE_LOOP('',(#2588,#2589,#2590,#2591));
#556=EDGE_LOOP('',(#2592,#2593,#2594,#2595));
#557=EDGE_LOOP('',(#2596,#2597,#2598,#2599));
#558=EDGE_LOOP('',(#2600,#2601,#2602,#2603));
#559=EDGE_LOOP('',(#2604,#2605,#2606,#2607));
#560=EDGE_LOOP('',(#2608,#2609,#2610,#2611));
#561=EDGE_LOOP('',(#2612,#2613,#2614,#2615));
#562=EDGE_LOOP('',(#2616,#2617,#2618,#2619));
#563=EDGE_LOOP('',(#2620,#2621,#2622,#2623));
#564=EDGE_LOOP('',(#2624,#2625,#2626,#2627));
#565=EDGE_LOOP('',(#2628,#2629,#2630,#2631));
#566=EDGE_LOOP('',(#2632,#2633,#2634,#2635));
#567=EDGE_LOOP('',(#2636,#2637,#2638,#2639));
#568=EDGE_LOOP('',(#2640,#2641,#2642,#2643));
#569=EDGE_LOOP('',(#2644,#2645,#2646,#2647));
#570=EDGE_LOOP('',(#2648,#2649,#2650,#2651));
#571=EDGE_LOOP('',(#2652,#2653,#2654,#2655));
#572=EDGE_LOOP('',(#2656,#2657,#2658,#2659));
#573=EDGE_LOOP('',(#2660));
#574=EDGE_LOOP('',(#2661));
#575=EDGE_LOOP('',(#2662));
#576=EDGE_LOOP('',(#2663));
#577=EDGE_LOOP('',(#2664));
#578=EDGE_LOOP('',(#2665));
#579=EDGE_LOOP('',(#2666,#2667,#2668,#2669));
#580=EDGE_LOOP('',(#2670,#2671,#2672,#2673));
#581=EDGE_LOOP('',(#2674));
#582=EDGE_LOOP('',(#2675));
#583=EDGE_LOOP('',(#2676));
#584=EDGE_LOOP('',(#2677));
#585=EDGE_LOOP('',(#2678));
#586=EDGE_LOOP('',(#2679));
#587=EDGE_LOOP('',(#2680,#2681,#2682,#2683));
#588=EDGE_LOOP('',(#2684,#2685,#2686,#2687));
#589=EDGE_LOOP('',(#2688,#2689,#2690,#2691));
#590=EDGE_LOOP('',(#2692,#2693,#2694,#2695));
#591=EDGE_LOOP('',(#2696,#2697,#2698,#2699));
#592=EDGE_LOOP('',(#2700,#2701,#2702,#2703));
#593=EDGE_LOOP('',(#2704,#2705,#2706,#2707));
#594=EDGE_LOOP('',(#2708,#2709,#2710,#2711));
#595=EDGE_LOOP('',(#2712,#2713,#2714,#2715));
#596=EDGE_LOOP('',(#2716,#2717,#2718,#2719));
#597=EDGE_LOOP('',(#2720,#2721,#2722,#2723));
#598=EDGE_LOOP('',(#2724,#2725,#2726,#2727));
#599=EDGE_LOOP('',(#2728,#2729,#2730,#2731));
#600=EDGE_LOOP('',(#2732,#2733,#2734,#2735));
#601=EDGE_LOOP('',(#2736,#2737,#2738,#2739));
#602=EDGE_LOOP('',(#2740,#2741,#2742,#2743));
#603=EDGE_LOOP('',(#2744,#2745,#2746,#2747));
#604=EDGE_LOOP('',(#2748,#2749,#2750,#2751));
#605=EDGE_LOOP('',(#2752,#2753,#2754,#2755));
#606=EDGE_LOOP('',(#2756,#2757,#2758,#2759));
#607=EDGE_LOOP('',(#2760,#2761,#2762,#2763));
#608=EDGE_LOOP('',(#2764,#2765,#2766,#2767));
#609=EDGE_LOOP('',(#2768,#2769,#2770,#2771));
#610=EDGE_LOOP('',(#2772,#2773,#2774,#2775));
#611=EDGE_LOOP('',(#2776,#2777,#2778,#2779));
#612=EDGE_LOOP('',(#2780,#2781,#2782,#2783));
#613=EDGE_LOOP('',(#2784,#2785,#2786,#2787));
#614=EDGE_LOOP('',(#2788,#2789,#2790,#2791));
#615=EDGE_LOOP('',(#2792,#2793,#2794,#2795));
#616=EDGE_LOOP('',(#2796,#2797,#2798,#2799));
#617=EDGE_LOOP('',(#2800,#2801,#2802,#2803));
#618=EDGE_LOOP('',(#2804,#2805,#2806,#2807));
#619=EDGE_LOOP('',(#2808,#2809,#2810,#2811));
#620=EDGE_LOOP('',(#2812,#2813,#2814,#2815));
#621=EDGE_LOOP('',(#2816,#2817,#2818,#2819));
#622=EDGE_LOOP('',(#2820,#2821,#2822,#2823));
#623=EDGE_LOOP('',(#2824,#2825,#2826,#2827));
#624=EDGE_LOOP('',(#2828,#2829,#2830,#2831));
#625=EDGE_LOOP('',(#2832,#2833,#2834,#2835));
#626=EDGE_LOOP('',(#2836,#2837,#2838,#2839));
#627=EDGE_LOOP('',(#2840,#2841,#2842,#2843));
#628=EDGE_LOOP('',(#2844,#2845,#2846,#2847));
#629=EDGE_LOOP('',(#2848,#2849,#2850,#2851));
#630=EDGE_LOOP('',(#2852,#2853,#2854,#2855));
#631=EDGE_LOOP('',(#2856,#2857,#2858,#2859));
#632=EDGE_LOOP('',(#2860,#2861,#2862,#2863));
#633=EDGE_LOOP('',(#2864,#2865,#2866,#2867));
#634=EDGE_LOOP('',(#2868,#2869,#2870,#2871));
#635=EDGE_LOOP('',(#2872,#2873,#2874,#2875));
#636=EDGE_LOOP('',(#2876,#2877,#2878,#2879));
#637=EDGE_LOOP('',(#2880,#2881,#2882,#2883));
#638=EDGE_LOOP('',(#2884,#2885,#2886,#2887));
#639=EDGE_LOOP('',(#2888,#2889,#2890,#2891));
#640=EDGE_LOOP('',(#2892,#2893,#2894,#2895));
#641=EDGE_LOOP('',(#2896,#2897,#2898,#2899));
#642=EDGE_LOOP('',(#2900,#2901,#2902,#2903));
#643=EDGE_LOOP('',(#2904,#2905,#2906,#2907));
#644=EDGE_LOOP('',(#2908,#2909,#2910,#2911));
#645=EDGE_LOOP('',(#2912,#2913,#2914,#2915));
#646=EDGE_LOOP('',(#2916,#2917,#2918,#2919));
#647=EDGE_LOOP('',(#2920,#2921,#2922,#2923));
#648=EDGE_LOOP('',(#2924,#2925,#2926,#2927));
#649=EDGE_LOOP('',(#2928,#2929,#2930,#2931));
#650=EDGE_LOOP('',(#2932,#2933,#2934,#2935));
#651=EDGE_LOOP('',(#2936,#2937,#2938,#2939));
#652=EDGE_LOOP('',(#2940,#2941,#2942,#2943));
#653=EDGE_LOOP('',(#2944,#2945,#2946,#2947));
#654=EDGE_LOOP('',(#2948,#2949,#2950,#2951));
#655=EDGE_LOOP('',(#2952,#2953,#2954,#2955));
#656=EDGE_LOOP('',(#2956,#2957,#2958,#2959,#2960,#2961,#2962,#2963,#2964,
#2965,#2966,#2967,#2968,#2969,#2970,#2971,#2972,#2973,#2974,#2975));
#657=EDGE_LOOP('',(#2976));
#658=EDGE_LOOP('',(#2977,#2978,#2979,#2980,#2981,#2982,#2983,#2984,#2985,
#2986,#2987,#2988,#2989,#2990,#2991,#2992,#2993,#2994,#2995,#2996));
#659=EDGE_LOOP('',(#2997,#2998,#2999,#3000));
#660=EDGE_LOOP('',(#3001));
#661=EDGE_LOOP('',(#3002));
#662=EDGE_LOOP('',(#3003,#3004,#3005,#3006));
#663=EDGE_LOOP('',(#3007,#3008,#3009,#3010));
#664=EDGE_LOOP('',(#3011));
#665=EDGE_LOOP('',(#3012,#3013,#3014,#3015));
#666=EDGE_LOOP('',(#3016,#3017,#3018,#3019));
#667=EDGE_LOOP('',(#3020,#3021,#3022,#3023));
#668=EDGE_LOOP('',(#3024,#3025,#3026,#3027));
#669=EDGE_LOOP('',(#3028,#3029,#3030,#3031));
#670=EDGE_LOOP('',(#3032,#3033,#3034,#3035));
#671=EDGE_LOOP('',(#3036,#3037,#3038,#3039));
#672=EDGE_LOOP('',(#3040,#3041,#3042,#3043));
#673=EDGE_LOOP('',(#3044,#3045,#3046,#3047));
#674=EDGE_LOOP('',(#3048,#3049,#3050,#3051));
#675=EDGE_LOOP('',(#3052,#3053,#3054,#3055));
#676=EDGE_LOOP('',(#3056,#3057,#3058,#3059));
#677=LINE('',#4583,#1029);
#678=LINE('',#4585,#1030);
#679=LINE('',#4587,#1031);
#680=LINE('',#4588,#1032);
#681=LINE('',#4594,#1033);
#682=LINE('',#4597,#1034);
#683=LINE('',#4601,#1035);
#684=LINE('',#4603,#1036);
#685=LINE('',#4605,#1037);
#686=LINE('',#4606,#1038);
#687=LINE('',#4609,#1039);
#688=LINE('',#4611,#1040);
#689=LINE('',#4612,#1041);
#690=LINE('',#4616,#1042);
#691=LINE('',#4618,#1043);
#692=LINE('',#4620,#1044);
#693=LINE('',#4621,#1045);
#694=LINE('',#4624,#1046);
#695=LINE('',#4626,#1047);
#696=LINE('',#4628,#1048);
#697=LINE('',#4629,#1049);
#698=LINE('',#4632,#1050);
#699=LINE('',#4634,#1051);
#700=LINE('',#4636,#1052);
#701=LINE('',#4637,#1053);
#702=LINE('',#4640,#1054);
#703=LINE('',#4642,#1055);
#704=LINE('',#4644,#1056);
#705=LINE('',#4645,#1057);
#706=LINE('',#4648,#1058);
#707=LINE('',#4650,#1059);
#708=LINE('',#4652,#1060);
#709=LINE('',#4653,#1061);
#710=LINE('',#4656,#1062);
#711=LINE('',#4658,#1063);
#712=LINE('',#4660,#1064);
#713=LINE('',#4661,#1065);
#714=LINE('',#4664,#1066);
#715=LINE('',#4666,#1067);
#716=LINE('',#4668,#1068);
#717=LINE('',#4669,#1069);
#718=LINE('',#4672,#1070);
#719=LINE('',#4674,#1071);
#720=LINE('',#4676,#1072);
#721=LINE('',#4677,#1073);
#722=LINE('',#4687,#1074);
#723=LINE('',#4688,#1075);
#724=LINE('',#4691,#1076);
#725=LINE('',#4693,#1077);
#726=LINE('',#4695,#1078);
#727=LINE('',#4697,#1079);
#728=LINE('',#4700,#1080);
#729=LINE('',#4703,#1081);
#730=LINE('',#4705,#1082);
#731=LINE('',#4706,#1083);
#732=LINE('',#4708,#1084);
#733=LINE('',#4712,#1085);
#734=LINE('',#4714,#1086);
#735=LINE('',#4716,#1087);
#736=LINE('',#4720,#1088);
#737=LINE('',#4724,#1089);
#738=LINE('',#4729,#1090);
#739=LINE('',#4733,#1091);
#740=LINE('',#4734,#1092);
#741=LINE('',#4741,#1093);
#742=LINE('',#4743,#1094);
#743=LINE('',#4747,#1095);
#744=LINE('',#4751,#1096);
#745=LINE('',#4752,#1097);
#746=LINE('',#4756,#1098);
#747=LINE('',#4758,#1099);
#748=LINE('',#4760,#1100);
#749=LINE('',#4763,#1101);
#750=LINE('',#4765,#1102);
#751=LINE('',#4767,#1103);
#752=LINE('',#4768,#1104);
#753=LINE('',#4771,#1105);
#754=LINE('',#4773,#1106);
#755=LINE('',#4775,#1107);
#756=LINE('',#4776,#1108);
#757=LINE('',#4779,#1109);
#758=LINE('',#4781,#1110);
#759=LINE('',#4783,#1111);
#760=LINE('',#4784,#1112);
#761=LINE('',#4787,#1113);
#762=LINE('',#4789,#1114);
#763=LINE('',#4791,#1115);
#764=LINE('',#4792,#1116);
#765=LINE('',#4795,#1117);
#766=LINE('',#4797,#1118);
#767=LINE('',#4799,#1119);
#768=LINE('',#4800,#1120);
#769=LINE('',#4803,#1121);
#770=LINE('',#4805,#1122);
#771=LINE('',#4807,#1123);
#772=LINE('',#4808,#1124);
#773=LINE('',#4811,#1125);
#774=LINE('',#4813,#1126);
#775=LINE('',#4815,#1127);
#776=LINE('',#4816,#1128);
#777=LINE('',#4826,#1129);
#778=LINE('',#4827,#1130);
#779=LINE('',#4829,#1131);
#780=LINE('',#4834,#1132);
#781=LINE('',#4836,#1133);
#782=LINE('',#4840,#1134);
#783=LINE('',#4842,#1135);
#784=LINE('',#4844,#1136);
#785=LINE('',#4846,#1137);
#786=LINE('',#4848,#1138);
#787=LINE('',#4849,#1139);
#788=LINE('',#4851,#1140);
#789=LINE('',#4853,#1141);
#790=LINE('',#4856,#1142);
#791=LINE('',#4857,#1143);
#792=LINE('',#4859,#1144);
#793=LINE('',#4861,#1145);
#794=LINE('',#4864,#1146);
#795=LINE('',#4865,#1147);
#796=LINE('',#4867,#1148);
#797=LINE('',#4869,#1149);
#798=LINE('',#4872,#1150);
#799=LINE('',#4873,#1151);
#800=LINE('',#4875,#1152);
#801=LINE('',#4877,#1153);
#802=LINE('',#4880,#1154);
#803=LINE('',#4881,#1155);
#804=LINE('',#4883,#1156);
#805=LINE('',#4885,#1157);
#806=LINE('',#4888,#1158);
#807=LINE('',#4889,#1159);
#808=LINE('',#4891,#1160);
#809=LINE('',#4893,#1161);
#810=LINE('',#4896,#1162);
#811=LINE('',#4897,#1163);
#812=LINE('',#4899,#1164);
#813=LINE('',#4901,#1165);
#814=LINE('',#4904,#1166);
#815=LINE('',#4910,#1167);
#816=LINE('',#4912,#1168);
#817=LINE('',#4914,#1169);
#818=LINE('',#4915,#1170);
#819=LINE('',#4921,#1171);
#820=LINE('',#4925,#1172);
#821=LINE('',#4929,#1173);
#822=LINE('',#4933,#1174);
#823=LINE('',#4936,#1175);
#824=LINE('',#4938,#1176);
#825=LINE('',#4942,#1177);
#826=LINE('',#4946,#1178);
#827=LINE('',#4950,#1179);
#828=LINE('',#4954,#1180);
#829=LINE('',#4958,#1181);
#830=LINE('',#4960,#1182);
#831=LINE('',#4961,#1183);
#832=LINE('',#4965,#1184);
#833=LINE('',#4967,#1185);
#834=LINE('',#4969,#1186);
#835=LINE('',#4970,#1187);
#836=LINE('',#4973,#1188);
#837=LINE('',#4975,#1189);
#838=LINE('',#4976,#1190);
#839=LINE('',#4979,#1191);
#840=LINE('',#4981,#1192);
#841=LINE('',#4982,#1193);
#842=LINE('',#4985,#1194);
#843=LINE('',#4987,#1195);
#844=LINE('',#4989,#1196);
#845=LINE('',#4990,#1197);
#846=LINE('',#4993,#1198);
#847=LINE('',#4995,#1199);
#848=LINE('',#4997,#1200);
#849=LINE('',#4998,#1201);
#850=LINE('',#5001,#1202);
#851=LINE('',#5003,#1203);
#852=LINE('',#5005,#1204);
#853=LINE('',#5006,#1205);
#854=LINE('',#5009,#1206);
#855=LINE('',#5011,#1207);
#856=LINE('',#5013,#1208);
#857=LINE('',#5014,#1209);
#858=LINE('',#5017,#1210);
#859=LINE('',#5019,#1211);
#860=LINE('',#5021,#1212);
#861=LINE('',#5022,#1213);
#862=LINE('',#5025,#1214);
#863=LINE('',#5027,#1215);
#864=LINE('',#5029,#1216);
#865=LINE('',#5030,#1217);
#866=LINE('',#5033,#1218);
#867=LINE('',#5035,#1219);
#868=LINE('',#5037,#1220);
#869=LINE('',#5038,#1221);
#870=LINE('',#5040,#1222);
#871=LINE('',#5041,#1223);
#872=LINE('',#5044,#1224);
#873=LINE('',#5045,#1225);
#874=LINE('',#5061,#1226);
#875=LINE('',#5065,#1227);
#876=LINE('',#5069,#1228);
#877=LINE('',#5073,#1229);
#878=LINE('',#5077,#1230);
#879=LINE('',#5081,#1231);
#880=LINE('',#5085,#1232);
#881=LINE('',#5089,#1233);
#882=LINE('',#5093,#1234);
#883=LINE('',#5097,#1235);
#884=LINE('',#5098,#1236);
#885=LINE('',#5101,#1237);
#886=LINE('',#5115,#1238);
#887=LINE('',#5117,#1239);
#888=LINE('',#5120,#1240);
#889=LINE('',#5122,#1241);
#890=LINE('',#5124,#1242);
#891=LINE('',#5125,#1243);
#892=LINE('',#5128,#1244);
#893=LINE('',#5130,#1245);
#894=LINE('',#5132,#1246);
#895=LINE('',#5133,#1247);
#896=LINE('',#5136,#1248);
#897=LINE('',#5138,#1249);
#898=LINE('',#5140,#1250);
#899=LINE('',#5141,#1251);
#900=LINE('',#5144,#1252);
#901=LINE('',#5146,#1253);
#902=LINE('',#5148,#1254);
#903=LINE('',#5149,#1255);
#904=LINE('',#5152,#1256);
#905=LINE('',#5154,#1257);
#906=LINE('',#5156,#1258);
#907=LINE('',#5157,#1259);
#908=LINE('',#5160,#1260);
#909=LINE('',#5162,#1261);
#910=LINE('',#5164,#1262);
#911=LINE('',#5165,#1263);
#912=LINE('',#5168,#1264);
#913=LINE('',#5170,#1265);
#914=LINE('',#5172,#1266);
#915=LINE('',#5173,#1267);
#916=LINE('',#5175,#1268);
#917=LINE('',#5176,#1269);
#918=LINE('',#5178,#1270);
#919=LINE('',#5180,#1271);
#920=LINE('',#5182,#1272);
#921=LINE('',#5184,#1273);
#922=LINE('',#5186,#1274);
#923=LINE('',#5188,#1275);
#924=LINE('',#5190,#1276);
#925=LINE('',#5192,#1277);
#926=LINE('',#5206,#1278);
#927=LINE('',#5208,#1279);
#928=LINE('',#5222,#1280);
#929=LINE('',#5224,#1281);
#930=LINE('',#5226,#1282);
#931=LINE('',#5228,#1283);
#932=LINE('',#5230,#1284);
#933=LINE('',#5232,#1285);
#934=LINE('',#5235,#1286);
#935=LINE('',#5236,#1287);
#936=LINE('',#5238,#1288);
#937=LINE('',#5240,#1289);
#938=LINE('',#5242,#1290);
#939=LINE('',#5244,#1291);
#940=LINE('',#5247,#1292);
#941=LINE('',#5248,#1293);
#942=LINE('',#5250,#1294);
#943=LINE('',#5252,#1295);
#944=LINE('',#5255,#1296);
#945=LINE('',#5256,#1297);
#946=LINE('',#5258,#1298);
#947=LINE('',#5260,#1299);
#948=LINE('',#5263,#1300);
#949=LINE('',#5264,#1301);
#950=LINE('',#5266,#1302);
#951=LINE('',#5268,#1303);
#952=LINE('',#5271,#1304);
#953=LINE('',#5272,#1305);
#954=LINE('',#5274,#1306);
#955=LINE('',#5276,#1307);
#956=LINE('',#5279,#1308);
#957=LINE('',#5280,#1309);
#958=LINE('',#5282,#1310);
#959=LINE('',#5284,#1311);
#960=LINE('',#5287,#1312);
#961=LINE('',#5288,#1313);
#962=LINE('',#5290,#1314);
#963=LINE('',#5292,#1315);
#964=LINE('',#5295,#1316);
#965=LINE('',#5297,#1317);
#966=LINE('',#5300,#1318);
#967=LINE('',#5302,#1319);
#968=LINE('',#5304,#1320);
#969=LINE('',#5306,#1321);
#970=LINE('',#5308,#1322);
#971=LINE('',#5310,#1323);
#972=LINE('',#5312,#1324);
#973=LINE('',#5314,#1325);
#974=LINE('',#5316,#1326);
#975=LINE('',#5323,#1327);
#976=LINE('',#5325,#1328);
#977=LINE('',#5326,#1329);
#978=LINE('',#5331,#1330);
#979=LINE('',#5332,#1331);
#980=LINE('',#5337,#1332);
#981=LINE('',#5353,#1333);
#982=LINE('',#5354,#1334);
#983=LINE('',#5359,#1335);
#984=LINE('',#5360,#1336);
#985=LINE('',#5368,#1337);
#986=LINE('',#5381,#1338);
#987=LINE('',#5382,#1339);
#988=LINE('',#5387,#1340);
#989=LINE('',#5388,#1341);
#990=LINE('',#5393,#1342);
#991=LINE('',#5394,#1343);
#992=LINE('',#5402,#1344);
#993=LINE('',#5415,#1345);
#994=LINE('',#5416,#1346);
#995=LINE('',#5421,#1347);
#996=LINE('',#5422,#1348);
#997=LINE('',#5428,#1349);
#998=LINE('',#5430,#1350);
#999=LINE('',#5446,#1351);
#1000=LINE('',#5447,#1352);
#1001=LINE('',#5450,#1353);
#1002=LINE('',#5453,#1354);
#1003=LINE('',#5468,#1355);
#1004=LINE('',#5471,#1356);
#1005=LINE('',#5478,#1357);
#1006=LINE('',#5480,#1358);
#1007=LINE('',#5482,#1359);
#1008=LINE('',#5483,#1360);
#1009=LINE('',#5486,#1361);
#1010=LINE('',#5488,#1362);
#1011=LINE('',#5489,#1363);
#1012=LINE('',#5492,#1364);
#1013=LINE('',#5494,#1365);
#1014=LINE('',#5495,#1366);
#1015=LINE('',#5497,#1367);
#1016=LINE('',#5498,#1368);
#1017=LINE('',#5503,#1369);
#1018=LINE('',#5505,#1370);
#1019=LINE('',#5507,#1371);
#1020=LINE('',#5508,#1372);
#1021=LINE('',#5511,#1373);
#1022=LINE('',#5513,#1374);
#1023=LINE('',#5514,#1375);
#1024=LINE('',#5517,#1376);
#1025=LINE('',#5519,#1377);
#1026=LINE('',#5520,#1378);
#1027=LINE('',#5522,#1379);
#1028=LINE('',#5523,#1380);
#1029=VECTOR('',#3678,56.3753);
#1030=VECTOR('',#3679,2.05740000000001);
#1031=VECTOR('',#3680,56.3753);
#1032=VECTOR('',#3681,2.05740000000001);
#1033=VECTOR('',#3686,2.05740000000001);
#1034=VECTOR('',#3689,2.05740000000001);
#1035=VECTOR('',#3692,2.0574);
#1036=VECTOR('',#3693,22.225);
#1037=VECTOR('',#3694,2.0574);
#1038=VECTOR('',#3695,22.225);
#1039=VECTOR('',#3698,3.17499999999999);
#1040=VECTOR('',#3699,2.0574);
#1041=VECTOR('',#3700,3.17499999999999);
#1042=VECTOR('',#3703,100.076);
#1043=VECTOR('',#3704,146.05);
#1044=VECTOR('',#3705,100.076);
#1045=VECTOR('',#3706,146.05);
#1046=VECTOR('',#3707,3.175);
#1047=VECTOR('',#3708,22.225);
#1048=VECTOR('',#3709,3.17500000000001);
#1049=VECTOR('',#3710,22.225);
#1050=VECTOR('',#3711,3.175);
#1051=VECTOR('',#3712,22.225);
#1052=VECTOR('',#3713,3.175);
#1053=VECTOR('',#3714,22.225);
#1054=VECTOR('',#3715,3.17499999999997);
#1055=VECTOR('',#3716,22.225);
#1056=VECTOR('',#3717,3.17500000000002);
#1057=VECTOR('',#3718,22.225);
#1058=VECTOR('',#3719,3.17499999999997);
#1059=VECTOR('',#3720,22.225);
#1060=VECTOR('',#3721,3.17500000000001);
#1061=VECTOR('',#3722,22.225);
#1062=VECTOR('',#3723,3.175);
#1063=VECTOR('',#3724,22.225);
#1064=VECTOR('',#3725,3.175);
#1065=VECTOR('',#3726,22.225);
#1066=VECTOR('',#3727,3.175);
#1067=VECTOR('',#3728,22.225);
#1068=VECTOR('',#3729,3.175);
#1069=VECTOR('',#3730,22.225);
#1070=VECTOR('',#3731,3.17499999999999);
#1071=VECTOR('',#3732,22.225);
#1072=VECTOR('',#3733,3.17499999999999);
#1073=VECTOR('',#3734,22.225);
#1074=VECTOR('',#3743,3.17499999999999);
#1075=VECTOR('',#3744,22.225);
#1076=VECTOR('',#3747,56.3753);
#1077=VECTOR('',#3748,73.5965);
#1078=VECTOR('',#3749,146.05);
#1079=VECTOR('',#3750,25.6707479578376);
#1080=VECTOR('',#3753,94.380870265634);
#1081=VECTOR('',#3756,2.05740000000001);
#1082=VECTOR('',#3757,94.380870265634);
#1083=VECTOR('',#3758,2.05740000000001);
#1084=VECTOR('',#3761,56.3753);
#1085=VECTOR('',#3764,73.5965);
#1086=VECTOR('',#3765,2.0574);
#1087=VECTOR('',#3766,73.5965);
#1088=VECTOR('',#3771,73.5965);
#1089=VECTOR('',#3774,100.076);
#1090=VECTOR('',#3781,94.380870265634);
#1091=VECTOR('',#3784,25.6707479578375);
#1092=VECTOR('',#3785,146.05);
#1093=VECTOR('',#3796,2.05740000000001);
#1094=VECTOR('',#3797,25.6707479578375);
#1095=VECTOR('',#3800,100.076);
#1096=VECTOR('',#3803,25.6707479578376);
#1097=VECTOR('',#3804,2.05740000000001);
#1098=VECTOR('',#3811,146.05);
#1099=VECTOR('',#3814,146.05);
#1100=VECTOR('',#3817,146.05);
#1101=VECTOR('',#3818,22.225);
#1102=VECTOR('',#3819,3.175);
#1103=VECTOR('',#3820,22.225);
#1104=VECTOR('',#3821,3.175);
#1105=VECTOR('',#3822,22.225);
#1106=VECTOR('',#3823,3.175);
#1107=VECTOR('',#3824,22.225);
#1108=VECTOR('',#3825,3.175);
#1109=VECTOR('',#3826,22.225);
#1110=VECTOR('',#3827,3.17499999999997);
#1111=VECTOR('',#3828,22.225);
#1112=VECTOR('',#3829,3.17500000000002);
#1113=VECTOR('',#3830,22.225);
#1114=VECTOR('',#3831,3.17499999999997);
#1115=VECTOR('',#3832,22.225);
#1116=VECTOR('',#3833,3.17500000000001);
#1117=VECTOR('',#3834,22.225);
#1118=VECTOR('',#3835,3.175);
#1119=VECTOR('',#3836,22.225);
#1120=VECTOR('',#3837,3.175);
#1121=VECTOR('',#3838,22.225);
#1122=VECTOR('',#3839,3.175);
#1123=VECTOR('',#3840,22.225);
#1124=VECTOR('',#3841,3.175);
#1125=VECTOR('',#3842,22.225);
#1126=VECTOR('',#3843,3.17499999999999);
#1127=VECTOR('',#3844,22.225);
#1128=VECTOR('',#3845,3.17499999999999);
#1129=VECTOR('',#3854,3.17499999999999);
#1130=VECTOR('',#3855,22.225);
#1131=VECTOR('',#3858,146.05);
#1132=VECTOR('',#3865,94.380870265634);
#1133=VECTOR('',#3868,2.05740000000001);
#1134=VECTOR('',#3875,2.1717);
#1135=VECTOR('',#3878,2.1717);
#1136=VECTOR('',#3881,2.1717);
#1137=VECTOR('',#3884,2.1717);
#1138=VECTOR('',#3887,2.0574);
#1139=VECTOR('',#3888,2.0574);
#1140=VECTOR('',#3891,2.0574);
#1141=VECTOR('',#3894,2.0574);
#1142=VECTOR('',#3899,2.0574);
#1143=VECTOR('',#3900,2.0574);
#1144=VECTOR('',#3903,2.0574);
#1145=VECTOR('',#3906,2.0574);
#1146=VECTOR('',#3911,2.0574);
#1147=VECTOR('',#3912,2.0574);
#1148=VECTOR('',#3915,2.0574);
#1149=VECTOR('',#3918,2.0574);
#1150=VECTOR('',#3923,2.0574);
#1151=VECTOR('',#3924,2.0574);
#1152=VECTOR('',#3927,2.0574);
#1153=VECTOR('',#3930,2.0574);
#1154=VECTOR('',#3935,2.0574);
#1155=VECTOR('',#3936,2.0574);
#1156=VECTOR('',#3939,2.0574);
#1157=VECTOR('',#3942,2.0574);
#1158=VECTOR('',#3947,2.0574);
#1159=VECTOR('',#3948,2.0574);
#1160=VECTOR('',#3951,2.0574);
#1161=VECTOR('',#3954,2.0574);
#1162=VECTOR('',#3959,2.0574);
#1163=VECTOR('',#3960,2.0574);
#1164=VECTOR('',#3963,2.0574);
#1165=VECTOR('',#3966,2.0574);
#1166=VECTOR('',#3971,2.0574);
#1167=VECTOR('',#3978,1.62560000000001);
#1168=VECTOR('',#3979,101.6);
#1169=VECTOR('',#3980,1.62560000000001);
#1170=VECTOR('',#3981,101.6);
#1171=VECTOR('',#3986,24.7282681262547);
#1172=VECTOR('',#3989,93.2416215208489);
#1173=VECTOR('',#3992,54.0586514188414);
#1174=VECTOR('',#3995,71.3232);
#1175=VECTOR('',#3998,11.8491);
#1176=VECTOR('',#3999,11.8491);
#1177=VECTOR('',#4002,71.3232);
#1178=VECTOR('',#4005,54.0586514188414);
#1179=VECTOR('',#4008,93.2416215208492);
#1180=VECTOR('',#4011,24.7282681262547);
#1181=VECTOR('',#4014,11.8491);
#1182=VECTOR('',#4015,1.62560000000001);
#1183=VECTOR('',#4016,11.8491);
#1184=VECTOR('',#4019,1.6256);
#1185=VECTOR('',#4020,3.17499999999999);
#1186=VECTOR('',#4021,1.6256);
#1187=VECTOR('',#4022,3.17499999999999);
#1188=VECTOR('',#4025,22.225);
#1189=VECTOR('',#4026,1.6256);
#1190=VECTOR('',#4027,22.225);
#1191=VECTOR('',#4030,101.6);
#1192=VECTOR('',#4031,71.3232);
#1193=VECTOR('',#4032,101.6);
#1194=VECTOR('',#4033,3.175);
#1195=VECTOR('',#4034,22.225);
#1196=VECTOR('',#4035,3.175);
#1197=VECTOR('',#4036,22.225);
#1198=VECTOR('',#4037,3.175);
#1199=VECTOR('',#4038,22.225);
#1200=VECTOR('',#4039,3.175);
#1201=VECTOR('',#4040,22.225);
#1202=VECTOR('',#4041,3.17499999999999);
#1203=VECTOR('',#4042,22.225);
#1204=VECTOR('',#4043,3.17499999999999);
#1205=VECTOR('',#4044,22.225);
#1206=VECTOR('',#4045,3.17499999999999);
#1207=VECTOR('',#4046,22.225);
#1208=VECTOR('',#4047,3.17499999999999);
#1209=VECTOR('',#4048,22.225);
#1210=VECTOR('',#4049,3.175);
#1211=VECTOR('',#4050,22.225);
#1212=VECTOR('',#4051,3.175);
#1213=VECTOR('',#4052,22.225);
#1214=VECTOR('',#4053,3.17499999999999);
#1215=VECTOR('',#4054,22.225);
#1216=VECTOR('',#4055,3.17499999999999);
#1217=VECTOR('',#4056,22.225);
#1218=VECTOR('',#4057,3.17499999999999);
#1219=VECTOR('',#4058,22.225);
#1220=VECTOR('',#4059,3.17499999999999);
#1221=VECTOR('',#4060,22.225);
#1222=VECTOR('',#4061,3.17499999999999);
#1223=VECTOR('',#4062,22.225);
#1224=VECTOR('',#4065,11.8491);
#1225=VECTOR('',#4066,101.6);
#1226=VECTOR('',#4081,11.8491);
#1227=VECTOR('',#4084,24.7282681262547);
#1228=VECTOR('',#4087,93.2416215208492);
#1229=VECTOR('',#4090,54.0586514188414);
#1230=VECTOR('',#4095,11.8491);
#1231=VECTOR('',#4098,71.3232);
#1232=VECTOR('',#4101,54.0586514188414);
#1233=VECTOR('',#4104,93.2416215208489);
#1234=VECTOR('',#4107,24.7282681262547);
#1235=VECTOR('',#4110,11.8491);
#1236=VECTOR('',#4111,1.62560000000001);
#1237=VECTOR('',#4116,101.6);
#1238=VECTOR('',#4131,101.6);
#1239=VECTOR('',#4134,101.6);
#1240=VECTOR('',#4135,22.225);
#1241=VECTOR('',#4136,3.175);
#1242=VECTOR('',#4137,22.225);
#1243=VECTOR('',#4138,3.175);
#1244=VECTOR('',#4139,22.225);
#1245=VECTOR('',#4140,3.175);
#1246=VECTOR('',#4141,22.225);
#1247=VECTOR('',#4142,3.175);
#1248=VECTOR('',#4143,22.225);
#1249=VECTOR('',#4144,3.17499999999999);
#1250=VECTOR('',#4145,22.225);
#1251=VECTOR('',#4146,3.17499999999999);
#1252=VECTOR('',#4147,22.225);
#1253=VECTOR('',#4148,3.17499999999999);
#1254=VECTOR('',#4149,22.225);
#1255=VECTOR('',#4150,3.17499999999999);
#1256=VECTOR('',#4151,22.225);
#1257=VECTOR('',#4152,3.175);
#1258=VECTOR('',#4153,22.225);
#1259=VECTOR('',#4154,3.175);
#1260=VECTOR('',#4155,22.225);
#1261=VECTOR('',#4156,3.17499999999999);
#1262=VECTOR('',#4157,22.225);
#1263=VECTOR('',#4158,3.17499999999999);
#1264=VECTOR('',#4159,22.225);
#1265=VECTOR('',#4160,3.17499999999999);
#1266=VECTOR('',#4161,22.225);
#1267=VECTOR('',#4162,3.17499999999999);
#1268=VECTOR('',#4163,22.225);
#1269=VECTOR('',#4164,3.17499999999999);
#1270=VECTOR('',#4167,101.6);
#1271=VECTOR('',#4170,101.6);
#1272=VECTOR('',#4173,101.6);
#1273=VECTOR('',#4176,101.6);
#1274=VECTOR('',#4179,101.6);
#1275=VECTOR('',#4182,101.6);
#1276=VECTOR('',#4185,101.6);
#1277=VECTOR('',#4188,101.6);
#1278=VECTOR('',#4203,101.6);
#1279=VECTOR('',#4206,101.6);
#1280=VECTOR('',#4221,101.6);
#1281=VECTOR('',#4224,101.6);
#1282=VECTOR('',#4227,101.6);
#1283=VECTOR('',#4230,101.6);
#1284=VECTOR('',#4233,101.6);
#1285=VECTOR('',#4236,101.6);
#1286=VECTOR('',#4241,1.6256);
#1287=VECTOR('',#4242,1.6256);
#1288=VECTOR('',#4245,2.4003);
#1289=VECTOR('',#4248,2.4003);
#1290=VECTOR('',#4251,2.4003);
#1291=VECTOR('',#4254,1.6256);
#1292=VECTOR('',#4259,1.6256);
#1293=VECTOR('',#4260,1.6256);
#1294=VECTOR('',#4263,1.6256);
#1295=VECTOR('',#4266,1.6256);
#1296=VECTOR('',#4271,1.6256);
#1297=VECTOR('',#4272,1.6256);
#1298=VECTOR('',#4275,1.6256);
#1299=VECTOR('',#4278,1.6256);
#1300=VECTOR('',#4283,1.6256);
#1301=VECTOR('',#4284,1.6256);
#1302=VECTOR('',#4287,1.6256);
#1303=VECTOR('',#4290,1.6256);
#1304=VECTOR('',#4295,1.6256);
#1305=VECTOR('',#4296,1.6256);
#1306=VECTOR('',#4299,1.6256);
#1307=VECTOR('',#4302,1.6256);
#1308=VECTOR('',#4307,1.6256);
#1309=VECTOR('',#4308,1.6256);
#1310=VECTOR('',#4311,1.6256);
#1311=VECTOR('',#4314,1.6256);
#1312=VECTOR('',#4319,1.6256);
#1313=VECTOR('',#4320,1.6256);
#1314=VECTOR('',#4323,1.6256);
#1315=VECTOR('',#4326,1.6256);
#1316=VECTOR('',#4331,1.6256);
#1317=VECTOR('',#4334,1.6256);
#1318=VECTOR('',#4339,2.4003);
#1319=VECTOR('',#4342,1.397);
#1320=VECTOR('',#4345,1.397);
#1321=VECTOR('',#4348,1.397);
#1322=VECTOR('',#4351,1.397);
#1323=VECTOR('',#4354,1.397);
#1324=VECTOR('',#4357,1.397);
#1325=VECTOR('',#4360,1.397);
#1326=VECTOR('',#4363,1.397);
#1327=VECTOR('',#4370,10.);
#1328=VECTOR('',#4371,10.);
#1329=VECTOR('',#4372,10.);
#1330=VECTOR('',#4377,10.);
#1331=VECTOR('',#4378,10.);
#1332=VECTOR('',#4383,10.);
#1333=VECTOR('',#4394,10.);
#1334=VECTOR('',#4395,10.);
#1335=VECTOR('',#4400,10.);
#1336=VECTOR('',#4401,10.);
#1337=VECTOR('',#4406,10.);
#1338=VECTOR('',#4417,10.);
#1339=VECTOR('',#4418,10.);
#1340=VECTOR('',#4423,10.);
#1341=VECTOR('',#4424,10.);
#1342=VECTOR('',#4429,10.);
#1343=VECTOR('',#4430,10.);
#1344=VECTOR('',#4435,10.);
#1345=VECTOR('',#4446,10.);
#1346=VECTOR('',#4447,10.);
#1347=VECTOR('',#4452,10.);
#1348=VECTOR('',#4453,10.);
#1349=VECTOR('',#4458,10.);
#1350=VECTOR('',#4459,10.);
#1351=VECTOR('',#4470,10.);
#1352=VECTOR('',#4471,10.);
#1353=VECTOR('',#4476,10.);
#1354=VECTOR('',#4481,10.);
#1355=VECTOR('',#4502,1.6891);
#1356=VECTOR('',#4505,1.61798921428613);
#1357=VECTOR('',#4514,10.);
#1358=VECTOR('',#4515,10.);
#1359=VECTOR('',#4516,10.);
#1360=VECTOR('',#4517,10.);
#1361=VECTOR('',#4520,10.);
#1362=VECTOR('',#4521,10.);
#1363=VECTOR('',#4522,10.);
#1364=VECTOR('',#4525,10.);
#1365=VECTOR('',#4526,10.);
#1366=VECTOR('',#4527,10.);
#1367=VECTOR('',#4530,10.);
#1368=VECTOR('',#4531,10.);
#1369=VECTOR('',#4536,10.);
#1370=VECTOR('',#4537,10.);
#1371=VECTOR('',#4538,10.);
#1372=VECTOR('',#4539,10.);
#1373=VECTOR('',#4542,10.);
#1374=VECTOR('',#4543,10.);
#1375=VECTOR('',#4544,10.);
#1376=VECTOR('',#4547,10.);
#1377=VECTOR('',#4548,10.);
#1378=VECTOR('',#4549,10.);
#1379=VECTOR('',#4552,10.);
#1380=VECTOR('',#4553,10.);
#1381=VERTEX_POINT('',#4581);
#1382=VERTEX_POINT('',#4582);
#1383=VERTEX_POINT('',#4584);
#1384=VERTEX_POINT('',#4586);
#1385=VERTEX_POINT('',#4590);
#1386=VERTEX_POINT('',#4591);
#1387=VERTEX_POINT('',#4593);
#1388=VERTEX_POINT('',#4595);
#1389=VERTEX_POINT('',#4599);
#1390=VERTEX_POINT('',#4600);
#1391=VERTEX_POINT('',#4602);
#1392=VERTEX_POINT('',#4604);
#1393=VERTEX_POINT('',#4608);
#1394=VERTEX_POINT('',#4610);
#1395=VERTEX_POINT('',#4614);
#1396=VERTEX_POINT('',#4615);
#1397=VERTEX_POINT('',#4617);
#1398=VERTEX_POINT('',#4619);
#1399=VERTEX_POINT('',#4622);
#1400=VERTEX_POINT('',#4623);
#1401=VERTEX_POINT('',#4625);
#1402=VERTEX_POINT('',#4627);
#1403=VERTEX_POINT('',#4630);
#1404=VERTEX_POINT('',#4631);
#1405=VERTEX_POINT('',#4633);
#1406=VERTEX_POINT('',#4635);
#1407=VERTEX_POINT('',#4638);
#1408=VERTEX_POINT('',#4639);
#1409=VERTEX_POINT('',#4641);
#1410=VERTEX_POINT('',#4643);
#1411=VERTEX_POINT('',#4646);
#1412=VERTEX_POINT('',#4647);
#1413=VERTEX_POINT('',#4649);
#1414=VERTEX_POINT('',#4651);
#1415=VERTEX_POINT('',#4654);
#1416=VERTEX_POINT('',#4655);
#1417=VERTEX_POINT('',#4657);
#1418=VERTEX_POINT('',#4659);
#1419=VERTEX_POINT('',#4662);
#1420=VERTEX_POINT('',#4663);
#1421=VERTEX_POINT('',#4665);
#1422=VERTEX_POINT('',#4667);
#1423=VERTEX_POINT('',#4670);
#1424=VERTEX_POINT('',#4671);
#1425=VERTEX_POINT('',#4673);
#1426=VERTEX_POINT('',#4675);
#1427=VERTEX_POINT('',#4678);
#1428=VERTEX_POINT('',#4680);
#1429=VERTEX_POINT('',#4682);
#1430=VERTEX_POINT('',#4684);
#1431=VERTEX_POINT('',#4686);
#1432=VERTEX_POINT('',#4690);
#1433=VERTEX_POINT('',#4692);
#1434=VERTEX_POINT('',#4694);
#1435=VERTEX_POINT('',#4696);
#1436=VERTEX_POINT('',#4698);
#1437=VERTEX_POINT('',#4702);
#1438=VERTEX_POINT('',#4704);
#1439=VERTEX_POINT('',#4710);
#1440=VERTEX_POINT('',#4711);
#1441=VERTEX_POINT('',#4713);
#1442=VERTEX_POINT('',#4715);
#1443=VERTEX_POINT('',#4719);
#1444=VERTEX_POINT('',#4721);
#1445=VERTEX_POINT('',#4723);
#1446=VERTEX_POINT('',#4728);
#1447=VERTEX_POINT('',#4730);
#1448=VERTEX_POINT('',#4732);
#1449=VERTEX_POINT('',#4740);
#1450=VERTEX_POINT('',#4742);
#1451=VERTEX_POINT('',#4744);
#1452=VERTEX_POINT('',#4746);
#1453=VERTEX_POINT('',#4748);
#1454=VERTEX_POINT('',#4750);
#1455=VERTEX_POINT('',#4761);
#1456=VERTEX_POINT('',#4762);
#1457=VERTEX_POINT('',#4764);
#1458=VERTEX_POINT('',#4766);
#1459=VERTEX_POINT('',#4769);
#1460=VERTEX_POINT('',#4770);
#1461=VERTEX_POINT('',#4772);
#1462=VERTEX_POINT('',#4774);
#1463=VERTEX_POINT('',#4777);
#1464=VERTEX_POINT('',#4778);
#1465=VERTEX_POINT('',#4780);
#1466=VERTEX_POINT('',#4782);
#1467=VERTEX_POINT('',#4785);
#1468=VERTEX_POINT('',#4786);
#1469=VERTEX_POINT('',#4788);
#1470=VERTEX_POINT('',#4790);
#1471=VERTEX_POINT('',#4793);
#1472=VERTEX_POINT('',#4794);
#1473=VERTEX_POINT('',#4796);
#1474=VERTEX_POINT('',#4798);
#1475=VERTEX_POINT('',#4801);
#1476=VERTEX_POINT('',#4802);
#1477=VERTEX_POINT('',#4804);
#1478=VERTEX_POINT('',#4806);
#1479=VERTEX_POINT('',#4809);
#1480=VERTEX_POINT('',#4810);
#1481=VERTEX_POINT('',#4812);
#1482=VERTEX_POINT('',#4814);
#1483=VERTEX_POINT('',#4817);
#1484=VERTEX_POINT('',#4819);
#1485=VERTEX_POINT('',#4821);
#1486=VERTEX_POINT('',#4823);
#1487=VERTEX_POINT('',#4825);
#1488=VERTEX_POINT('',#4832);
#1489=VERTEX_POINT('',#4908);
#1490=VERTEX_POINT('',#4909);
#1491=VERTEX_POINT('',#4911);
#1492=VERTEX_POINT('',#4913);
#1493=VERTEX_POINT('',#4917);
#1494=VERTEX_POINT('',#4918);
#1495=VERTEX_POINT('',#4920);
#1496=VERTEX_POINT('',#4922);
#1497=VERTEX_POINT('',#4924);
#1498=VERTEX_POINT('',#4926);
#1499=VERTEX_POINT('',#4928);
#1500=VERTEX_POINT('',#4930);
#1501=VERTEX_POINT('',#4932);
#1502=VERTEX_POINT('',#4934);
#1503=VERTEX_POINT('',#4937);
#1504=VERTEX_POINT('',#4939);
#1505=VERTEX_POINT('',#4941);
#1506=VERTEX_POINT('',#4943);
#1507=VERTEX_POINT('',#4945);
#1508=VERTEX_POINT('',#4947);
#1509=VERTEX_POINT('',#4949);
#1510=VERTEX_POINT('',#4951);
#1511=VERTEX_POINT('',#4953);
#1512=VERTEX_POINT('',#4955);
#1513=VERTEX_POINT('',#4957);
#1514=VERTEX_POINT('',#4959);
#1515=VERTEX_POINT('',#4963);
#1516=VERTEX_POINT('',#4964);
#1517=VERTEX_POINT('',#4966);
#1518=VERTEX_POINT('',#4968);
#1519=VERTEX_POINT('',#4972);
#1520=VERTEX_POINT('',#4974);
#1521=VERTEX_POINT('',#4978);
#1522=VERTEX_POINT('',#4980);
#1523=VERTEX_POINT('',#4983);
#1524=VERTEX_POINT('',#4984);
#1525=VERTEX_POINT('',#4986);
#1526=VERTEX_POINT('',#4988);
#1527=VERTEX_POINT('',#4991);
#1528=VERTEX_POINT('',#4992);
#1529=VERTEX_POINT('',#4994);
#1530=VERTEX_POINT('',#4996);
#1531=VERTEX_POINT('',#4999);
#1532=VERTEX_POINT('',#5000);
#1533=VERTEX_POINT('',#5002);
#1534=VERTEX_POINT('',#5004);
#1535=VERTEX_POINT('',#5007);
#1536=VERTEX_POINT('',#5008);
#1537=VERTEX_POINT('',#5010);
#1538=VERTEX_POINT('',#5012);
#1539=VERTEX_POINT('',#5015);
#1540=VERTEX_POINT('',#5016);
#1541=VERTEX_POINT('',#5018);
#1542=VERTEX_POINT('',#5020);
#1543=VERTEX_POINT('',#5023);
#1544=VERTEX_POINT('',#5024);
#1545=VERTEX_POINT('',#5026);
#1546=VERTEX_POINT('',#5028);
#1547=VERTEX_POINT('',#5031);
#1548=VERTEX_POINT('',#5032);
#1549=VERTEX_POINT('',#5034);
#1550=VERTEX_POINT('',#5036);
#1551=VERTEX_POINT('',#5039);
#1552=VERTEX_POINT('',#5043);
#1553=VERTEX_POINT('',#5046);
#1554=VERTEX_POINT('',#5048);
#1555=VERTEX_POINT('',#5050);
#1556=VERTEX_POINT('',#5052);
#1557=VERTEX_POINT('',#5054);
#1558=VERTEX_POINT('',#5056);
#1559=VERTEX_POINT('',#5059);
#1560=VERTEX_POINT('',#5060);
#1561=VERTEX_POINT('',#5062);
#1562=VERTEX_POINT('',#5064);
#1563=VERTEX_POINT('',#5066);
#1564=VERTEX_POINT('',#5068);
#1565=VERTEX_POINT('',#5070);
#1566=VERTEX_POINT('',#5072);
#1567=VERTEX_POINT('',#5076);
#1568=VERTEX_POINT('',#5078);
#1569=VERTEX_POINT('',#5080);
#1570=VERTEX_POINT('',#5082);
#1571=VERTEX_POINT('',#5084);
#1572=VERTEX_POINT('',#5086);
#1573=VERTEX_POINT('',#5088);
#1574=VERTEX_POINT('',#5090);
#1575=VERTEX_POINT('',#5092);
#1576=VERTEX_POINT('',#5094);
#1577=VERTEX_POINT('',#5096);
#1578=VERTEX_POINT('',#5102);
#1579=VERTEX_POINT('',#5104);
#1580=VERTEX_POINT('',#5106);
#1581=VERTEX_POINT('',#5108);
#1582=VERTEX_POINT('',#5110);
#1583=VERTEX_POINT('',#5112);
#1584=VERTEX_POINT('',#5118);
#1585=VERTEX_POINT('',#5119);
#1586=VERTEX_POINT('',#5121);
#1587=VERTEX_POINT('',#5123);
#1588=VERTEX_POINT('',#5126);
#1589=VERTEX_POINT('',#5127);
#1590=VERTEX_POINT('',#5129);
#1591=VERTEX_POINT('',#5131);
#1592=VERTEX_POINT('',#5134);
#1593=VERTEX_POINT('',#5135);
#1594=VERTEX_POINT('',#5137);
#1595=VERTEX_POINT('',#5139);
#1596=VERTEX_POINT('',#5142);
#1597=VERTEX_POINT('',#5143);
#1598=VERTEX_POINT('',#5145);
#1599=VERTEX_POINT('',#5147);
#1600=VERTEX_POINT('',#5150);
#1601=VERTEX_POINT('',#5151);
#1602=VERTEX_POINT('',#5153);
#1603=VERTEX_POINT('',#5155);
#1604=VERTEX_POINT('',#5158);
#1605=VERTEX_POINT('',#5159);
#1606=VERTEX_POINT('',#5161);
#1607=VERTEX_POINT('',#5163);
#1608=VERTEX_POINT('',#5166);
#1609=VERTEX_POINT('',#5167);
#1610=VERTEX_POINT('',#5169);
#1611=VERTEX_POINT('',#5171);
#1612=VERTEX_POINT('',#5174);
#1613=VERTEX_POINT('',#5193);
#1614=VERTEX_POINT('',#5195);
#1615=VERTEX_POINT('',#5197);
#1616=VERTEX_POINT('',#5199);
#1617=VERTEX_POINT('',#5201);
#1618=VERTEX_POINT('',#5203);
#1619=VERTEX_POINT('',#5209);
#1620=VERTEX_POINT('',#5211);
#1621=VERTEX_POINT('',#5213);
#1622=VERTEX_POINT('',#5215);
#1623=VERTEX_POINT('',#5217);
#1624=VERTEX_POINT('',#5219);
#1625=VERTEX_POINT('',#5319);
#1626=VERTEX_POINT('',#5320);
#1627=VERTEX_POINT('',#5322);
#1628=VERTEX_POINT('',#5324);
#1629=VERTEX_POINT('',#5328);
#1630=VERTEX_POINT('',#5330);
#1631=VERTEX_POINT('',#5334);
#1632=VERTEX_POINT('',#5336);
#1633=VERTEX_POINT('',#5342);
#1634=VERTEX_POINT('',#5344);
#1635=VERTEX_POINT('',#5350);
#1636=VERTEX_POINT('',#5352);
#1637=VERTEX_POINT('',#5356);
#1638=VERTEX_POINT('',#5358);
#1639=VERTEX_POINT('',#5362);
#1640=VERTEX_POINT('',#5364);
#1641=VERTEX_POINT('',#5370);
#1642=VERTEX_POINT('',#5372);
#1643=VERTEX_POINT('',#5378);
#1644=VERTEX_POINT('',#5380);
#1645=VERTEX_POINT('',#5384);
#1646=VERTEX_POINT('',#5386);
#1647=VERTEX_POINT('',#5390);
#1648=VERTEX_POINT('',#5392);
#1649=VERTEX_POINT('',#5396);
#1650=VERTEX_POINT('',#5398);
#1651=VERTEX_POINT('',#5404);
#1652=VERTEX_POINT('',#5406);
#1653=VERTEX_POINT('',#5412);
#1654=VERTEX_POINT('',#5414);
#1655=VERTEX_POINT('',#5418);
#1656=VERTEX_POINT('',#5420);
#1657=VERTEX_POINT('',#5424);
#1658=VERTEX_POINT('',#5425);
#1659=VERTEX_POINT('',#5427);
#1660=VERTEX_POINT('',#5429);
#1661=VERTEX_POINT('',#5435);
#1662=VERTEX_POINT('',#5437);
#1663=VERTEX_POINT('',#5443);
#1664=VERTEX_POINT('',#5445);
#1665=VERTEX_POINT('',#5456);
#1666=VERTEX_POINT('',#5459);
#1667=VERTEX_POINT('',#5463);
#1668=VERTEX_POINT('',#5466);
#1669=VERTEX_POINT('',#5470);
#1670=VERTEX_POINT('',#5476);
#1671=VERTEX_POINT('',#5477);
#1672=VERTEX_POINT('',#5479);
#1673=VERTEX_POINT('',#5481);
#1674=VERTEX_POINT('',#5485);
#1675=VERTEX_POINT('',#5487);
#1676=VERTEX_POINT('',#5491);
#1677=VERTEX_POINT('',#5493);
#1678=VERTEX_POINT('',#5501);
#1679=VERTEX_POINT('',#5502);
#1680=VERTEX_POINT('',#5504);
#1681=VERTEX_POINT('',#5506);
#1682=VERTEX_POINT('',#5510);
#1683=VERTEX_POINT('',#5512);
#1684=VERTEX_POINT('',#5516);
#1685=VERTEX_POINT('',#5518);
#1686=EDGE_CURVE('',#1381,#1382,#677,.T.);
#1687=EDGE_CURVE('',#1381,#1383,#678,.T.);
#1688=EDGE_CURVE('',#1383,#1384,#679,.F.);
#1689=EDGE_CURVE('',#1384,#1382,#680,.T.);
#1690=EDGE_CURVE('',#1385,#1386,#149,.F.);
#1691=EDGE_CURVE('',#1387,#1385,#681,.F.);
#1692=EDGE_CURVE('',#1388,#1387,#150,.T.);
#1693=EDGE_CURVE('',#1386,#1388,#682,.T.);
#1694=EDGE_CURVE('',#1389,#1390,#683,.T.);
#1695=EDGE_CURVE('',#1391,#1390,#684,.T.);
#1696=EDGE_CURVE('',#1392,#1391,#685,.T.);
#1697=EDGE_CURVE('',#1392,#1389,#686,.T.);
#1698=EDGE_CURVE('',#1389,#1393,#687,.F.);
#1699=EDGE_CURVE('',#1393,#1394,#688,.T.);
#1700=EDGE_CURVE('',#1390,#1394,#689,.T.);
#1701=EDGE_CURVE('',#1395,#1396,#690,.T.);
#1702=EDGE_CURVE('',#1397,#1396,#691,.T.);
#1703=EDGE_CURVE('',#1398,#1397,#692,.T.);
#1704=EDGE_CURVE('',#1398,#1395,#693,.T.);
#1705=EDGE_CURVE('',#1399,#1400,#694,.T.);
#1706=EDGE_CURVE('',#1400,#1401,#695,.T.);
#1707=EDGE_CURVE('',#1401,#1402,#696,.T.);
#1708=EDGE_CURVE('',#1402,#1399,#697,.T.);
#1709=EDGE_CURVE('',#1403,#1404,#698,.T.);
#1710=EDGE_CURVE('',#1404,#1405,#699,.T.);
#1711=EDGE_CURVE('',#1405,#1406,#700,.T.);
#1712=EDGE_CURVE('',#1406,#1403,#701,.T.);
#1713=EDGE_CURVE('',#1407,#1408,#702,.T.);
#1714=EDGE_CURVE('',#1408,#1409,#703,.T.);
#1715=EDGE_CURVE('',#1409,#1410,#704,.T.);
#1716=EDGE_CURVE('',#1410,#1407,#705,.T.);
#1717=EDGE_CURVE('',#1411,#1412,#706,.T.);
#1718=EDGE_CURVE('',#1412,#1413,#707,.T.);
#1719=EDGE_CURVE('',#1413,#1414,#708,.T.);
#1720=EDGE_CURVE('',#1414,#1411,#709,.T.);
#1721=EDGE_CURVE('',#1415,#1416,#710,.T.);
#1722=EDGE_CURVE('',#1416,#1417,#711,.T.);
#1723=EDGE_CURVE('',#1417,#1418,#712,.T.);
#1724=EDGE_CURVE('',#1418,#1415,#713,.T.);
#1725=EDGE_CURVE('',#1419,#1420,#714,.T.);
#1726=EDGE_CURVE('',#1420,#1421,#715,.T.);
#1727=EDGE_CURVE('',#1421,#1422,#716,.T.);
#1728=EDGE_CURVE('',#1422,#1419,#717,.T.);
#1729=EDGE_CURVE('',#1423,#1424,#718,.T.);
#1730=EDGE_CURVE('',#1424,#1425,#719,.T.);
#1731=EDGE_CURVE('',#1425,#1426,#720,.T.);
#1732=EDGE_CURVE('',#1426,#1423,#721,.T.);
#1733=EDGE_CURVE('',#1427,#1427,#151,.T.);
#1734=EDGE_CURVE('',#1428,#1428,#152,.T.);
#1735=EDGE_CURVE('',#1429,#1429,#153,.T.);
#1736=EDGE_CURVE('',#1430,#1430,#154,.T.);
#1737=EDGE_CURVE('',#1431,#1391,#722,.T.);
#1738=EDGE_CURVE('',#1394,#1431,#723,.T.);
#1739=EDGE_CURVE('',#1385,#1432,#724,.T.);
#1740=EDGE_CURVE('',#1433,#1386,#725,.T.);
#1741=EDGE_CURVE('',#1433,#1434,#726,.T.);
#1742=EDGE_CURVE('',#1434,#1435,#727,.T.);
#1743=EDGE_CURVE('',#1435,#1436,#155,.F.);
#1744=EDGE_CURVE('',#1436,#1432,#728,.T.);
#1745=EDGE_CURVE('',#1436,#1437,#729,.T.);
#1746=EDGE_CURVE('',#1437,#1438,#730,.T.);
#1747=EDGE_CURVE('',#1438,#1432,#731,.T.);
#1748=EDGE_CURVE('',#1387,#1438,#732,.F.);
#1749=EDGE_CURVE('',#1439,#1440,#733,.F.);
#1750=EDGE_CURVE('',#1439,#1441,#734,.T.);
#1751=EDGE_CURVE('',#1441,#1442,#735,.T.);
#1752=EDGE_CURVE('',#1442,#1398,#156,.F.);
#1753=EDGE_CURVE('',#1397,#1433,#157,.F.);
#1754=EDGE_CURVE('',#1443,#1388,#736,.F.);
#1755=EDGE_CURVE('',#1444,#1443,#158,.F.);
#1756=EDGE_CURVE('',#1445,#1444,#737,.F.);
#1757=EDGE_CURVE('',#1440,#1445,#159,.F.);
#1758=EDGE_CURVE('',#1441,#1381,#160,.F.);
#1759=EDGE_CURVE('',#1382,#1446,#738,.T.);
#1760=EDGE_CURVE('',#1446,#1447,#161,.F.);
#1761=EDGE_CURVE('',#1447,#1448,#739,.T.);
#1762=EDGE_CURVE('',#1442,#1448,#740,.T.);
#1763=EDGE_CURVE('',#1448,#1395,#162,.F.);
#1764=EDGE_CURVE('',#1396,#1434,#163,.F.);
#1765=EDGE_CURVE('',#1447,#1449,#741,.F.);
#1766=EDGE_CURVE('',#1449,#1450,#742,.F.);
#1767=EDGE_CURVE('',#1450,#1451,#164,.F.);
#1768=EDGE_CURVE('',#1451,#1452,#743,.F.);
#1769=EDGE_CURVE('',#1452,#1453,#165,.F.);
#1770=EDGE_CURVE('',#1453,#1454,#744,.F.);
#1771=EDGE_CURVE('',#1454,#1435,#745,.T.);
#1772=EDGE_CURVE('',#1437,#1454,#166,.T.);
#1773=EDGE_CURVE('',#1443,#1453,#746,.T.);
#1774=EDGE_CURVE('',#1444,#1452,#747,.F.);
#1775=EDGE_CURVE('',#1445,#1451,#748,.T.);
#1776=EDGE_CURVE('',#1455,#1456,#749,.T.);
#1777=EDGE_CURVE('',#1457,#1455,#750,.T.);
#1778=EDGE_CURVE('',#1458,#1457,#751,.F.);
#1779=EDGE_CURVE('',#1456,#1458,#752,.F.);
#1780=EDGE_CURVE('',#1459,#1460,#753,.T.);
#1781=EDGE_CURVE('',#1461,#1459,#754,.T.);
#1782=EDGE_CURVE('',#1462,#1461,#755,.F.);
#1783=EDGE_CURVE('',#1460,#1462,#756,.F.);
#1784=EDGE_CURVE('',#1463,#1464,#757,.T.);
#1785=EDGE_CURVE('',#1465,#1463,#758,.T.);
#1786=EDGE_CURVE('',#1466,#1465,#759,.F.);
#1787=EDGE_CURVE('',#1464,#1466,#760,.F.);
#1788=EDGE_CURVE('',#1467,#1468,#761,.T.);
#1789=EDGE_CURVE('',#1469,#1467,#762,.T.);
#1790=EDGE_CURVE('',#1470,#1469,#763,.F.);
#1791=EDGE_CURVE('',#1468,#1470,#764,.F.);
#1792=EDGE_CURVE('',#1471,#1472,#765,.T.);
#1793=EDGE_CURVE('',#1473,#1471,#766,.T.);
#1794=EDGE_CURVE('',#1474,#1473,#767,.F.);
#1795=EDGE_CURVE('',#1472,#1474,#768,.F.);
#1796=EDGE_CURVE('',#1475,#1476,#769,.T.);
#1797=EDGE_CURVE('',#1477,#1475,#770,.T.);
#1798=EDGE_CURVE('',#1478,#1477,#771,.F.);
#1799=EDGE_CURVE('',#1476,#1478,#772,.F.);
#1800=EDGE_CURVE('',#1479,#1480,#773,.T.);
#1801=EDGE_CURVE('',#1481,#1479,#774,.T.);
#1802=EDGE_CURVE('',#1482,#1481,#775,.F.);
#1803=EDGE_CURVE('',#1480,#1482,#776,.F.);
#1804=EDGE_CURVE('',#1483,#1483,#167,.T.);
#1805=EDGE_CURVE('',#1484,#1484,#168,.T.);
#1806=EDGE_CURVE('',#1485,#1485,#169,.T.);
#1807=EDGE_CURVE('',#1486,#1486,#170,.T.);
#1808=EDGE_CURVE('',#1487,#1392,#777,.T.);
#1809=EDGE_CURVE('',#1393,#1487,#778,.F.);
#1810=EDGE_CURVE('',#1440,#1450,#779,.F.);
#1811=EDGE_CURVE('',#1383,#1439,#171,.T.);
#1812=EDGE_CURVE('',#1449,#1488,#172,.T.);
#1813=EDGE_CURVE('',#1384,#1488,#780,.T.);
#1814=EDGE_CURVE('',#1488,#1446,#781,.F.);
#1815=EDGE_CURVE('',#1486,#1430,#782,.T.);
#1816=EDGE_CURVE('',#1485,#1429,#783,.T.);
#1817=EDGE_CURVE('',#1484,#1428,#784,.T.);
#1818=EDGE_CURVE('',#1483,#1427,#785,.T.);
#1819=EDGE_CURVE('',#1480,#1425,#786,.T.);
#1820=EDGE_CURVE('',#1479,#1424,#787,.T.);
#1821=EDGE_CURVE('',#1481,#1423,#788,.T.);
#1822=EDGE_CURVE('',#1482,#1426,#789,.T.);
#1823=EDGE_CURVE('',#1476,#1421,#790,.T.);
#1824=EDGE_CURVE('',#1475,#1420,#791,.T.);
#1825=EDGE_CURVE('',#1477,#1419,#792,.T.);
#1826=EDGE_CURVE('',#1478,#1422,#793,.T.);
#1827=EDGE_CURVE('',#1472,#1417,#794,.T.);
#1828=EDGE_CURVE('',#1471,#1416,#795,.T.);
#1829=EDGE_CURVE('',#1473,#1415,#796,.T.);
#1830=EDGE_CURVE('',#1474,#1418,#797,.T.);
#1831=EDGE_CURVE('',#1468,#1413,#798,.T.);
#1832=EDGE_CURVE('',#1467,#1412,#799,.T.);
#1833=EDGE_CURVE('',#1469,#1411,#800,.T.);
#1834=EDGE_CURVE('',#1470,#1414,#801,.T.);
#1835=EDGE_CURVE('',#1464,#1409,#802,.T.);
#1836=EDGE_CURVE('',#1463,#1408,#803,.T.);
#1837=EDGE_CURVE('',#1465,#1407,#804,.T.);
#1838=EDGE_CURVE('',#1466,#1410,#805,.T.);
#1839=EDGE_CURVE('',#1460,#1405,#806,.T.);
#1840=EDGE_CURVE('',#1459,#1404,#807,.T.);
#1841=EDGE_CURVE('',#1461,#1403,#808,.T.);
#1842=EDGE_CURVE('',#1462,#1406,#809,.T.);
#1843=EDGE_CURVE('',#1456,#1401,#810,.T.);
#1844=EDGE_CURVE('',#1455,#1400,#811,.T.);
#1845=EDGE_CURVE('',#1457,#1399,#812,.T.);
#1846=EDGE_CURVE('',#1458,#1402,#813,.T.);
#1847=EDGE_CURVE('',#1487,#1431,#814,.T.);
#1848=EDGE_CURVE('',#1489,#1490,#815,.T.);
#1849=EDGE_CURVE('',#1491,#1489,#816,.T.);
#1850=EDGE_CURVE('',#1491,#1492,#817,.T.);
#1851=EDGE_CURVE('',#1492,#1490,#818,.T.);
#1852=EDGE_CURVE('',#1493,#1494,#173,.T.);
#1853=EDGE_CURVE('',#1495,#1493,#819,.T.);
#1854=EDGE_CURVE('',#1496,#1495,#174,.T.);
#1855=EDGE_CURVE('',#1497,#1496,#820,.T.);
#1856=EDGE_CURVE('',#1498,#1497,#175,.T.);
#1857=EDGE_CURVE('',#1499,#1498,#821,.T.);
#1858=EDGE_CURVE('',#1500,#1499,#176,.T.);
#1859=EDGE_CURVE('',#1501,#1500,#822,.T.);
#1860=EDGE_CURVE('',#1502,#1501,#177,.T.);
#1861=EDGE_CURVE('',#1489,#1502,#823,.T.);
#1862=EDGE_CURVE('',#1490,#1503,#824,.T.);
#1863=EDGE_CURVE('',#1503,#1504,#178,.F.);
#1864=EDGE_CURVE('',#1504,#1505,#825,.T.);
#1865=EDGE_CURVE('',#1505,#1506,#179,.F.);
#1866=EDGE_CURVE('',#1506,#1507,#826,.T.);
#1867=EDGE_CURVE('',#1507,#1508,#180,.F.);
#1868=EDGE_CURVE('',#1508,#1509,#827,.T.);
#1869=EDGE_CURVE('',#1509,#1510,#181,.F.);
#1870=EDGE_CURVE('',#1510,#1511,#828,.T.);
#1871=EDGE_CURVE('',#1511,#1512,#182,.F.);
#1872=EDGE_CURVE('',#1512,#1513,#829,.T.);
#1873=EDGE_CURVE('',#1514,#1513,#830,.T.);
#1874=EDGE_CURVE('',#1494,#1514,#831,.T.);
#1875=EDGE_CURVE('',#1515,#1516,#832,.T.);
#1876=EDGE_CURVE('',#1516,#1517,#833,.T.);
#1877=EDGE_CURVE('',#1518,#1517,#834,.T.);
#1878=EDGE_CURVE('',#1515,#1518,#835,.F.);
#1879=EDGE_CURVE('',#1519,#1515,#836,.F.);
#1880=EDGE_CURVE('',#1519,#1520,#837,.T.);
#1881=EDGE_CURVE('',#1520,#1516,#838,.T.);
#1882=EDGE_CURVE('',#1521,#1504,#839,.T.);
#1883=EDGE_CURVE('',#1521,#1522,#840,.T.);
#1884=EDGE_CURVE('',#1522,#1505,#841,.T.);
#1885=EDGE_CURVE('',#1523,#1524,#842,.T.);
#1886=EDGE_CURVE('',#1525,#1523,#843,.T.);
#1887=EDGE_CURVE('',#1526,#1525,#844,.T.);
#1888=EDGE_CURVE('',#1524,#1526,#845,.T.);
#1889=EDGE_CURVE('',#1527,#1528,#846,.T.);
#1890=EDGE_CURVE('',#1529,#1527,#847,.T.);
#1891=EDGE_CURVE('',#1530,#1529,#848,.T.);
#1892=EDGE_CURVE('',#1528,#1530,#849,.T.);
#1893=EDGE_CURVE('',#1531,#1532,#850,.T.);
#1894=EDGE_CURVE('',#1533,#1531,#851,.T.);
#1895=EDGE_CURVE('',#1534,#1533,#852,.T.);
#1896=EDGE_CURVE('',#1532,#1534,#853,.T.);
#1897=EDGE_CURVE('',#1535,#1536,#854,.T.);
#1898=EDGE_CURVE('',#1537,#1535,#855,.T.);
#1899=EDGE_CURVE('',#1538,#1537,#856,.T.);
#1900=EDGE_CURVE('',#1536,#1538,#857,.T.);
#1901=EDGE_CURVE('',#1539,#1540,#858,.T.);
#1902=EDGE_CURVE('',#1541,#1539,#859,.T.);
#1903=EDGE_CURVE('',#1542,#1541,#860,.T.);
#1904=EDGE_CURVE('',#1540,#1542,#861,.T.);
#1905=EDGE_CURVE('',#1543,#1544,#862,.T.);
#1906=EDGE_CURVE('',#1545,#1543,#863,.T.);
#1907=EDGE_CURVE('',#1546,#1545,#864,.T.);
#1908=EDGE_CURVE('',#1544,#1546,#865,.T.);
#1909=EDGE_CURVE('',#1547,#1548,#866,.T.);
#1910=EDGE_CURVE('',#1549,#1547,#867,.T.);
#1911=EDGE_CURVE('',#1550,#1549,#868,.T.);
#1912=EDGE_CURVE('',#1548,#1550,#869,.T.);
#1913=EDGE_CURVE('',#1551,#1520,#870,.T.);
#1914=EDGE_CURVE('',#1517,#1551,#871,.T.);
#1915=EDGE_CURVE('',#1492,#1552,#872,.T.);
#1916=EDGE_CURVE('',#1552,#1503,#873,.T.);
#1917=EDGE_CURVE('',#1553,#1553,#183,.T.);
#1918=EDGE_CURVE('',#1554,#1554,#184,.T.);
#1919=EDGE_CURVE('',#1555,#1555,#185,.T.);
#1920=EDGE_CURVE('',#1556,#1556,#186,.T.);
#1921=EDGE_CURVE('',#1557,#1557,#187,.T.);
#1922=EDGE_CURVE('',#1558,#1558,#188,.T.);
#1923=EDGE_CURVE('',#1559,#1560,#874,.T.);
#1924=EDGE_CURVE('',#1561,#1559,#189,.F.);
#1925=EDGE_CURVE('',#1562,#1561,#875,.T.);
#1926=EDGE_CURVE('',#1563,#1562,#190,.F.);
#1927=EDGE_CURVE('',#1564,#1563,#876,.T.);
#1928=EDGE_CURVE('',#1565,#1564,#191,.F.);
#1929=EDGE_CURVE('',#1566,#1565,#877,.T.);
#1930=EDGE_CURVE('',#1522,#1566,#192,.F.);
#1931=EDGE_CURVE('',#1552,#1521,#193,.F.);
#1932=EDGE_CURVE('',#1491,#1567,#878,.T.);
#1933=EDGE_CURVE('',#1567,#1568,#194,.T.);
#1934=EDGE_CURVE('',#1568,#1569,#879,.T.);
#1935=EDGE_CURVE('',#1569,#1570,#195,.T.);
#1936=EDGE_CURVE('',#1570,#1571,#880,.T.);
#1937=EDGE_CURVE('',#1571,#1572,#196,.T.);
#1938=EDGE_CURVE('',#1572,#1573,#881,.T.);
#1939=EDGE_CURVE('',#1573,#1574,#197,.T.);
#1940=EDGE_CURVE('',#1574,#1575,#882,.T.);
#1941=EDGE_CURVE('',#1575,#1576,#198,.T.);
#1942=EDGE_CURVE('',#1576,#1577,#883,.T.);
#1943=EDGE_CURVE('',#1577,#1560,#884,.T.);
#1944=EDGE_CURVE('',#1567,#1502,#885,.T.);
#1945=EDGE_CURVE('',#1578,#1578,#199,.T.);
#1946=EDGE_CURVE('',#1579,#1579,#200,.T.);
#1947=EDGE_CURVE('',#1580,#1580,#201,.T.);
#1948=EDGE_CURVE('',#1581,#1581,#202,.T.);
#1949=EDGE_CURVE('',#1582,#1582,#203,.T.);
#1950=EDGE_CURVE('',#1583,#1583,#204,.T.);
#1951=EDGE_CURVE('',#1568,#1501,#886,.T.);
#1952=EDGE_CURVE('',#1569,#1500,#887,.T.);
#1953=EDGE_CURVE('',#1584,#1585,#888,.F.);
#1954=EDGE_CURVE('',#1585,#1586,#889,.F.);
#1955=EDGE_CURVE('',#1586,#1587,#890,.T.);
#1956=EDGE_CURVE('',#1587,#1584,#891,.T.);
#1957=EDGE_CURVE('',#1588,#1589,#892,.F.);
#1958=EDGE_CURVE('',#1589,#1590,#893,.F.);
#1959=EDGE_CURVE('',#1590,#1591,#894,.T.);
#1960=EDGE_CURVE('',#1591,#1588,#895,.T.);
#1961=EDGE_CURVE('',#1592,#1593,#896,.F.);
#1962=EDGE_CURVE('',#1593,#1594,#897,.F.);
#1963=EDGE_CURVE('',#1594,#1595,#898,.T.);
#1964=EDGE_CURVE('',#1595,#1592,#899,.T.);
#1965=EDGE_CURVE('',#1596,#1597,#900,.F.);
#1966=EDGE_CURVE('',#1597,#1598,#901,.F.);
#1967=EDGE_CURVE('',#1598,#1599,#902,.T.);
#1968=EDGE_CURVE('',#1599,#1596,#903,.T.);
#1969=EDGE_CURVE('',#1600,#1601,#904,.F.);
#1970=EDGE_CURVE('',#1601,#1602,#905,.F.);
#1971=EDGE_CURVE('',#1602,#1603,#906,.T.);
#1972=EDGE_CURVE('',#1603,#1600,#907,.T.);
#1973=EDGE_CURVE('',#1604,#1605,#908,.F.);
#1974=EDGE_CURVE('',#1605,#1606,#909,.F.);
#1975=EDGE_CURVE('',#1606,#1607,#910,.T.);
#1976=EDGE_CURVE('',#1607,#1604,#911,.T.);
#1977=EDGE_CURVE('',#1608,#1609,#912,.F.);
#1978=EDGE_CURVE('',#1609,#1610,#913,.F.);
#1979=EDGE_CURVE('',#1610,#1611,#914,.T.);
#1980=EDGE_CURVE('',#1611,#1608,#915,.T.);
#1981=EDGE_CURVE('',#1518,#1612,#916,.T.);
#1982=EDGE_CURVE('',#1612,#1519,#917,.T.);
#1983=EDGE_CURVE('',#1570,#1499,#918,.T.);
#1984=EDGE_CURVE('',#1571,#1498,#919,.T.);
#1985=EDGE_CURVE('',#1572,#1497,#920,.T.);
#1986=EDGE_CURVE('',#1573,#1496,#921,.T.);
#1987=EDGE_CURVE('',#1574,#1495,#922,.T.);
#1988=EDGE_CURVE('',#1575,#1493,#923,.T.);
#1989=EDGE_CURVE('',#1576,#1494,#924,.T.);
#1990=EDGE_CURVE('',#1577,#1514,#925,.F.);
#1991=EDGE_CURVE('',#1613,#1613,#205,.T.);
#1992=EDGE_CURVE('',#1614,#1614,#206,.T.);
#1993=EDGE_CURVE('',#1615,#1615,#207,.T.);
#1994=EDGE_CURVE('',#1616,#1616,#208,.T.);
#1995=EDGE_CURVE('',#1617,#1617,#209,.T.);
#1996=EDGE_CURVE('',#1618,#1618,#210,.T.);
#1997=EDGE_CURVE('',#1560,#1513,#926,.T.);
#1998=EDGE_CURVE('',#1559,#1512,#927,.T.);
#1999=EDGE_CURVE('',#1619,#1619,#211,.T.);
#2000=EDGE_CURVE('',#1620,#1620,#212,.T.);
#2001=EDGE_CURVE('',#1621,#1621,#213,.T.);
#2002=EDGE_CURVE('',#1622,#1622,#214,.T.);
#2003=EDGE_CURVE('',#1623,#1623,#215,.T.);
#2004=EDGE_CURVE('',#1624,#1624,#216,.T.);
#2005=EDGE_CURVE('',#1561,#1511,#928,.T.);
#2006=EDGE_CURVE('',#1562,#1510,#929,.T.);
#2007=EDGE_CURVE('',#1563,#1509,#930,.T.);
#2008=EDGE_CURVE('',#1564,#1508,#931,.T.);
#2009=EDGE_CURVE('',#1565,#1507,#932,.T.);
#2010=EDGE_CURVE('',#1566,#1506,#933,.T.);
#2011=EDGE_CURVE('',#1609,#1547,#934,.T.);
#2012=EDGE_CURVE('',#1610,#1548,#935,.T.);
#2013=EDGE_CURVE('',#1623,#1617,#936,.T.);
#2014=EDGE_CURVE('',#1557,#1582,#937,.T.);
#2015=EDGE_CURVE('',#1556,#1581,#938,.T.);
#2016=EDGE_CURVE('',#1612,#1551,#939,.T.);
#2017=EDGE_CURVE('',#1584,#1525,#940,.T.);
#2018=EDGE_CURVE('',#1585,#1523,#941,.T.);
#2019=EDGE_CURVE('',#1587,#1526,#942,.T.);
#2020=EDGE_CURVE('',#1586,#1524,#943,.T.);
#2021=EDGE_CURVE('',#1588,#1529,#944,.T.);
#2022=EDGE_CURVE('',#1589,#1527,#945,.T.);
#2023=EDGE_CURVE('',#1591,#1530,#946,.T.);
#2024=EDGE_CURVE('',#1590,#1528,#947,.T.);
#2025=EDGE_CURVE('',#1592,#1533,#948,.T.);
#2026=EDGE_CURVE('',#1593,#1531,#949,.T.);
#2027=EDGE_CURVE('',#1595,#1534,#950,.T.);
#2028=EDGE_CURVE('',#1594,#1532,#951,.T.);
#2029=EDGE_CURVE('',#1596,#1537,#952,.T.);
#2030=EDGE_CURVE('',#1597,#1535,#953,.T.);
#2031=EDGE_CURVE('',#1599,#1538,#954,.T.);
#2032=EDGE_CURVE('',#1598,#1536,#955,.T.);
#2033=EDGE_CURVE('',#1600,#1541,#956,.T.);
#2034=EDGE_CURVE('',#1601,#1539,#957,.T.);
#2035=EDGE_CURVE('',#1603,#1542,#958,.T.);
#2036=EDGE_CURVE('',#1602,#1540,#959,.T.);
#2037=EDGE_CURVE('',#1604,#1545,#960,.T.);
#2038=EDGE_CURVE('',#1605,#1543,#961,.T.);
#2039=EDGE_CURVE('',#1607,#1546,#962,.T.);
#2040=EDGE_CURVE('',#1606,#1544,#963,.T.);
#2041=EDGE_CURVE('',#1608,#1549,#964,.T.);
#2042=EDGE_CURVE('',#1611,#1550,#965,.T.);
#2043=EDGE_CURVE('',#1622,#1616,#966,.T.);
#2044=EDGE_CURVE('',#1621,#1615,#967,.T.);
#2045=EDGE_CURVE('',#1620,#1614,#968,.T.);
#2046=EDGE_CURVE('',#1619,#1613,#969,.T.);
#2047=EDGE_CURVE('',#1555,#1580,#970,.T.);
#2048=EDGE_CURVE('',#1554,#1579,#971,.T.);
#2049=EDGE_CURVE('',#1553,#1578,#972,.T.);
#2050=EDGE_CURVE('',#1558,#1583,#973,.T.);
#2051=EDGE_CURVE('',#1624,#1618,#974,.T.);
#2052=EDGE_CURVE('',#1625,#1626,#217,.T.);
#2053=EDGE_CURVE('',#1625,#1627,#975,.F.);
#2054=EDGE_CURVE('',#1627,#1628,#976,.T.);
#2055=EDGE_CURVE('',#1626,#1628,#977,.F.);
#2056=EDGE_CURVE('',#1626,#1629,#218,.T.);
#2057=EDGE_CURVE('',#1628,#1630,#978,.T.);
#2058=EDGE_CURVE('',#1629,#1630,#979,.T.);
#2059=EDGE_CURVE('',#1629,#1631,#219,.T.);
#2060=EDGE_CURVE('',#1630,#1632,#980,.T.);
#2061=EDGE_CURVE('',#1631,#1632,#58,.T.);
#2062=EDGE_CURVE('',#1631,#1633,#220,.F.);
#2063=EDGE_CURVE('',#1632,#1634,#221,.T.);
#2064=EDGE_CURVE('',#1633,#1634,#59,.F.);
#2065=EDGE_CURVE('',#1633,#1635,#222,.T.);
#2066=EDGE_CURVE('',#1634,#1636,#981,.T.);
#2067=EDGE_CURVE('',#1635,#1636,#982,.T.);
#2068=EDGE_CURVE('',#1635,#1637,#223,.T.);
#2069=EDGE_CURVE('',#1636,#1638,#983,.T.);
#2070=EDGE_CURVE('',#1637,#1638,#984,.T.);
#2071=EDGE_CURVE('',#1639,#1625,#224,.T.);
#2072=EDGE_CURVE('',#1639,#1640,#60,.T.);
#2073=EDGE_CURVE('',#1640,#1627,#985,.T.);
#2074=EDGE_CURVE('',#1641,#1639,#225,.F.);
#2075=EDGE_CURVE('',#1641,#1642,#61,.T.);
#2076=EDGE_CURVE('',#1642,#1640,#226,.T.);
#2077=EDGE_CURVE('',#1643,#1641,#227,.T.);
#2078=EDGE_CURVE('',#1643,#1644,#986,.F.);
#2079=EDGE_CURVE('',#1644,#1642,#987,.T.);
#2080=EDGE_CURVE('',#1645,#1643,#228,.T.);
#2081=EDGE_CURVE('',#1645,#1646,#988,.T.);
#2082=EDGE_CURVE('',#1646,#1644,#989,.T.);
#2083=EDGE_CURVE('',#1647,#1645,#229,.T.);
#2084=EDGE_CURVE('',#1647,#1648,#990,.T.);
#2085=EDGE_CURVE('',#1648,#1646,#991,.T.);
#2086=EDGE_CURVE('',#1649,#1647,#230,.T.);
#2087=EDGE_CURVE('',#1649,#1650,#62,.F.);
#2088=EDGE_CURVE('',#1650,#1648,#992,.T.);
#2089=EDGE_CURVE('',#1651,#1649,#231,.F.);
#2090=EDGE_CURVE('',#1651,#1652,#63,.F.);
#2091=EDGE_CURVE('',#1652,#1650,#232,.T.);
#2092=EDGE_CURVE('',#1653,#1651,#233,.T.);
#2093=EDGE_CURVE('',#1653,#1654,#993,.F.);
#2094=EDGE_CURVE('',#1654,#1652,#994,.T.);
#2095=EDGE_CURVE('',#1655,#1653,#234,.T.);
#2096=EDGE_CURVE('',#1655,#1656,#995,.F.);
#2097=EDGE_CURVE('',#1656,#1654,#996,.T.);
#2098=EDGE_CURVE('',#1657,#1658,#235,.T.);
#2099=EDGE_CURVE('',#1657,#1659,#997,.T.);
#2100=EDGE_CURVE('',#1659,#1660,#998,.T.);
#2101=EDGE_CURVE('',#1658,#1660,#64,.F.);
#2102=EDGE_CURVE('',#1658,#1661,#236,.F.);
#2103=EDGE_CURVE('',#1660,#1662,#237,.T.);
#2104=EDGE_CURVE('',#1661,#1662,#65,.F.);
#2105=EDGE_CURVE('',#1661,#1663,#238,.T.);
#2106=EDGE_CURVE('',#1662,#1664,#999,.T.);
#2107=EDGE_CURVE('',#1663,#1664,#1000,.T.);
#2108=EDGE_CURVE('',#1663,#1655,#239,.T.);
#2109=EDGE_CURVE('',#1664,#1656,#1001,.T.);
#2110=EDGE_CURVE('',#1637,#1657,#240,.T.);
#2111=EDGE_CURVE('',#1638,#1659,#1002,.T.);
#2112=EDGE_CURVE('',#1665,#1665,#241,.T.);
#2113=EDGE_CURVE('',#1666,#1666,#242,.T.);
#2114=EDGE_CURVE('',#1666,#1665,#243,.T.);
#2115=EDGE_CURVE('',#1667,#1667,#244,.T.);
#2116=EDGE_CURVE('',#1668,#1668,#245,.T.);
#2117=EDGE_CURVE('',#1668,#1667,#1003,.T.);
#2118=EDGE_CURVE('',#1668,#1669,#1004,.T.);
#2119=EDGE_CURVE('',#1669,#1669,#246,.T.);
#2120=EDGE_CURVE('',#1670,#1671,#1005,.T.);
#2121=EDGE_CURVE('',#1672,#1671,#1006,.T.);
#2122=EDGE_CURVE('',#1673,#1672,#1007,.T.);
#2123=EDGE_CURVE('',#1673,#1670,#1008,.T.);
#2124=EDGE_CURVE('',#1671,#1674,#1009,.T.);
#2125=EDGE_CURVE('',#1675,#1674,#1010,.T.);
#2126=EDGE_CURVE('',#1672,#1675,#1011,.T.);
#2127=EDGE_CURVE('',#1674,#1676,#1012,.T.);
#2128=EDGE_CURVE('',#1677,#1676,#1013,.T.);
#2129=EDGE_CURVE('',#1675,#1677,#1014,.T.);
#2130=EDGE_CURVE('',#1676,#1670,#1015,.T.);
#2131=EDGE_CURVE('',#1677,#1673,#1016,.T.);
#2132=EDGE_CURVE('',#1678,#1679,#1017,.T.);
#2133=EDGE_CURVE('',#1680,#1679,#1018,.T.);
#2134=EDGE_CURVE('',#1681,#1680,#1019,.T.);
#2135=EDGE_CURVE('',#1681,#1678,#1020,.T.);
#2136=EDGE_CURVE('',#1679,#1682,#1021,.T.);
#2137=EDGE_CURVE('',#1683,#1682,#1022,.T.);
#2138=EDGE_CURVE('',#1680,#1683,#1023,.T.);
#2139=EDGE_CURVE('',#1682,#1684,#1024,.T.);
#2140=EDGE_CURVE('',#1685,#1684,#1025,.T.);
#2141=EDGE_CURVE('',#1683,#1685,#1026,.T.);
#2142=EDGE_CURVE('',#1684,#1678,#1027,.T.);
#2143=EDGE_CURVE('',#1685,#1681,#1028,.T.);
#2144=ORIENTED_EDGE('',*,*,#1686,.F.);
#2145=ORIENTED_EDGE('',*,*,#1687,.T.);
#2146=ORIENTED_EDGE('',*,*,#1688,.T.);
#2147=ORIENTED_EDGE('',*,*,#1689,.T.);
#2148=ORIENTED_EDGE('',*,*,#1690,.F.);
#2149=ORIENTED_EDGE('',*,*,#1691,.F.);
#2150=ORIENTED_EDGE('',*,*,#1692,.F.);
#2151=ORIENTED_EDGE('',*,*,#1693,.F.);
#2152=ORIENTED_EDGE('',*,*,#1694,.T.);
#2153=ORIENTED_EDGE('',*,*,#1695,.F.);
#2154=ORIENTED_EDGE('',*,*,#1696,.F.);
#2155=ORIENTED_EDGE('',*,*,#1697,.T.);
#2156=ORIENTED_EDGE('',*,*,#1698,.T.);
#2157=ORIENTED_EDGE('',*,*,#1699,.T.);
#2158=ORIENTED_EDGE('',*,*,#1700,.F.);
#2159=ORIENTED_EDGE('',*,*,#1694,.F.);
#2160=ORIENTED_EDGE('',*,*,#1701,.T.);
#2161=ORIENTED_EDGE('',*,*,#1702,.F.);
#2162=ORIENTED_EDGE('',*,*,#1703,.F.);
#2163=ORIENTED_EDGE('',*,*,#1704,.T.);
#2164=ORIENTED_EDGE('',*,*,#1705,.T.);
#2165=ORIENTED_EDGE('',*,*,#1706,.T.);
#2166=ORIENTED_EDGE('',*,*,#1707,.T.);
#2167=ORIENTED_EDGE('',*,*,#1708,.T.);
#2168=ORIENTED_EDGE('',*,*,#1709,.T.);
#2169=ORIENTED_EDGE('',*,*,#1710,.T.);
#2170=ORIENTED_EDGE('',*,*,#1711,.T.);
#2171=ORIENTED_EDGE('',*,*,#1712,.T.);
#2172=ORIENTED_EDGE('',*,*,#1713,.T.);
#2173=ORIENTED_EDGE('',*,*,#1714,.T.);
#2174=ORIENTED_EDGE('',*,*,#1715,.T.);
#2175=ORIENTED_EDGE('',*,*,#1716,.T.);
#2176=ORIENTED_EDGE('',*,*,#1717,.T.);
#2177=ORIENTED_EDGE('',*,*,#1718,.T.);
#2178=ORIENTED_EDGE('',*,*,#1719,.T.);
#2179=ORIENTED_EDGE('',*,*,#1720,.T.);
#2180=ORIENTED_EDGE('',*,*,#1721,.T.);
#2181=ORIENTED_EDGE('',*,*,#1722,.T.);
#2182=ORIENTED_EDGE('',*,*,#1723,.T.);
#2183=ORIENTED_EDGE('',*,*,#1724,.T.);
#2184=ORIENTED_EDGE('',*,*,#1725,.T.);
#2185=ORIENTED_EDGE('',*,*,#1726,.T.);
#2186=ORIENTED_EDGE('',*,*,#1727,.T.);
#2187=ORIENTED_EDGE('',*,*,#1728,.T.);
#2188=ORIENTED_EDGE('',*,*,#1729,.T.);
#2189=ORIENTED_EDGE('',*,*,#1730,.T.);
#2190=ORIENTED_EDGE('',*,*,#1731,.T.);
#2191=ORIENTED_EDGE('',*,*,#1732,.T.);
#2192=ORIENTED_EDGE('',*,*,#1733,.T.);
#2193=ORIENTED_EDGE('',*,*,#1734,.T.);
#2194=ORIENTED_EDGE('',*,*,#1735,.T.);
#2195=ORIENTED_EDGE('',*,*,#1736,.T.);
#2196=ORIENTED_EDGE('',*,*,#1737,.T.);
#2197=ORIENTED_EDGE('',*,*,#1695,.T.);
#2198=ORIENTED_EDGE('',*,*,#1700,.T.);
#2199=ORIENTED_EDGE('',*,*,#1738,.T.);
#2200=ORIENTED_EDGE('',*,*,#1739,.F.);
#2201=ORIENTED_EDGE('',*,*,#1690,.T.);
#2202=ORIENTED_EDGE('',*,*,#1740,.F.);
#2203=ORIENTED_EDGE('',*,*,#1741,.T.);
#2204=ORIENTED_EDGE('',*,*,#1742,.T.);
#2205=ORIENTED_EDGE('',*,*,#1743,.T.);
#2206=ORIENTED_EDGE('',*,*,#1744,.T.);
#2207=ORIENTED_EDGE('',*,*,#1744,.F.);
#2208=ORIENTED_EDGE('',*,*,#1745,.T.);
#2209=ORIENTED_EDGE('',*,*,#1746,.T.);
#2210=ORIENTED_EDGE('',*,*,#1747,.T.);
#2211=ORIENTED_EDGE('',*,*,#1748,.F.);
#2212=ORIENTED_EDGE('',*,*,#1691,.T.);
#2213=ORIENTED_EDGE('',*,*,#1739,.T.);
#2214=ORIENTED_EDGE('',*,*,#1747,.F.);
#2215=ORIENTED_EDGE('',*,*,#1749,.F.);
#2216=ORIENTED_EDGE('',*,*,#1750,.T.);
#2217=ORIENTED_EDGE('',*,*,#1751,.T.);
#2218=ORIENTED_EDGE('',*,*,#1752,.T.);
#2219=ORIENTED_EDGE('',*,*,#1703,.T.);
#2220=ORIENTED_EDGE('',*,*,#1753,.T.);
#2221=ORIENTED_EDGE('',*,*,#1740,.T.);
#2222=ORIENTED_EDGE('',*,*,#1693,.T.);
#2223=ORIENTED_EDGE('',*,*,#1754,.F.);
#2224=ORIENTED_EDGE('',*,*,#1755,.F.);
#2225=ORIENTED_EDGE('',*,*,#1756,.F.);
#2226=ORIENTED_EDGE('',*,*,#1757,.F.);
#2227=ORIENTED_EDGE('',*,*,#1751,.F.);
#2228=ORIENTED_EDGE('',*,*,#1758,.T.);
#2229=ORIENTED_EDGE('',*,*,#1686,.T.);
#2230=ORIENTED_EDGE('',*,*,#1759,.T.);
#2231=ORIENTED_EDGE('',*,*,#1760,.T.);
#2232=ORIENTED_EDGE('',*,*,#1761,.T.);
#2233=ORIENTED_EDGE('',*,*,#1762,.F.);
#2234=ORIENTED_EDGE('',*,*,#1763,.T.);
#2235=ORIENTED_EDGE('',*,*,#1704,.F.);
#2236=ORIENTED_EDGE('',*,*,#1752,.F.);
#2237=ORIENTED_EDGE('',*,*,#1762,.T.);
#2238=ORIENTED_EDGE('',*,*,#1764,.T.);
#2239=ORIENTED_EDGE('',*,*,#1741,.F.);
#2240=ORIENTED_EDGE('',*,*,#1753,.F.);
#2241=ORIENTED_EDGE('',*,*,#1702,.T.);
#2242=ORIENTED_EDGE('',*,*,#1761,.F.);
#2243=ORIENTED_EDGE('',*,*,#1765,.T.);
#2244=ORIENTED_EDGE('',*,*,#1766,.T.);
#2245=ORIENTED_EDGE('',*,*,#1767,.T.);
#2246=ORIENTED_EDGE('',*,*,#1768,.T.);
#2247=ORIENTED_EDGE('',*,*,#1769,.T.);
#2248=ORIENTED_EDGE('',*,*,#1770,.T.);
#2249=ORIENTED_EDGE('',*,*,#1771,.T.);
#2250=ORIENTED_EDGE('',*,*,#1742,.F.);
#2251=ORIENTED_EDGE('',*,*,#1764,.F.);
#2252=ORIENTED_EDGE('',*,*,#1701,.F.);
#2253=ORIENTED_EDGE('',*,*,#1763,.F.);
#2254=ORIENTED_EDGE('',*,*,#1772,.F.);
#2255=ORIENTED_EDGE('',*,*,#1745,.F.);
#2256=ORIENTED_EDGE('',*,*,#1743,.F.);
#2257=ORIENTED_EDGE('',*,*,#1771,.F.);
#2258=ORIENTED_EDGE('',*,*,#1754,.T.);
#2259=ORIENTED_EDGE('',*,*,#1692,.T.);
#2260=ORIENTED_EDGE('',*,*,#1748,.T.);
#2261=ORIENTED_EDGE('',*,*,#1746,.F.);
#2262=ORIENTED_EDGE('',*,*,#1772,.T.);
#2263=ORIENTED_EDGE('',*,*,#1770,.F.);
#2264=ORIENTED_EDGE('',*,*,#1773,.F.);
#2265=ORIENTED_EDGE('',*,*,#1769,.F.);
#2266=ORIENTED_EDGE('',*,*,#1774,.F.);
#2267=ORIENTED_EDGE('',*,*,#1755,.T.);
#2268=ORIENTED_EDGE('',*,*,#1773,.T.);
#2269=ORIENTED_EDGE('',*,*,#1768,.F.);
#2270=ORIENTED_EDGE('',*,*,#1775,.F.);
#2271=ORIENTED_EDGE('',*,*,#1756,.T.);
#2272=ORIENTED_EDGE('',*,*,#1774,.T.);
#2273=ORIENTED_EDGE('',*,*,#1776,.F.);
#2274=ORIENTED_EDGE('',*,*,#1777,.F.);
#2275=ORIENTED_EDGE('',*,*,#1778,.F.);
#2276=ORIENTED_EDGE('',*,*,#1779,.F.);
#2277=ORIENTED_EDGE('',*,*,#1780,.F.);
#2278=ORIENTED_EDGE('',*,*,#1781,.F.);
#2279=ORIENTED_EDGE('',*,*,#1782,.F.);
#2280=ORIENTED_EDGE('',*,*,#1783,.F.);
#2281=ORIENTED_EDGE('',*,*,#1784,.F.);
#2282=ORIENTED_EDGE('',*,*,#1785,.F.);
#2283=ORIENTED_EDGE('',*,*,#1786,.F.);
#2284=ORIENTED_EDGE('',*,*,#1787,.F.);
#2285=ORIENTED_EDGE('',*,*,#1788,.F.);
#2286=ORIENTED_EDGE('',*,*,#1789,.F.);
#2287=ORIENTED_EDGE('',*,*,#1790,.F.);
#2288=ORIENTED_EDGE('',*,*,#1791,.F.);
#2289=ORIENTED_EDGE('',*,*,#1792,.F.);
#2290=ORIENTED_EDGE('',*,*,#1793,.F.);
#2291=ORIENTED_EDGE('',*,*,#1794,.F.);
#2292=ORIENTED_EDGE('',*,*,#1795,.F.);
#2293=ORIENTED_EDGE('',*,*,#1796,.F.);
#2294=ORIENTED_EDGE('',*,*,#1797,.F.);
#2295=ORIENTED_EDGE('',*,*,#1798,.F.);
#2296=ORIENTED_EDGE('',*,*,#1799,.F.);
#2297=ORIENTED_EDGE('',*,*,#1800,.F.);
#2298=ORIENTED_EDGE('',*,*,#1801,.F.);
#2299=ORIENTED_EDGE('',*,*,#1802,.F.);
#2300=ORIENTED_EDGE('',*,*,#1803,.F.);
#2301=ORIENTED_EDGE('',*,*,#1804,.F.);
#2302=ORIENTED_EDGE('',*,*,#1805,.F.);
#2303=ORIENTED_EDGE('',*,*,#1806,.F.);
#2304=ORIENTED_EDGE('',*,*,#1807,.F.);
#2305=ORIENTED_EDGE('',*,*,#1697,.F.);
#2306=ORIENTED_EDGE('',*,*,#1808,.F.);
#2307=ORIENTED_EDGE('',*,*,#1809,.F.);
#2308=ORIENTED_EDGE('',*,*,#1698,.F.);
#2309=ORIENTED_EDGE('',*,*,#1767,.F.);
#2310=ORIENTED_EDGE('',*,*,#1810,.F.);
#2311=ORIENTED_EDGE('',*,*,#1757,.T.);
#2312=ORIENTED_EDGE('',*,*,#1775,.T.);
#2313=ORIENTED_EDGE('',*,*,#1688,.F.);
#2314=ORIENTED_EDGE('',*,*,#1811,.T.);
#2315=ORIENTED_EDGE('',*,*,#1749,.T.);
#2316=ORIENTED_EDGE('',*,*,#1810,.T.);
#2317=ORIENTED_EDGE('',*,*,#1766,.F.);
#2318=ORIENTED_EDGE('',*,*,#1812,.T.);
#2319=ORIENTED_EDGE('',*,*,#1813,.F.);
#2320=ORIENTED_EDGE('',*,*,#1812,.F.);
#2321=ORIENTED_EDGE('',*,*,#1765,.F.);
#2322=ORIENTED_EDGE('',*,*,#1760,.F.);
#2323=ORIENTED_EDGE('',*,*,#1814,.F.);
#2324=ORIENTED_EDGE('',*,*,#1813,.T.);
#2325=ORIENTED_EDGE('',*,*,#1814,.T.);
#2326=ORIENTED_EDGE('',*,*,#1759,.F.);
#2327=ORIENTED_EDGE('',*,*,#1689,.F.);
#2328=ORIENTED_EDGE('',*,*,#1758,.F.);
#2329=ORIENTED_EDGE('',*,*,#1750,.F.);
#2330=ORIENTED_EDGE('',*,*,#1811,.F.);
#2331=ORIENTED_EDGE('',*,*,#1687,.F.);
#2332=ORIENTED_EDGE('',*,*,#1807,.T.);
#2333=ORIENTED_EDGE('',*,*,#1815,.T.);
#2334=ORIENTED_EDGE('',*,*,#1736,.F.);
#2335=ORIENTED_EDGE('',*,*,#1815,.F.);
#2336=ORIENTED_EDGE('',*,*,#1806,.T.);
#2337=ORIENTED_EDGE('',*,*,#1816,.T.);
#2338=ORIENTED_EDGE('',*,*,#1735,.F.);
#2339=ORIENTED_EDGE('',*,*,#1816,.F.);
#2340=ORIENTED_EDGE('',*,*,#1805,.T.);
#2341=ORIENTED_EDGE('',*,*,#1817,.T.);
#2342=ORIENTED_EDGE('',*,*,#1734,.F.);
#2343=ORIENTED_EDGE('',*,*,#1817,.F.);
#2344=ORIENTED_EDGE('',*,*,#1804,.T.);
#2345=ORIENTED_EDGE('',*,*,#1818,.T.);
#2346=ORIENTED_EDGE('',*,*,#1733,.F.);
#2347=ORIENTED_EDGE('',*,*,#1818,.F.);
#2348=ORIENTED_EDGE('',*,*,#1819,.T.);
#2349=ORIENTED_EDGE('',*,*,#1730,.F.);
#2350=ORIENTED_EDGE('',*,*,#1820,.F.);
#2351=ORIENTED_EDGE('',*,*,#1800,.T.);
#2352=ORIENTED_EDGE('',*,*,#1820,.T.);
#2353=ORIENTED_EDGE('',*,*,#1729,.F.);
#2354=ORIENTED_EDGE('',*,*,#1821,.F.);
#2355=ORIENTED_EDGE('',*,*,#1801,.T.);
#2356=ORIENTED_EDGE('',*,*,#1821,.T.);
#2357=ORIENTED_EDGE('',*,*,#1732,.F.);
#2358=ORIENTED_EDGE('',*,*,#1822,.F.);
#2359=ORIENTED_EDGE('',*,*,#1802,.T.);
#2360=ORIENTED_EDGE('',*,*,#1803,.T.);
#2361=ORIENTED_EDGE('',*,*,#1822,.T.);
#2362=ORIENTED_EDGE('',*,*,#1731,.F.);
#2363=ORIENTED_EDGE('',*,*,#1819,.F.);
#2364=ORIENTED_EDGE('',*,*,#1823,.T.);
#2365=ORIENTED_EDGE('',*,*,#1726,.F.);
#2366=ORIENTED_EDGE('',*,*,#1824,.F.);
#2367=ORIENTED_EDGE('',*,*,#1796,.T.);
#2368=ORIENTED_EDGE('',*,*,#1824,.T.);
#2369=ORIENTED_EDGE('',*,*,#1725,.F.);
#2370=ORIENTED_EDGE('',*,*,#1825,.F.);
#2371=ORIENTED_EDGE('',*,*,#1797,.T.);
#2372=ORIENTED_EDGE('',*,*,#1825,.T.);
#2373=ORIENTED_EDGE('',*,*,#1728,.F.);
#2374=ORIENTED_EDGE('',*,*,#1826,.F.);
#2375=ORIENTED_EDGE('',*,*,#1798,.T.);
#2376=ORIENTED_EDGE('',*,*,#1799,.T.);
#2377=ORIENTED_EDGE('',*,*,#1826,.T.);
#2378=ORIENTED_EDGE('',*,*,#1727,.F.);
#2379=ORIENTED_EDGE('',*,*,#1823,.F.);
#2380=ORIENTED_EDGE('',*,*,#1827,.T.);
#2381=ORIENTED_EDGE('',*,*,#1722,.F.);
#2382=ORIENTED_EDGE('',*,*,#1828,.F.);
#2383=ORIENTED_EDGE('',*,*,#1792,.T.);
#2384=ORIENTED_EDGE('',*,*,#1828,.T.);
#2385=ORIENTED_EDGE('',*,*,#1721,.F.);
#2386=ORIENTED_EDGE('',*,*,#1829,.F.);
#2387=ORIENTED_EDGE('',*,*,#1793,.T.);
#2388=ORIENTED_EDGE('',*,*,#1829,.T.);
#2389=ORIENTED_EDGE('',*,*,#1724,.F.);
#2390=ORIENTED_EDGE('',*,*,#1830,.F.);
#2391=ORIENTED_EDGE('',*,*,#1794,.T.);
#2392=ORIENTED_EDGE('',*,*,#1795,.T.);
#2393=ORIENTED_EDGE('',*,*,#1830,.T.);
#2394=ORIENTED_EDGE('',*,*,#1723,.F.);
#2395=ORIENTED_EDGE('',*,*,#1827,.F.);
#2396=ORIENTED_EDGE('',*,*,#1831,.T.);
#2397=ORIENTED_EDGE('',*,*,#1718,.F.);
#2398=ORIENTED_EDGE('',*,*,#1832,.F.);
#2399=ORIENTED_EDGE('',*,*,#1788,.T.);
#2400=ORIENTED_EDGE('',*,*,#1832,.T.);
#2401=ORIENTED_EDGE('',*,*,#1717,.F.);
#2402=ORIENTED_EDGE('',*,*,#1833,.F.);
#2403=ORIENTED_EDGE('',*,*,#1789,.T.);
#2404=ORIENTED_EDGE('',*,*,#1833,.T.);
#2405=ORIENTED_EDGE('',*,*,#1720,.F.);
#2406=ORIENTED_EDGE('',*,*,#1834,.F.);
#2407=ORIENTED_EDGE('',*,*,#1790,.T.);
#2408=ORIENTED_EDGE('',*,*,#1791,.T.);
#2409=ORIENTED_EDGE('',*,*,#1834,.T.);
#2410=ORIENTED_EDGE('',*,*,#1719,.F.);
#2411=ORIENTED_EDGE('',*,*,#1831,.F.);
#2412=ORIENTED_EDGE('',*,*,#1835,.T.);
#2413=ORIENTED_EDGE('',*,*,#1714,.F.);
#2414=ORIENTED_EDGE('',*,*,#1836,.F.);
#2415=ORIENTED_EDGE('',*,*,#1784,.T.);
#2416=ORIENTED_EDGE('',*,*,#1836,.T.);
#2417=ORIENTED_EDGE('',*,*,#1713,.F.);
#2418=ORIENTED_EDGE('',*,*,#1837,.F.);
#2419=ORIENTED_EDGE('',*,*,#1785,.T.);
#2420=ORIENTED_EDGE('',*,*,#1837,.T.);
#2421=ORIENTED_EDGE('',*,*,#1716,.F.);
#2422=ORIENTED_EDGE('',*,*,#1838,.F.);
#2423=ORIENTED_EDGE('',*,*,#1786,.T.);
#2424=ORIENTED_EDGE('',*,*,#1787,.T.);
#2425=ORIENTED_EDGE('',*,*,#1838,.T.);
#2426=ORIENTED_EDGE('',*,*,#1715,.F.);
#2427=ORIENTED_EDGE('',*,*,#1835,.F.);
#2428=ORIENTED_EDGE('',*,*,#1839,.T.);
#2429=ORIENTED_EDGE('',*,*,#1710,.F.);
#2430=ORIENTED_EDGE('',*,*,#1840,.F.);
#2431=ORIENTED_EDGE('',*,*,#1780,.T.);
#2432=ORIENTED_EDGE('',*,*,#1840,.T.);
#2433=ORIENTED_EDGE('',*,*,#1709,.F.);
#2434=ORIENTED_EDGE('',*,*,#1841,.F.);
#2435=ORIENTED_EDGE('',*,*,#1781,.T.);
#2436=ORIENTED_EDGE('',*,*,#1841,.T.);
#2437=ORIENTED_EDGE('',*,*,#1712,.F.);
#2438=ORIENTED_EDGE('',*,*,#1842,.F.);
#2439=ORIENTED_EDGE('',*,*,#1782,.T.);
#2440=ORIENTED_EDGE('',*,*,#1783,.T.);
#2441=ORIENTED_EDGE('',*,*,#1842,.T.);
#2442=ORIENTED_EDGE('',*,*,#1711,.F.);
#2443=ORIENTED_EDGE('',*,*,#1839,.F.);
#2444=ORIENTED_EDGE('',*,*,#1843,.T.);
#2445=ORIENTED_EDGE('',*,*,#1706,.F.);
#2446=ORIENTED_EDGE('',*,*,#1844,.F.);
#2447=ORIENTED_EDGE('',*,*,#1776,.T.);
#2448=ORIENTED_EDGE('',*,*,#1844,.T.);
#2449=ORIENTED_EDGE('',*,*,#1705,.F.);
#2450=ORIENTED_EDGE('',*,*,#1845,.F.);
#2451=ORIENTED_EDGE('',*,*,#1777,.T.);
#2452=ORIENTED_EDGE('',*,*,#1845,.T.);
#2453=ORIENTED_EDGE('',*,*,#1708,.F.);
#2454=ORIENTED_EDGE('',*,*,#1846,.F.);
#2455=ORIENTED_EDGE('',*,*,#1778,.T.);
#2456=ORIENTED_EDGE('',*,*,#1779,.T.);
#2457=ORIENTED_EDGE('',*,*,#1846,.T.);
#2458=ORIENTED_EDGE('',*,*,#1707,.F.);
#2459=ORIENTED_EDGE('',*,*,#1843,.F.);
#2460=ORIENTED_EDGE('',*,*,#1696,.T.);
#2461=ORIENTED_EDGE('',*,*,#1737,.F.);
#2462=ORIENTED_EDGE('',*,*,#1847,.F.);
#2463=ORIENTED_EDGE('',*,*,#1808,.T.);
#2464=ORIENTED_EDGE('',*,*,#1847,.T.);
#2465=ORIENTED_EDGE('',*,*,#1738,.F.);
#2466=ORIENTED_EDGE('',*,*,#1699,.F.);
#2467=ORIENTED_EDGE('',*,*,#1809,.T.);
#2468=ORIENTED_EDGE('',*,*,#1848,.F.);
#2469=ORIENTED_EDGE('',*,*,#1849,.F.);
#2470=ORIENTED_EDGE('',*,*,#1850,.T.);
#2471=ORIENTED_EDGE('',*,*,#1851,.T.);
#2472=ORIENTED_EDGE('',*,*,#1852,.F.);
#2473=ORIENTED_EDGE('',*,*,#1853,.F.);
#2474=ORIENTED_EDGE('',*,*,#1854,.F.);
#2475=ORIENTED_EDGE('',*,*,#1855,.F.);
#2476=ORIENTED_EDGE('',*,*,#1856,.F.);
#2477=ORIENTED_EDGE('',*,*,#1857,.F.);
#2478=ORIENTED_EDGE('',*,*,#1858,.F.);
#2479=ORIENTED_EDGE('',*,*,#1859,.F.);
#2480=ORIENTED_EDGE('',*,*,#1860,.F.);
#2481=ORIENTED_EDGE('',*,*,#1861,.F.);
#2482=ORIENTED_EDGE('',*,*,#1848,.T.);
#2483=ORIENTED_EDGE('',*,*,#1862,.T.);
#2484=ORIENTED_EDGE('',*,*,#1863,.T.);
#2485=ORIENTED_EDGE('',*,*,#1864,.T.);
#2486=ORIENTED_EDGE('',*,*,#1865,.T.);
#2487=ORIENTED_EDGE('',*,*,#1866,.T.);
#2488=ORIENTED_EDGE('',*,*,#1867,.T.);
#2489=ORIENTED_EDGE('',*,*,#1868,.T.);
#2490=ORIENTED_EDGE('',*,*,#1869,.T.);
#2491=ORIENTED_EDGE('',*,*,#1870,.T.);
#2492=ORIENTED_EDGE('',*,*,#1871,.T.);
#2493=ORIENTED_EDGE('',*,*,#1872,.T.);
#2494=ORIENTED_EDGE('',*,*,#1873,.F.);
#2495=ORIENTED_EDGE('',*,*,#1874,.F.);
#2496=ORIENTED_EDGE('',*,*,#1875,.T.);
#2497=ORIENTED_EDGE('',*,*,#1876,.T.);
#2498=ORIENTED_EDGE('',*,*,#1877,.F.);
#2499=ORIENTED_EDGE('',*,*,#1878,.F.);
#2500=ORIENTED_EDGE('',*,*,#1879,.F.);
#2501=ORIENTED_EDGE('',*,*,#1880,.T.);
#2502=ORIENTED_EDGE('',*,*,#1881,.T.);
#2503=ORIENTED_EDGE('',*,*,#1875,.F.);
#2504=ORIENTED_EDGE('',*,*,#1864,.F.);
#2505=ORIENTED_EDGE('',*,*,#1882,.F.);
#2506=ORIENTED_EDGE('',*,*,#1883,.T.);
#2507=ORIENTED_EDGE('',*,*,#1884,.T.);
#2508=ORIENTED_EDGE('',*,*,#1885,.F.);
#2509=ORIENTED_EDGE('',*,*,#1886,.F.);
#2510=ORIENTED_EDGE('',*,*,#1887,.F.);
#2511=ORIENTED_EDGE('',*,*,#1888,.F.);
#2512=ORIENTED_EDGE('',*,*,#1889,.F.);
#2513=ORIENTED_EDGE('',*,*,#1890,.F.);
#2514=ORIENTED_EDGE('',*,*,#1891,.F.);
#2515=ORIENTED_EDGE('',*,*,#1892,.F.);
#2516=ORIENTED_EDGE('',*,*,#1893,.F.);
#2517=ORIENTED_EDGE('',*,*,#1894,.F.);
#2518=ORIENTED_EDGE('',*,*,#1895,.F.);
#2519=ORIENTED_EDGE('',*,*,#1896,.F.);
#2520=ORIENTED_EDGE('',*,*,#1897,.F.);
#2521=ORIENTED_EDGE('',*,*,#1898,.F.);
#2522=ORIENTED_EDGE('',*,*,#1899,.F.);
#2523=ORIENTED_EDGE('',*,*,#1900,.F.);
#2524=ORIENTED_EDGE('',*,*,#1901,.F.);
#2525=ORIENTED_EDGE('',*,*,#1902,.F.);
#2526=ORIENTED_EDGE('',*,*,#1903,.F.);
#2527=ORIENTED_EDGE('',*,*,#1904,.F.);
#2528=ORIENTED_EDGE('',*,*,#1905,.F.);
#2529=ORIENTED_EDGE('',*,*,#1906,.F.);
#2530=ORIENTED_EDGE('',*,*,#1907,.F.);
#2531=ORIENTED_EDGE('',*,*,#1908,.F.);
#2532=ORIENTED_EDGE('',*,*,#1909,.F.);
#2533=ORIENTED_EDGE('',*,*,#1910,.F.);
#2534=ORIENTED_EDGE('',*,*,#1911,.F.);
#2535=ORIENTED_EDGE('',*,*,#1912,.F.);
#2536=ORIENTED_EDGE('',*,*,#1876,.F.);
#2537=ORIENTED_EDGE('',*,*,#1881,.F.);
#2538=ORIENTED_EDGE('',*,*,#1913,.F.);
#2539=ORIENTED_EDGE('',*,*,#1914,.F.);
#2540=ORIENTED_EDGE('',*,*,#1862,.F.);
#2541=ORIENTED_EDGE('',*,*,#1851,.F.);
#2542=ORIENTED_EDGE('',*,*,#1915,.T.);
#2543=ORIENTED_EDGE('',*,*,#1916,.T.);
#2544=ORIENTED_EDGE('',*,*,#1917,.F.);
#2545=ORIENTED_EDGE('',*,*,#1918,.F.);
#2546=ORIENTED_EDGE('',*,*,#1919,.F.);
#2547=ORIENTED_EDGE('',*,*,#1920,.F.);
#2548=ORIENTED_EDGE('',*,*,#1921,.F.);
#2549=ORIENTED_EDGE('',*,*,#1922,.F.);
#2550=ORIENTED_EDGE('',*,*,#1923,.F.);
#2551=ORIENTED_EDGE('',*,*,#1924,.F.);
#2552=ORIENTED_EDGE('',*,*,#1925,.F.);
#2553=ORIENTED_EDGE('',*,*,#1926,.F.);
#2554=ORIENTED_EDGE('',*,*,#1927,.F.);
#2555=ORIENTED_EDGE('',*,*,#1928,.F.);
#2556=ORIENTED_EDGE('',*,*,#1929,.F.);
#2557=ORIENTED_EDGE('',*,*,#1930,.F.);
#2558=ORIENTED_EDGE('',*,*,#1883,.F.);
#2559=ORIENTED_EDGE('',*,*,#1931,.F.);
#2560=ORIENTED_EDGE('',*,*,#1915,.F.);
#2561=ORIENTED_EDGE('',*,*,#1850,.F.);
#2562=ORIENTED_EDGE('',*,*,#1932,.T.);
#2563=ORIENTED_EDGE('',*,*,#1933,.T.);
#2564=ORIENTED_EDGE('',*,*,#1934,.T.);
#2565=ORIENTED_EDGE('',*,*,#1935,.T.);
#2566=ORIENTED_EDGE('',*,*,#1936,.T.);
#2567=ORIENTED_EDGE('',*,*,#1937,.T.);
#2568=ORIENTED_EDGE('',*,*,#1938,.T.);
#2569=ORIENTED_EDGE('',*,*,#1939,.T.);
#2570=ORIENTED_EDGE('',*,*,#1940,.T.);
#2571=ORIENTED_EDGE('',*,*,#1941,.T.);
#2572=ORIENTED_EDGE('',*,*,#1942,.T.);
#2573=ORIENTED_EDGE('',*,*,#1943,.T.);
#2574=ORIENTED_EDGE('',*,*,#1863,.F.);
#2575=ORIENTED_EDGE('',*,*,#1916,.F.);
#2576=ORIENTED_EDGE('',*,*,#1931,.T.);
#2577=ORIENTED_EDGE('',*,*,#1882,.T.);
#2578=ORIENTED_EDGE('',*,*,#1861,.T.);
#2579=ORIENTED_EDGE('',*,*,#1944,.F.);
#2580=ORIENTED_EDGE('',*,*,#1932,.F.);
#2581=ORIENTED_EDGE('',*,*,#1849,.T.);
#2582=ORIENTED_EDGE('',*,*,#1945,.T.);
#2583=ORIENTED_EDGE('',*,*,#1946,.T.);
#2584=ORIENTED_EDGE('',*,*,#1947,.T.);
#2585=ORIENTED_EDGE('',*,*,#1948,.T.);
#2586=ORIENTED_EDGE('',*,*,#1949,.T.);
#2587=ORIENTED_EDGE('',*,*,#1950,.T.);
#2588=ORIENTED_EDGE('',*,*,#1860,.T.);
#2589=ORIENTED_EDGE('',*,*,#1951,.F.);
#2590=ORIENTED_EDGE('',*,*,#1933,.F.);
#2591=ORIENTED_EDGE('',*,*,#1944,.T.);
#2592=ORIENTED_EDGE('',*,*,#1859,.T.);
#2593=ORIENTED_EDGE('',*,*,#1952,.F.);
#2594=ORIENTED_EDGE('',*,*,#1934,.F.);
#2595=ORIENTED_EDGE('',*,*,#1951,.T.);
#2596=ORIENTED_EDGE('',*,*,#1953,.T.);
#2597=ORIENTED_EDGE('',*,*,#1954,.T.);
#2598=ORIENTED_EDGE('',*,*,#1955,.T.);
#2599=ORIENTED_EDGE('',*,*,#1956,.T.);
#2600=ORIENTED_EDGE('',*,*,#1957,.T.);
#2601=ORIENTED_EDGE('',*,*,#1958,.T.);
#2602=ORIENTED_EDGE('',*,*,#1959,.T.);
#2603=ORIENTED_EDGE('',*,*,#1960,.T.);
#2604=ORIENTED_EDGE('',*,*,#1961,.T.);
#2605=ORIENTED_EDGE('',*,*,#1962,.T.);
#2606=ORIENTED_EDGE('',*,*,#1963,.T.);
#2607=ORIENTED_EDGE('',*,*,#1964,.T.);
#2608=ORIENTED_EDGE('',*,*,#1965,.T.);
#2609=ORIENTED_EDGE('',*,*,#1966,.T.);
#2610=ORIENTED_EDGE('',*,*,#1967,.T.);
#2611=ORIENTED_EDGE('',*,*,#1968,.T.);
#2612=ORIENTED_EDGE('',*,*,#1969,.T.);
#2613=ORIENTED_EDGE('',*,*,#1970,.T.);
#2614=ORIENTED_EDGE('',*,*,#1971,.T.);
#2615=ORIENTED_EDGE('',*,*,#1972,.T.);
#2616=ORIENTED_EDGE('',*,*,#1973,.T.);
#2617=ORIENTED_EDGE('',*,*,#1974,.T.);
#2618=ORIENTED_EDGE('',*,*,#1975,.T.);
#2619=ORIENTED_EDGE('',*,*,#1976,.T.);
#2620=ORIENTED_EDGE('',*,*,#1977,.T.);
#2621=ORIENTED_EDGE('',*,*,#1978,.T.);
#2622=ORIENTED_EDGE('',*,*,#1979,.T.);
#2623=ORIENTED_EDGE('',*,*,#1980,.T.);
#2624=ORIENTED_EDGE('',*,*,#1879,.T.);
#2625=ORIENTED_EDGE('',*,*,#1878,.T.);
#2626=ORIENTED_EDGE('',*,*,#1981,.T.);
#2627=ORIENTED_EDGE('',*,*,#1982,.T.);
#2628=ORIENTED_EDGE('',*,*,#1858,.T.);
#2629=ORIENTED_EDGE('',*,*,#1983,.F.);
#2630=ORIENTED_EDGE('',*,*,#1935,.F.);
#2631=ORIENTED_EDGE('',*,*,#1952,.T.);
#2632=ORIENTED_EDGE('',*,*,#1857,.T.);
#2633=ORIENTED_EDGE('',*,*,#1984,.F.);
#2634=ORIENTED_EDGE('',*,*,#1936,.F.);
#2635=ORIENTED_EDGE('',*,*,#1983,.T.);
#2636=ORIENTED_EDGE('',*,*,#1856,.T.);
#2637=ORIENTED_EDGE('',*,*,#1985,.F.);
#2638=ORIENTED_EDGE('',*,*,#1937,.F.);
#2639=ORIENTED_EDGE('',*,*,#1984,.T.);
#2640=ORIENTED_EDGE('',*,*,#1855,.T.);
#2641=ORIENTED_EDGE('',*,*,#1986,.F.);
#2642=ORIENTED_EDGE('',*,*,#1938,.F.);
#2643=ORIENTED_EDGE('',*,*,#1985,.T.);
#2644=ORIENTED_EDGE('',*,*,#1854,.T.);
#2645=ORIENTED_EDGE('',*,*,#1987,.F.);
#2646=ORIENTED_EDGE('',*,*,#1939,.F.);
#2647=ORIENTED_EDGE('',*,*,#1986,.T.);
#2648=ORIENTED_EDGE('',*,*,#1853,.T.);
#2649=ORIENTED_EDGE('',*,*,#1988,.F.);
#2650=ORIENTED_EDGE('',*,*,#1940,.F.);
#2651=ORIENTED_EDGE('',*,*,#1987,.T.);
#2652=ORIENTED_EDGE('',*,*,#1852,.T.);
#2653=ORIENTED_EDGE('',*,*,#1989,.F.);
#2654=ORIENTED_EDGE('',*,*,#1941,.F.);
#2655=ORIENTED_EDGE('',*,*,#1988,.T.);
#2656=ORIENTED_EDGE('',*,*,#1874,.T.);
#2657=ORIENTED_EDGE('',*,*,#1990,.F.);
#2658=ORIENTED_EDGE('',*,*,#1942,.F.);
#2659=ORIENTED_EDGE('',*,*,#1989,.T.);
#2660=ORIENTED_EDGE('',*,*,#1991,.T.);
#2661=ORIENTED_EDGE('',*,*,#1992,.T.);
#2662=ORIENTED_EDGE('',*,*,#1993,.T.);
#2663=ORIENTED_EDGE('',*,*,#1994,.T.);
#2664=ORIENTED_EDGE('',*,*,#1995,.T.);
#2665=ORIENTED_EDGE('',*,*,#1996,.T.);
#2666=ORIENTED_EDGE('',*,*,#1943,.F.);
#2667=ORIENTED_EDGE('',*,*,#1990,.T.);
#2668=ORIENTED_EDGE('',*,*,#1873,.T.);
#2669=ORIENTED_EDGE('',*,*,#1997,.F.);
#2670=ORIENTED_EDGE('',*,*,#1872,.F.);
#2671=ORIENTED_EDGE('',*,*,#1998,.F.);
#2672=ORIENTED_EDGE('',*,*,#1923,.T.);
#2673=ORIENTED_EDGE('',*,*,#1997,.T.);
#2674=ORIENTED_EDGE('',*,*,#1999,.F.);
#2675=ORIENTED_EDGE('',*,*,#2000,.F.);
#2676=ORIENTED_EDGE('',*,*,#2001,.F.);
#2677=ORIENTED_EDGE('',*,*,#2002,.F.);
#2678=ORIENTED_EDGE('',*,*,#2003,.F.);
#2679=ORIENTED_EDGE('',*,*,#2004,.F.);
#2680=ORIENTED_EDGE('',*,*,#1871,.F.);
#2681=ORIENTED_EDGE('',*,*,#2005,.F.);
#2682=ORIENTED_EDGE('',*,*,#1924,.T.);
#2683=ORIENTED_EDGE('',*,*,#1998,.T.);
#2684=ORIENTED_EDGE('',*,*,#1870,.F.);
#2685=ORIENTED_EDGE('',*,*,#2006,.F.);
#2686=ORIENTED_EDGE('',*,*,#1925,.T.);
#2687=ORIENTED_EDGE('',*,*,#2005,.T.);
#2688=ORIENTED_EDGE('',*,*,#1869,.F.);
#2689=ORIENTED_EDGE('',*,*,#2007,.F.);
#2690=ORIENTED_EDGE('',*,*,#1926,.T.);
#2691=ORIENTED_EDGE('',*,*,#2006,.T.);
#2692=ORIENTED_EDGE('',*,*,#1868,.F.);
#2693=ORIENTED_EDGE('',*,*,#2008,.F.);
#2694=ORIENTED_EDGE('',*,*,#1927,.T.);
#2695=ORIENTED_EDGE('',*,*,#2007,.T.);
#2696=ORIENTED_EDGE('',*,*,#1867,.F.);
#2697=ORIENTED_EDGE('',*,*,#2009,.F.);
#2698=ORIENTED_EDGE('',*,*,#1928,.T.);
#2699=ORIENTED_EDGE('',*,*,#2008,.T.);
#2700=ORIENTED_EDGE('',*,*,#1866,.F.);
#2701=ORIENTED_EDGE('',*,*,#2010,.F.);
#2702=ORIENTED_EDGE('',*,*,#1929,.T.);
#2703=ORIENTED_EDGE('',*,*,#2009,.T.);
#2704=ORIENTED_EDGE('',*,*,#1865,.F.);
#2705=ORIENTED_EDGE('',*,*,#1884,.F.);
#2706=ORIENTED_EDGE('',*,*,#1930,.T.);
#2707=ORIENTED_EDGE('',*,*,#2010,.T.);
#2708=ORIENTED_EDGE('',*,*,#2011,.T.);
#2709=ORIENTED_EDGE('',*,*,#1909,.T.);
#2710=ORIENTED_EDGE('',*,*,#2012,.F.);
#2711=ORIENTED_EDGE('',*,*,#1978,.F.);
#2712=ORIENTED_EDGE('',*,*,#2003,.T.);
#2713=ORIENTED_EDGE('',*,*,#2013,.T.);
#2714=ORIENTED_EDGE('',*,*,#1995,.F.);
#2715=ORIENTED_EDGE('',*,*,#2013,.F.);
#2716=ORIENTED_EDGE('',*,*,#1921,.T.);
#2717=ORIENTED_EDGE('',*,*,#2014,.T.);
#2718=ORIENTED_EDGE('',*,*,#1949,.F.);
#2719=ORIENTED_EDGE('',*,*,#2014,.F.);
#2720=ORIENTED_EDGE('',*,*,#1920,.T.);
#2721=ORIENTED_EDGE('',*,*,#2015,.T.);
#2722=ORIENTED_EDGE('',*,*,#1948,.F.);
#2723=ORIENTED_EDGE('',*,*,#2015,.F.);
#2724=ORIENTED_EDGE('',*,*,#2016,.T.);
#2725=ORIENTED_EDGE('',*,*,#1913,.T.);
#2726=ORIENTED_EDGE('',*,*,#1880,.F.);
#2727=ORIENTED_EDGE('',*,*,#1982,.F.);
#2728=ORIENTED_EDGE('',*,*,#1877,.T.);
#2729=ORIENTED_EDGE('',*,*,#1914,.T.);
#2730=ORIENTED_EDGE('',*,*,#2016,.F.);
#2731=ORIENTED_EDGE('',*,*,#1981,.F.);
#2732=ORIENTED_EDGE('',*,*,#1953,.F.);
#2733=ORIENTED_EDGE('',*,*,#2017,.T.);
#2734=ORIENTED_EDGE('',*,*,#1886,.T.);
#2735=ORIENTED_EDGE('',*,*,#2018,.F.);
#2736=ORIENTED_EDGE('',*,*,#2019,.T.);
#2737=ORIENTED_EDGE('',*,*,#1887,.T.);
#2738=ORIENTED_EDGE('',*,*,#2017,.F.);
#2739=ORIENTED_EDGE('',*,*,#1956,.F.);
#2740=ORIENTED_EDGE('',*,*,#2020,.T.);
#2741=ORIENTED_EDGE('',*,*,#1888,.T.);
#2742=ORIENTED_EDGE('',*,*,#2019,.F.);
#2743=ORIENTED_EDGE('',*,*,#1955,.F.);
#2744=ORIENTED_EDGE('',*,*,#2018,.T.);
#2745=ORIENTED_EDGE('',*,*,#1885,.T.);
#2746=ORIENTED_EDGE('',*,*,#2020,.F.);
#2747=ORIENTED_EDGE('',*,*,#1954,.F.);
#2748=ORIENTED_EDGE('',*,*,#1957,.F.);
#2749=ORIENTED_EDGE('',*,*,#2021,.T.);
#2750=ORIENTED_EDGE('',*,*,#1890,.T.);
#2751=ORIENTED_EDGE('',*,*,#2022,.F.);
#2752=ORIENTED_EDGE('',*,*,#2023,.T.);
#2753=ORIENTED_EDGE('',*,*,#1891,.T.);
#2754=ORIENTED_EDGE('',*,*,#2021,.F.);
#2755=ORIENTED_EDGE('',*,*,#1960,.F.);
#2756=ORIENTED_EDGE('',*,*,#2024,.T.);
#2757=ORIENTED_EDGE('',*,*,#1892,.T.);
#2758=ORIENTED_EDGE('',*,*,#2023,.F.);
#2759=ORIENTED_EDGE('',*,*,#1959,.F.);
#2760=ORIENTED_EDGE('',*,*,#2022,.T.);
#2761=ORIENTED_EDGE('',*,*,#1889,.T.);
#2762=ORIENTED_EDGE('',*,*,#2024,.F.);
#2763=ORIENTED_EDGE('',*,*,#1958,.F.);
#2764=ORIENTED_EDGE('',*,*,#1961,.F.);
#2765=ORIENTED_EDGE('',*,*,#2025,.T.);
#2766=ORIENTED_EDGE('',*,*,#1894,.T.);
#2767=ORIENTED_EDGE('',*,*,#2026,.F.);
#2768=ORIENTED_EDGE('',*,*,#2027,.T.);
#2769=ORIENTED_EDGE('',*,*,#1895,.T.);
#2770=ORIENTED_EDGE('',*,*,#2025,.F.);
#2771=ORIENTED_EDGE('',*,*,#1964,.F.);
#2772=ORIENTED_EDGE('',*,*,#2028,.T.);
#2773=ORIENTED_EDGE('',*,*,#1896,.T.);
#2774=ORIENTED_EDGE('',*,*,#2027,.F.);
#2775=ORIENTED_EDGE('',*,*,#1963,.F.);
#2776=ORIENTED_EDGE('',*,*,#2026,.T.);
#2777=ORIENTED_EDGE('',*,*,#1893,.T.);
#2778=ORIENTED_EDGE('',*,*,#2028,.F.);
#2779=ORIENTED_EDGE('',*,*,#1962,.F.);
#2780=ORIENTED_EDGE('',*,*,#1965,.F.);
#2781=ORIENTED_EDGE('',*,*,#2029,.T.);
#2782=ORIENTED_EDGE('',*,*,#1898,.T.);
#2783=ORIENTED_EDGE('',*,*,#2030,.F.);
#2784=ORIENTED_EDGE('',*,*,#2031,.T.);
#2785=ORIENTED_EDGE('',*,*,#1899,.T.);
#2786=ORIENTED_EDGE('',*,*,#2029,.F.);
#2787=ORIENTED_EDGE('',*,*,#1968,.F.);
#2788=ORIENTED_EDGE('',*,*,#2032,.T.);
#2789=ORIENTED_EDGE('',*,*,#1900,.T.);
#2790=ORIENTED_EDGE('',*,*,#2031,.F.);
#2791=ORIENTED_EDGE('',*,*,#1967,.F.);
#2792=ORIENTED_EDGE('',*,*,#2030,.T.);
#2793=ORIENTED_EDGE('',*,*,#1897,.T.);
#2794=ORIENTED_EDGE('',*,*,#2032,.F.);
#2795=ORIENTED_EDGE('',*,*,#1966,.F.);
#2796=ORIENTED_EDGE('',*,*,#1969,.F.);
#2797=ORIENTED_EDGE('',*,*,#2033,.T.);
#2798=ORIENTED_EDGE('',*,*,#1902,.T.);
#2799=ORIENTED_EDGE('',*,*,#2034,.F.);
#2800=ORIENTED_EDGE('',*,*,#2035,.T.);
#2801=ORIENTED_EDGE('',*,*,#1903,.T.);
#2802=ORIENTED_EDGE('',*,*,#2033,.F.);
#2803=ORIENTED_EDGE('',*,*,#1972,.F.);
#2804=ORIENTED_EDGE('',*,*,#2036,.T.);
#2805=ORIENTED_EDGE('',*,*,#1904,.T.);
#2806=ORIENTED_EDGE('',*,*,#2035,.F.);
#2807=ORIENTED_EDGE('',*,*,#1971,.F.);
#2808=ORIENTED_EDGE('',*,*,#2034,.T.);
#2809=ORIENTED_EDGE('',*,*,#1901,.T.);
#2810=ORIENTED_EDGE('',*,*,#2036,.F.);
#2811=ORIENTED_EDGE('',*,*,#1970,.F.);
#2812=ORIENTED_EDGE('',*,*,#1973,.F.);
#2813=ORIENTED_EDGE('',*,*,#2037,.T.);
#2814=ORIENTED_EDGE('',*,*,#1906,.T.);
#2815=ORIENTED_EDGE('',*,*,#2038,.F.);
#2816=ORIENTED_EDGE('',*,*,#2039,.T.);
#2817=ORIENTED_EDGE('',*,*,#1907,.T.);
#2818=ORIENTED_EDGE('',*,*,#2037,.F.);
#2819=ORIENTED_EDGE('',*,*,#1976,.F.);
#2820=ORIENTED_EDGE('',*,*,#2040,.T.);
#2821=ORIENTED_EDGE('',*,*,#1908,.T.);
#2822=ORIENTED_EDGE('',*,*,#2039,.F.);
#2823=ORIENTED_EDGE('',*,*,#1975,.F.);
#2824=ORIENTED_EDGE('',*,*,#2038,.T.);
#2825=ORIENTED_EDGE('',*,*,#1905,.T.);
#2826=ORIENTED_EDGE('',*,*,#2040,.F.);
#2827=ORIENTED_EDGE('',*,*,#1974,.F.);
#2828=ORIENTED_EDGE('',*,*,#1977,.F.);
#2829=ORIENTED_EDGE('',*,*,#2041,.T.);
#2830=ORIENTED_EDGE('',*,*,#1910,.T.);
#2831=ORIENTED_EDGE('',*,*,#2011,.F.);
#2832=ORIENTED_EDGE('',*,*,#2042,.T.);
#2833=ORIENTED_EDGE('',*,*,#1911,.T.);
#2834=ORIENTED_EDGE('',*,*,#2041,.F.);
#2835=ORIENTED_EDGE('',*,*,#1980,.F.);
#2836=ORIENTED_EDGE('',*,*,#2012,.T.);
#2837=ORIENTED_EDGE('',*,*,#1912,.T.);
#2838=ORIENTED_EDGE('',*,*,#2042,.F.);
#2839=ORIENTED_EDGE('',*,*,#1979,.F.);
#2840=ORIENTED_EDGE('',*,*,#2002,.T.);
#2841=ORIENTED_EDGE('',*,*,#2043,.T.);
#2842=ORIENTED_EDGE('',*,*,#1994,.F.);
#2843=ORIENTED_EDGE('',*,*,#2043,.F.);
#2844=ORIENTED_EDGE('',*,*,#2001,.T.);
#2845=ORIENTED_EDGE('',*,*,#2044,.T.);
#2846=ORIENTED_EDGE('',*,*,#1993,.F.);
#2847=ORIENTED_EDGE('',*,*,#2044,.F.);
#2848=ORIENTED_EDGE('',*,*,#2000,.T.);
#2849=ORIENTED_EDGE('',*,*,#2045,.T.);
#2850=ORIENTED_EDGE('',*,*,#1992,.F.);
#2851=ORIENTED_EDGE('',*,*,#2045,.F.);
#2852=ORIENTED_EDGE('',*,*,#1999,.T.);
#2853=ORIENTED_EDGE('',*,*,#2046,.T.);
#2854=ORIENTED_EDGE('',*,*,#1991,.F.);
#2855=ORIENTED_EDGE('',*,*,#2046,.F.);
#2856=ORIENTED_EDGE('',*,*,#1919,.T.);
#2857=ORIENTED_EDGE('',*,*,#2047,.T.);
#2858=ORIENTED_EDGE('',*,*,#1947,.F.);
#2859=ORIENTED_EDGE('',*,*,#2047,.F.);
#2860=ORIENTED_EDGE('',*,*,#1918,.T.);
#2861=ORIENTED_EDGE('',*,*,#2048,.T.);
#2862=ORIENTED_EDGE('',*,*,#1946,.F.);
#2863=ORIENTED_EDGE('',*,*,#2048,.F.);
#2864=ORIENTED_EDGE('',*,*,#1917,.T.);
#2865=ORIENTED_EDGE('',*,*,#2049,.T.);
#2866=ORIENTED_EDGE('',*,*,#1945,.F.);
#2867=ORIENTED_EDGE('',*,*,#2049,.F.);
#2868=ORIENTED_EDGE('',*,*,#1922,.T.);
#2869=ORIENTED_EDGE('',*,*,#2050,.T.);
#2870=ORIENTED_EDGE('',*,*,#1950,.F.);
#2871=ORIENTED_EDGE('',*,*,#2050,.F.);
#2872=ORIENTED_EDGE('',*,*,#2004,.T.);
#2873=ORIENTED_EDGE('',*,*,#2051,.T.);
#2874=ORIENTED_EDGE('',*,*,#1996,.F.);
#2875=ORIENTED_EDGE('',*,*,#2051,.F.);
#2876=ORIENTED_EDGE('',*,*,#2052,.F.);
#2877=ORIENTED_EDGE('',*,*,#2053,.T.);
#2878=ORIENTED_EDGE('',*,*,#2054,.T.);
#2879=ORIENTED_EDGE('',*,*,#2055,.F.);
#2880=ORIENTED_EDGE('',*,*,#2056,.F.);
#2881=ORIENTED_EDGE('',*,*,#2055,.T.);
#2882=ORIENTED_EDGE('',*,*,#2057,.T.);
#2883=ORIENTED_EDGE('',*,*,#2058,.F.);
#2884=ORIENTED_EDGE('',*,*,#2059,.F.);
#2885=ORIENTED_EDGE('',*,*,#2058,.T.);
#2886=ORIENTED_EDGE('',*,*,#2060,.T.);
#2887=ORIENTED_EDGE('',*,*,#2061,.F.);
#2888=ORIENTED_EDGE('',*,*,#2062,.F.);
#2889=ORIENTED_EDGE('',*,*,#2061,.T.);
#2890=ORIENTED_EDGE('',*,*,#2063,.T.);
#2891=ORIENTED_EDGE('',*,*,#2064,.F.);
#2892=ORIENTED_EDGE('',*,*,#2065,.F.);
#2893=ORIENTED_EDGE('',*,*,#2064,.T.);
#2894=ORIENTED_EDGE('',*,*,#2066,.T.);
#2895=ORIENTED_EDGE('',*,*,#2067,.F.);
#2896=ORIENTED_EDGE('',*,*,#2068,.F.);
#2897=ORIENTED_EDGE('',*,*,#2067,.T.);
#2898=ORIENTED_EDGE('',*,*,#2069,.T.);
#2899=ORIENTED_EDGE('',*,*,#2070,.F.);
#2900=ORIENTED_EDGE('',*,*,#2071,.F.);
#2901=ORIENTED_EDGE('',*,*,#2072,.T.);
#2902=ORIENTED_EDGE('',*,*,#2073,.T.);
#2903=ORIENTED_EDGE('',*,*,#2053,.F.);
#2904=ORIENTED_EDGE('',*,*,#2074,.F.);
#2905=ORIENTED_EDGE('',*,*,#2075,.T.);
#2906=ORIENTED_EDGE('',*,*,#2076,.T.);
#2907=ORIENTED_EDGE('',*,*,#2072,.F.);
#2908=ORIENTED_EDGE('',*,*,#2077,.F.);
#2909=ORIENTED_EDGE('',*,*,#2078,.T.);
#2910=ORIENTED_EDGE('',*,*,#2079,.T.);
#2911=ORIENTED_EDGE('',*,*,#2075,.F.);
#2912=ORIENTED_EDGE('',*,*,#2080,.F.);
#2913=ORIENTED_EDGE('',*,*,#2081,.T.);
#2914=ORIENTED_EDGE('',*,*,#2082,.T.);
#2915=ORIENTED_EDGE('',*,*,#2078,.F.);
#2916=ORIENTED_EDGE('',*,*,#2083,.F.);
#2917=ORIENTED_EDGE('',*,*,#2084,.T.);
#2918=ORIENTED_EDGE('',*,*,#2085,.T.);
#2919=ORIENTED_EDGE('',*,*,#2081,.F.);
#2920=ORIENTED_EDGE('',*,*,#2086,.F.);
#2921=ORIENTED_EDGE('',*,*,#2087,.T.);
#2922=ORIENTED_EDGE('',*,*,#2088,.T.);
#2923=ORIENTED_EDGE('',*,*,#2084,.F.);
#2924=ORIENTED_EDGE('',*,*,#2089,.F.);
#2925=ORIENTED_EDGE('',*,*,#2090,.T.);
#2926=ORIENTED_EDGE('',*,*,#2091,.T.);
#2927=ORIENTED_EDGE('',*,*,#2087,.F.);
#2928=ORIENTED_EDGE('',*,*,#2092,.F.);
#2929=ORIENTED_EDGE('',*,*,#2093,.T.);
#2930=ORIENTED_EDGE('',*,*,#2094,.T.);
#2931=ORIENTED_EDGE('',*,*,#2090,.F.);
#2932=ORIENTED_EDGE('',*,*,#2095,.F.);
#2933=ORIENTED_EDGE('',*,*,#2096,.T.);
#2934=ORIENTED_EDGE('',*,*,#2097,.T.);
#2935=ORIENTED_EDGE('',*,*,#2093,.F.);
#2936=ORIENTED_EDGE('',*,*,#2098,.F.);
#2937=ORIENTED_EDGE('',*,*,#2099,.T.);
#2938=ORIENTED_EDGE('',*,*,#2100,.T.);
#2939=ORIENTED_EDGE('',*,*,#2101,.F.);
#2940=ORIENTED_EDGE('',*,*,#2102,.F.);
#2941=ORIENTED_EDGE('',*,*,#2101,.T.);
#2942=ORIENTED_EDGE('',*,*,#2103,.T.);
#2943=ORIENTED_EDGE('',*,*,#2104,.F.);
#2944=ORIENTED_EDGE('',*,*,#2105,.F.);
#2945=ORIENTED_EDGE('',*,*,#2104,.T.);
#2946=ORIENTED_EDGE('',*,*,#2106,.T.);
#2947=ORIENTED_EDGE('',*,*,#2107,.F.);
#2948=ORIENTED_EDGE('',*,*,#2108,.F.);
#2949=ORIENTED_EDGE('',*,*,#2107,.T.);
#2950=ORIENTED_EDGE('',*,*,#2109,.T.);
#2951=ORIENTED_EDGE('',*,*,#2096,.F.);
#2952=ORIENTED_EDGE('',*,*,#2110,.F.);
#2953=ORIENTED_EDGE('',*,*,#2070,.T.);
#2954=ORIENTED_EDGE('',*,*,#2111,.T.);
#2955=ORIENTED_EDGE('',*,*,#2099,.F.);
#2956=ORIENTED_EDGE('',*,*,#2109,.F.);
#2957=ORIENTED_EDGE('',*,*,#2106,.F.);
#2958=ORIENTED_EDGE('',*,*,#2103,.F.);
#2959=ORIENTED_EDGE('',*,*,#2100,.F.);
#2960=ORIENTED_EDGE('',*,*,#2111,.F.);
#2961=ORIENTED_EDGE('',*,*,#2069,.F.);
#2962=ORIENTED_EDGE('',*,*,#2066,.F.);
#2963=ORIENTED_EDGE('',*,*,#2063,.F.);
#2964=ORIENTED_EDGE('',*,*,#2060,.F.);
#2965=ORIENTED_EDGE('',*,*,#2057,.F.);
#2966=ORIENTED_EDGE('',*,*,#2054,.F.);
#2967=ORIENTED_EDGE('',*,*,#2073,.F.);
#2968=ORIENTED_EDGE('',*,*,#2076,.F.);
#2969=ORIENTED_EDGE('',*,*,#2079,.F.);
#2970=ORIENTED_EDGE('',*,*,#2082,.F.);
#2971=ORIENTED_EDGE('',*,*,#2085,.F.);
#2972=ORIENTED_EDGE('',*,*,#2088,.F.);
#2973=ORIENTED_EDGE('',*,*,#2091,.F.);
#2974=ORIENTED_EDGE('',*,*,#2094,.F.);
#2975=ORIENTED_EDGE('',*,*,#2097,.F.);
#2976=ORIENTED_EDGE('',*,*,#2112,.F.);
#2977=ORIENTED_EDGE('',*,*,#2068,.T.);
#2978=ORIENTED_EDGE('',*,*,#2110,.T.);
#2979=ORIENTED_EDGE('',*,*,#2098,.T.);
#2980=ORIENTED_EDGE('',*,*,#2102,.T.);
#2981=ORIENTED_EDGE('',*,*,#2105,.T.);
#2982=ORIENTED_EDGE('',*,*,#2108,.T.);
#2983=ORIENTED_EDGE('',*,*,#2095,.T.);
#2984=ORIENTED_EDGE('',*,*,#2092,.T.);
#2985=ORIENTED_EDGE('',*,*,#2089,.T.);
#2986=ORIENTED_EDGE('',*,*,#2086,.T.);
#2987=ORIENTED_EDGE('',*,*,#2083,.T.);
#2988=ORIENTED_EDGE('',*,*,#2080,.T.);
#2989=ORIENTED_EDGE('',*,*,#2077,.T.);
#2990=ORIENTED_EDGE('',*,*,#2074,.T.);
#2991=ORIENTED_EDGE('',*,*,#2071,.T.);
#2992=ORIENTED_EDGE('',*,*,#2052,.T.);
#2993=ORIENTED_EDGE('',*,*,#2056,.T.);
#2994=ORIENTED_EDGE('',*,*,#2059,.T.);
#2995=ORIENTED_EDGE('',*,*,#2062,.T.);
#2996=ORIENTED_EDGE('',*,*,#2065,.T.);
#2997=ORIENTED_EDGE('',*,*,#2113,.F.);
#2998=ORIENTED_EDGE('',*,*,#2114,.T.);
#2999=ORIENTED_EDGE('',*,*,#2112,.T.);
#3000=ORIENTED_EDGE('',*,*,#2114,.F.);
#3001=ORIENTED_EDGE('',*,*,#2113,.T.);
#3002=ORIENTED_EDGE('',*,*,#2115,.F.);
#3003=ORIENTED_EDGE('',*,*,#2116,.F.);
#3004=ORIENTED_EDGE('',*,*,#2117,.T.);
#3005=ORIENTED_EDGE('',*,*,#2115,.T.);
#3006=ORIENTED_EDGE('',*,*,#2117,.F.);
#3007=ORIENTED_EDGE('',*,*,#2116,.T.);
#3008=ORIENTED_EDGE('',*,*,#2118,.T.);
#3009=ORIENTED_EDGE('',*,*,#2119,.F.);
#3010=ORIENTED_EDGE('',*,*,#2118,.F.);
#3011=ORIENTED_EDGE('',*,*,#2119,.T.);
#3012=ORIENTED_EDGE('',*,*,#2120,.T.);
#3013=ORIENTED_EDGE('',*,*,#2121,.F.);
#3014=ORIENTED_EDGE('',*,*,#2122,.F.);
#3015=ORIENTED_EDGE('',*,*,#2123,.T.);
#3016=ORIENTED_EDGE('',*,*,#2124,.T.);
#3017=ORIENTED_EDGE('',*,*,#2125,.F.);
#3018=ORIENTED_EDGE('',*,*,#2126,.F.);
#3019=ORIENTED_EDGE('',*,*,#2121,.T.);
#3020=ORIENTED_EDGE('',*,*,#2127,.T.);
#3021=ORIENTED_EDGE('',*,*,#2128,.F.);
#3022=ORIENTED_EDGE('',*,*,#2129,.F.);
#3023=ORIENTED_EDGE('',*,*,#2125,.T.);
#3024=ORIENTED_EDGE('',*,*,#2130,.T.);
#3025=ORIENTED_EDGE('',*,*,#2123,.F.);
#3026=ORIENTED_EDGE('',*,*,#2131,.F.);
#3027=ORIENTED_EDGE('',*,*,#2128,.T.);
#3028=ORIENTED_EDGE('',*,*,#2120,.F.);
#3029=ORIENTED_EDGE('',*,*,#2130,.F.);
#3030=ORIENTED_EDGE('',*,*,#2127,.F.);
#3031=ORIENTED_EDGE('',*,*,#2124,.F.);
#3032=ORIENTED_EDGE('',*,*,#2132,.T.);
#3033=ORIENTED_EDGE('',*,*,#2133,.F.);
#3034=ORIENTED_EDGE('',*,*,#2134,.F.);
#3035=ORIENTED_EDGE('',*,*,#2135,.T.);
#3036=ORIENTED_EDGE('',*,*,#2136,.T.);
#3037=ORIENTED_EDGE('',*,*,#2137,.F.);
#3038=ORIENTED_EDGE('',*,*,#2138,.F.);
#3039=ORIENTED_EDGE('',*,*,#2133,.T.);
#3040=ORIENTED_EDGE('',*,*,#2139,.T.);
#3041=ORIENTED_EDGE('',*,*,#2140,.F.);
#3042=ORIENTED_EDGE('',*,*,#2141,.F.);
#3043=ORIENTED_EDGE('',*,*,#2137,.T.);
#3044=ORIENTED_EDGE('',*,*,#2142,.T.);
#3045=ORIENTED_EDGE('',*,*,#2135,.F.);
#3046=ORIENTED_EDGE('',*,*,#2143,.F.);
#3047=ORIENTED_EDGE('',*,*,#2140,.T.);
#3048=ORIENTED_EDGE('',*,*,#2132,.F.);
#3049=ORIENTED_EDGE('',*,*,#2142,.F.);
#3050=ORIENTED_EDGE('',*,*,#2139,.F.);
#3051=ORIENTED_EDGE('',*,*,#2136,.F.);
#3052=ORIENTED_EDGE('',*,*,#2122,.T.);
#3053=ORIENTED_EDGE('',*,*,#2126,.T.);
#3054=ORIENTED_EDGE('',*,*,#2129,.T.);
#3055=ORIENTED_EDGE('',*,*,#2131,.T.);
#3056=ORIENTED_EDGE('',*,*,#2143,.T.);
#3057=ORIENTED_EDGE('',*,*,#2134,.T.);
#3058=ORIENTED_EDGE('',*,*,#2138,.T.);
#3059=ORIENTED_EDGE('',*,*,#2141,.T.);
#3060=PLANE('',#3397);
#3061=PLANE('',#3401);
#3062=PLANE('',#3402);
#3063=PLANE('',#3403);
#3064=PLANE('',#3408);
#3065=PLANE('',#3410);
#3066=PLANE('',#3411);
#3067=PLANE('',#3412);
#3068=PLANE('',#3417);
#3069=PLANE('',#3424);
#3070=PLANE('',#3429);
#3071=PLANE('',#3431);
#3072=PLANE('',#3437);
#3073=PLANE('',#3441);
#3074=PLANE('',#3447);
#3075=PLANE('',#3448);
#3076=PLANE('',#3449);
#3077=PLANE('',#3450);
#3078=PLANE('',#3451);
#3079=PLANE('',#3452);
#3080=PLANE('',#3453);
#3081=PLANE('',#3454);
#3082=PLANE('',#3455);
#3083=PLANE('',#3456);
#3084=PLANE('',#3457);
#3085=PLANE('',#3458);
#3086=PLANE('',#3459);
#3087=PLANE('',#3460);
#3088=PLANE('',#3461);
#3089=PLANE('',#3462);
#3090=PLANE('',#3463);
#3091=PLANE('',#3464);
#3092=PLANE('',#3465);
#3093=PLANE('',#3466);
#3094=PLANE('',#3467);
#3095=PLANE('',#3468);
#3096=PLANE('',#3469);
#3097=PLANE('',#3470);
#3098=PLANE('',#3471);
#3099=PLANE('',#3472);
#3100=PLANE('',#3473);
#3101=PLANE('',#3474);
#3102=PLANE('',#3475);
#3103=PLANE('',#3476);
#3104=PLANE('',#3478);
#3105=PLANE('',#3479);
#3106=PLANE('',#3490);
#3107=PLANE('',#3491);
#3108=PLANE('',#3492);
#3109=PLANE('',#3493);
#3110=PLANE('',#3500);
#3111=PLANE('',#3512);
#3112=PLANE('',#3520);
#3113=PLANE('',#3522);
#3114=PLANE('',#3524);
#3115=PLANE('',#3526);
#3116=PLANE('',#3528);
#3117=PLANE('',#3535);
#3118=PLANE('',#3536);
#3119=PLANE('',#3544);
#3120=PLANE('',#3546);
#3121=PLANE('',#3548);
#3122=PLANE('',#3550);
#3123=PLANE('',#3554);
#3124=PLANE('',#3555);
#3125=PLANE('',#3556);
#3126=PLANE('',#3557);
#3127=PLANE('',#3558);
#3128=PLANE('',#3559);
#3129=PLANE('',#3560);
#3130=PLANE('',#3561);
#3131=PLANE('',#3562);
#3132=PLANE('',#3563);
#3133=PLANE('',#3564);
#3134=PLANE('',#3565);
#3135=PLANE('',#3566);
#3136=PLANE('',#3567);
#3137=PLANE('',#3568);
#3138=PLANE('',#3569);
#3139=PLANE('',#3570);
#3140=PLANE('',#3571);
#3141=PLANE('',#3572);
#3142=PLANE('',#3573);
#3143=PLANE('',#3574);
#3144=PLANE('',#3575);
#3145=PLANE('',#3576);
#3146=PLANE('',#3577);
#3147=PLANE('',#3578);
#3148=PLANE('',#3579);
#3149=PLANE('',#3580);
#3150=PLANE('',#3581);
#3151=PLANE('',#3582);
#3152=PLANE('',#3593);
#3153=PLANE('',#3595);
#3154=PLANE('',#3597);
#3155=PLANE('',#3602);
#3156=PLANE('',#3604);
#3157=PLANE('',#3606);
#3158=PLANE('',#3611);
#3159=PLANE('',#3613);
#3160=PLANE('',#3615);
#3161=PLANE('',#3617);
#3162=PLANE('',#3622);
#3163=PLANE('',#3624);
#3164=PLANE('',#3626);
#3165=PLANE('',#3631);
#3166=PLANE('',#3633);
#3167=PLANE('',#3635);
#3168=PLANE('',#3637);
#3169=PLANE('',#3643);
#3170=PLANE('',#3649);
#3171=PLANE('',#3651);
#3172=PLANE('',#3652);
#3173=PLANE('',#3653);
#3174=PLANE('',#3654);
#3175=PLANE('',#3655);
#3176=PLANE('',#3656);
#3177=PLANE('',#3657);
#3178=PLANE('',#3658);
#3179=PLANE('',#3659);
#3180=PLANE('',#3660);
#3181=PLANE('',#3661);
#3182=ADVANCED_FACE('',(#282),#3060,.F.);
#3183=ADVANCED_FACE('',(#283),#247,.T.);
#3184=ADVANCED_FACE('',(#284),#3061,.F.);
#3185=ADVANCED_FACE('',(#285),#3062,.F.);
#3186=ADVANCED_FACE('',(#286,#82,#83,#84,#85,#86,#87,#88,#89,#90,#91,#92,
#93),#3063,.F.);
#3187=ADVANCED_FACE('',(#287),#3064,.F.);
#3188=ADVANCED_FACE('',(#288),#3065,.F.);
#3189=ADVANCED_FACE('',(#289),#3066,.T.);
#3190=ADVANCED_FACE('',(#290),#3067,.T.);
#3191=ADVANCED_FACE('',(#291),#3068,.F.);
#3192=ADVANCED_FACE('',(#292),#248,.T.);
#3193=ADVANCED_FACE('',(#293),#249,.T.);
#3194=ADVANCED_FACE('',(#294),#3069,.F.);
#3195=ADVANCED_FACE('',(#295),#250,.T.);
#3196=ADVANCED_FACE('',(#296),#3070,.T.);
#3197=ADVANCED_FACE('',(#297),#251,.F.);
#3198=ADVANCED_FACE('',(#298,#94,#95,#96,#97,#98,#99,#100,#101,#102,#103,
#104,#105),#3071,.T.);
#3199=ADVANCED_FACE('',(#299),#252,.F.);
#3200=ADVANCED_FACE('',(#300),#3072,.T.);
#3201=ADVANCED_FACE('',(#301),#253,.T.);
#3202=ADVANCED_FACE('',(#302),#3073,.F.);
#3203=ADVANCED_FACE('',(#303),#254,.T.);
#3204=ADVANCED_FACE('',(#304),#255,.F.);
#3205=ADVANCED_FACE('',(#305),#256,.F.);
#3206=ADVANCED_FACE('',(#306),#257,.F.);
#3207=ADVANCED_FACE('',(#307),#258,.F.);
#3208=ADVANCED_FACE('',(#308),#3074,.F.);
#3209=ADVANCED_FACE('',(#309),#3075,.F.);
#3210=ADVANCED_FACE('',(#310),#3076,.F.);
#3211=ADVANCED_FACE('',(#311),#3077,.F.);
#3212=ADVANCED_FACE('',(#312),#3078,.F.);
#3213=ADVANCED_FACE('',(#313),#3079,.F.);
#3214=ADVANCED_FACE('',(#314),#3080,.F.);
#3215=ADVANCED_FACE('',(#315),#3081,.F.);
#3216=ADVANCED_FACE('',(#316),#3082,.F.);
#3217=ADVANCED_FACE('',(#317),#3083,.F.);
#3218=ADVANCED_FACE('',(#318),#3084,.F.);
#3219=ADVANCED_FACE('',(#319),#3085,.F.);
#3220=ADVANCED_FACE('',(#320),#3086,.F.);
#3221=ADVANCED_FACE('',(#321),#3087,.F.);
#3222=ADVANCED_FACE('',(#322),#3088,.F.);
#3223=ADVANCED_FACE('',(#323),#3089,.F.);
#3224=ADVANCED_FACE('',(#324),#3090,.F.);
#3225=ADVANCED_FACE('',(#325),#3091,.F.);
#3226=ADVANCED_FACE('',(#326),#3092,.F.);
#3227=ADVANCED_FACE('',(#327),#3093,.F.);
#3228=ADVANCED_FACE('',(#328),#3094,.F.);
#3229=ADVANCED_FACE('',(#329),#3095,.F.);
#3230=ADVANCED_FACE('',(#330),#3096,.F.);
#3231=ADVANCED_FACE('',(#331),#3097,.F.);
#3232=ADVANCED_FACE('',(#332),#3098,.F.);
#3233=ADVANCED_FACE('',(#333),#3099,.F.);
#3234=ADVANCED_FACE('',(#334),#3100,.F.);
#3235=ADVANCED_FACE('',(#335),#3101,.F.);
#3236=ADVANCED_FACE('',(#336),#3102,.F.);
#3237=ADVANCED_FACE('',(#337),#3103,.F.);
#3238=ADVANCED_FACE('',(#338),#3104,.F.);
#3239=ADVANCED_FACE('',(#339),#3105,.T.);
#3240=ADVANCED_FACE('',(#340),#3106,.F.);
#3241=ADVANCED_FACE('',(#341),#3107,.F.);
#3242=ADVANCED_FACE('',(#342,#106,#107,#108,#109,#110,#111,#112,#113),#3108,
 .T.);
#3243=ADVANCED_FACE('',(#343,#114,#115,#116,#117,#118,#119),#3109,.T.);
#3244=ADVANCED_FACE('',(#344),#3110,.T.);
#3245=ADVANCED_FACE('',(#345),#259,.T.);
#3246=ADVANCED_FACE('',(#346,#120,#121,#122,#123,#124,#125),#3111,.F.);
#3247=ADVANCED_FACE('',(#347),#260,.F.);
#3248=ADVANCED_FACE('',(#348,#126,#127,#128,#129,#130,#131,#132,#133),#3112,
 .F.);
#3249=ADVANCED_FACE('',(#349),#261,.F.);
#3250=ADVANCED_FACE('',(#350),#3113,.F.);
#3251=ADVANCED_FACE('',(#351),#262,.F.);
#3252=ADVANCED_FACE('',(#352),#3114,.F.);
#3253=ADVANCED_FACE('',(#353),#263,.F.);
#3254=ADVANCED_FACE('',(#354),#3115,.F.);
#3255=ADVANCED_FACE('',(#355),#264,.F.);
#3256=ADVANCED_FACE('',(#356,#134,#135,#136,#137,#138,#139),#3116,.F.);
#3257=ADVANCED_FACE('',(#357),#3117,.T.);
#3258=ADVANCED_FACE('',(#358,#140,#141,#142,#143,#144,#145),#3118,.T.);
#3259=ADVANCED_FACE('',(#359),#265,.T.);
#3260=ADVANCED_FACE('',(#360),#3119,.T.);
#3261=ADVANCED_FACE('',(#361),#266,.T.);
#3262=ADVANCED_FACE('',(#362),#3120,.T.);
#3263=ADVANCED_FACE('',(#363),#267,.T.);
#3264=ADVANCED_FACE('',(#364),#3121,.T.);
#3265=ADVANCED_FACE('',(#365),#268,.T.);
#3266=ADVANCED_FACE('',(#366),#3122,.F.);
#3267=ADVANCED_FACE('',(#367),#269,.F.);
#3268=ADVANCED_FACE('',(#368),#270,.F.);
#3269=ADVANCED_FACE('',(#369),#271,.F.);
#3270=ADVANCED_FACE('',(#370),#3123,.F.);
#3271=ADVANCED_FACE('',(#371),#3124,.F.);
#3272=ADVANCED_FACE('',(#372),#3125,.F.);
#3273=ADVANCED_FACE('',(#373),#3126,.F.);
#3274=ADVANCED_FACE('',(#374),#3127,.F.);
#3275=ADVANCED_FACE('',(#375),#3128,.F.);
#3276=ADVANCED_FACE('',(#376),#3129,.F.);
#3277=ADVANCED_FACE('',(#377),#3130,.F.);
#3278=ADVANCED_FACE('',(#378),#3131,.F.);
#3279=ADVANCED_FACE('',(#379),#3132,.F.);
#3280=ADVANCED_FACE('',(#380),#3133,.F.);
#3281=ADVANCED_FACE('',(#381),#3134,.F.);
#3282=ADVANCED_FACE('',(#382),#3135,.F.);
#3283=ADVANCED_FACE('',(#383),#3136,.F.);
#3284=ADVANCED_FACE('',(#384),#3137,.F.);
#3285=ADVANCED_FACE('',(#385),#3138,.F.);
#3286=ADVANCED_FACE('',(#386),#3139,.F.);
#3287=ADVANCED_FACE('',(#387),#3140,.F.);
#3288=ADVANCED_FACE('',(#388),#3141,.F.);
#3289=ADVANCED_FACE('',(#389),#3142,.F.);
#3290=ADVANCED_FACE('',(#390),#3143,.F.);
#3291=ADVANCED_FACE('',(#391),#3144,.F.);
#3292=ADVANCED_FACE('',(#392),#3145,.F.);
#3293=ADVANCED_FACE('',(#393),#3146,.F.);
#3294=ADVANCED_FACE('',(#394),#3147,.F.);
#3295=ADVANCED_FACE('',(#395),#3148,.F.);
#3296=ADVANCED_FACE('',(#396),#3149,.F.);
#3297=ADVANCED_FACE('',(#397),#3150,.F.);
#3298=ADVANCED_FACE('',(#398),#3151,.F.);
#3299=ADVANCED_FACE('',(#399),#272,.F.);
#3300=ADVANCED_FACE('',(#400),#273,.F.);
#3301=ADVANCED_FACE('',(#401),#274,.F.);
#3302=ADVANCED_FACE('',(#402),#275,.F.);
#3303=ADVANCED_FACE('',(#403),#276,.F.);
#3304=ADVANCED_FACE('',(#404),#277,.F.);
#3305=ADVANCED_FACE('',(#405),#278,.F.);
#3306=ADVANCED_FACE('',(#406),#279,.F.);
#3307=ADVANCED_FACE('',(#407),#280,.F.);
#3308=ADVANCED_FACE('',(#408),#3152,.F.);
#3309=ADVANCED_FACE('',(#409),#3153,.F.);
#3310=ADVANCED_FACE('',(#410),#3154,.F.);
#3311=ADVANCED_FACE('',(#411),#53,.F.);
#3312=ADVANCED_FACE('',(#412),#3155,.F.);
#3313=ADVANCED_FACE('',(#413),#3156,.F.);
#3314=ADVANCED_FACE('',(#414),#3157,.F.);
#3315=ADVANCED_FACE('',(#415),#54,.F.);
#3316=ADVANCED_FACE('',(#416),#3158,.F.);
#3317=ADVANCED_FACE('',(#417),#3159,.F.);
#3318=ADVANCED_FACE('',(#418),#3160,.F.);
#3319=ADVANCED_FACE('',(#419),#3161,.F.);
#3320=ADVANCED_FACE('',(#420),#55,.F.);
#3321=ADVANCED_FACE('',(#421),#3162,.F.);
#3322=ADVANCED_FACE('',(#422),#3163,.F.);
#3323=ADVANCED_FACE('',(#423),#3164,.F.);
#3324=ADVANCED_FACE('',(#424),#56,.F.);
#3325=ADVANCED_FACE('',(#425),#3165,.F.);
#3326=ADVANCED_FACE('',(#426),#3166,.F.);
#3327=ADVANCED_FACE('',(#427),#3167,.F.);
#3328=ADVANCED_FACE('',(#428),#3168,.T.);
#3329=ADVANCED_FACE('',(#429,#146),#52,.T.);
#3330=ADVANCED_FACE('',(#430),#51,.T.);
#3331=ADVANCED_FACE('',(#431,#147),#3169,.T.);
#3332=ADVANCED_FACE('',(#432),#281,.T.);
#3333=ADVANCED_FACE('',(#433),#57,.T.);
#3334=ADVANCED_FACE('',(#434),#3170,.T.);
#3335=ADVANCED_FACE('',(#435),#3171,.T.);
#3336=ADVANCED_FACE('',(#436),#3172,.T.);
#3337=ADVANCED_FACE('',(#437),#3173,.T.);
#3338=ADVANCED_FACE('',(#438),#3174,.T.);
#3339=ADVANCED_FACE('',(#439),#3175,.F.);
#3340=ADVANCED_FACE('',(#440),#3176,.T.);
#3341=ADVANCED_FACE('',(#441),#3177,.T.);
#3342=ADVANCED_FACE('',(#442),#3178,.T.);
#3343=ADVANCED_FACE('',(#443),#3179,.T.);
#3344=ADVANCED_FACE('',(#444,#148),#3180,.T.);
#3345=ADVANCED_FACE('',(#445),#3181,.F.);
#3346=CLOSED_SHELL('',(#3182,#3183,#3184,#3185,#3186,#3187,#3188,#3189,
#3190,#3191,#3192,#3193,#3194,#3195,#3196,#3197,#3198,#3199,#3200,#3201,
#3202,#3203,#3204,#3205,#3206,#3207,#3208,#3209,#3210,#3211,#3212,#3213,
#3214,#3215,#3216,#3217,#3218,#3219,#3220,#3221,#3222,#3223,#3224,#3225,
#3226,#3227,#3228,#3229,#3230,#3231,#3232,#3233,#3234,#3235,#3236,#3237));
#3347=CLOSED_SHELL('',(#3238,#3239,#3240,#3241,#3242,#3243,#3244,#3245,
#3246,#3247,#3248,#3249,#3250,#3251,#3252,#3253,#3254,#3255,#3256,#3257,
#3258,#3259,#3260,#3261,#3262,#3263,#3264,#3265,#3266,#3267,#3268,#3269,
#3270,#3271,#3272,#3273,#3274,#3275,#3276,#3277,#3278,#3279,#3280,#3281,
#3282,#3283,#3284,#3285,#3286,#3287,#3288,#3289,#3290,#3291,#3292,#3293,
#3294,#3295,#3296,#3297,#3298,#3299,#3300,#3301,#3302,#3303,#3304,#3305,
#3306,#3307));
#3348=CLOSED_SHELL('',(#3308,#3309,#3310,#3311,#3312,#3313,#3314,#3315,
#3316,#3317,#3318,#3319,#3320,#3321,#3322,#3323,#3324,#3325,#3326,#3327,
#3328,#3329,#3330,#3331,#3332,#3333,#3334));
#3349=CLOSED_SHELL('',(#3335,#3336,#3337,#3338,#3339,#3340,#3341,#3342,
#3343,#3344,#3345));
#3350=DERIVED_UNIT_ELEMENT(#3358,1.);
#3351=DERIVED_UNIT_ELEMENT(#5549,-3.);
#3352=DERIVED_UNIT_ELEMENT(#3358,1.);
#3353=DERIVED_UNIT_ELEMENT(#5549,-3.);
#3354=DERIVED_UNIT_ELEMENT(#3358,1.);
#3355=DERIVED_UNIT_ELEMENT(#5549,-3.);
#3356=DERIVED_UNIT_ELEMENT(#3358,1.);
#3357=DERIVED_UNIT_ELEMENT(#5549,-3.);
#3358=(
MASS_UNIT()
NAMED_UNIT(*)
SI_UNIT(.KILO.,.GRAM.)
);
#3359=DERIVED_UNIT((#3350,#3351));
#3360=DERIVED_UNIT((#3352,#3353));
#3361=DERIVED_UNIT((#3354,#3355));
#3362=DERIVED_UNIT((#3356,#3357));
#3363=MEASURE_REPRESENTATION_ITEM('density measure',
POSITIVE_RATIO_MEASURE(1000.),#3359);
#3364=MEASURE_REPRESENTATION_ITEM('density measure',
POSITIVE_RATIO_MEASURE(1000.),#3360);
#3365=MEASURE_REPRESENTATION_ITEM('density measure',
POSITIVE_RATIO_MEASURE(1000.),#3361);
#3366=MEASURE_REPRESENTATION_ITEM('density measure',
POSITIVE_RATIO_MEASURE(1000.),#3362);
#3367=PROPERTY_DEFINITION_REPRESENTATION(#3387,#3375);
#3368=PROPERTY_DEFINITION_REPRESENTATION(#3388,#3376);
#3369=PROPERTY_DEFINITION_REPRESENTATION(#3389,#3377);
#3370=PROPERTY_DEFINITION_REPRESENTATION(#3390,#3378);
#3371=PROPERTY_DEFINITION_REPRESENTATION(#3391,#3379);
#3372=PROPERTY_DEFINITION_REPRESENTATION(#3392,#3380);
#3373=PROPERTY_DEFINITION_REPRESENTATION(#3393,#3381);
#3374=PROPERTY_DEFINITION_REPRESENTATION(#3394,#3382);
#3375=REPRESENTATION('material name',(#3383),#5543);
#3376=REPRESENTATION('density',(#3363),#5543);
#3377=REPRESENTATION('material name',(#3384),#5544);
#3378=REPRESENTATION('density',(#3364),#5544);
#3379=REPRESENTATION('material name',(#3385),#5545);
#3380=REPRESENTATION('density',(#3365),#5545);
#3381=REPRESENTATION('material name',(#3386),#5546);
#3382=REPRESENTATION('density',(#3366),#5546);
#3383=DESCRIPTIVE_REPRESENTATION_ITEM('Generic','Generic');
#3384=DESCRIPTIVE_REPRESENTATION_ITEM('Generic','Generic');
#3385=DESCRIPTIVE_REPRESENTATION_ITEM('Generic','Generic');
#3386=DESCRIPTIVE_REPRESENTATION_ITEM('Generic','Generic');
#3387=PROPERTY_DEFINITION('material property','material name',#5579);
#3388=PROPERTY_DEFINITION('material property','density of part',#5579);
#3389=PROPERTY_DEFINITION('material property','material name',#5580);
#3390=PROPERTY_DEFINITION('material property','density of part',#5580);
#3391=PROPERTY_DEFINITION('material property','material name',#5581);
#3392=PROPERTY_DEFINITION('material property','density of part',#5581);
#3393=PROPERTY_DEFINITION('material property','material name',#5582);
#3394=PROPERTY_DEFINITION('material property','density of part',#5582);
#3395=AXIS2_PLACEMENT_3D('',#4578,#3672,#3673);
#3396=AXIS2_PLACEMENT_3D('',#4579,#3674,#3675);
#3397=AXIS2_PLACEMENT_3D('',#4580,#3676,#3677);
#3398=AXIS2_PLACEMENT_3D('',#4589,#3682,#3683);
#3399=AXIS2_PLACEMENT_3D('',#4592,#3684,#3685);
#3400=AXIS2_PLACEMENT_3D('',#4596,#3687,#3688);
#3401=AXIS2_PLACEMENT_3D('',#4598,#3690,#3691);
#3402=AXIS2_PLACEMENT_3D('',#4607,#3696,#3697);
#3403=AXIS2_PLACEMENT_3D('',#4613,#3701,#3702);
#3404=AXIS2_PLACEMENT_3D('',#4679,#3735,#3736);
#3405=AXIS2_PLACEMENT_3D('',#4681,#3737,#3738);
#3406=AXIS2_PLACEMENT_3D('',#4683,#3739,#3740);
#3407=AXIS2_PLACEMENT_3D('',#4685,#3741,#3742);
#3408=AXIS2_PLACEMENT_3D('',#4689,#3745,#3746);
#3409=AXIS2_PLACEMENT_3D('',#4699,#3751,#3752);
#3410=AXIS2_PLACEMENT_3D('',#4701,#3754,#3755);
#3411=AXIS2_PLACEMENT_3D('',#4707,#3759,#3760);
#3412=AXIS2_PLACEMENT_3D('',#4709,#3762,#3763);
#3413=AXIS2_PLACEMENT_3D('',#4717,#3767,#3768);
#3414=AXIS2_PLACEMENT_3D('',#4718,#3769,#3770);
#3415=AXIS2_PLACEMENT_3D('',#4722,#3772,#3773);
#3416=AXIS2_PLACEMENT_3D('',#4725,#3775,#3776);
#3417=AXIS2_PLACEMENT_3D('',#4726,#3777,#3778);
#3418=AXIS2_PLACEMENT_3D('',#4727,#3779,#3780);
#3419=AXIS2_PLACEMENT_3D('',#4731,#3782,#3783);
#3420=AXIS2_PLACEMENT_3D('',#4735,#3786,#3787);
#3421=AXIS2_PLACEMENT_3D('',#4736,#3788,#3789);
#3422=AXIS2_PLACEMENT_3D('',#4737,#3790,#3791);
#3423=AXIS2_PLACEMENT_3D('',#4738,#3792,#3793);
#3424=AXIS2_PLACEMENT_3D('',#4739,#3794,#3795);
#3425=AXIS2_PLACEMENT_3D('',#4745,#3798,#3799);
#3426=AXIS2_PLACEMENT_3D('',#4749,#3801,#3802);
#3427=AXIS2_PLACEMENT_3D('',#4753,#3805,#3806);
#3428=AXIS2_PLACEMENT_3D('',#4754,#3807,#3808);
#3429=AXIS2_PLACEMENT_3D('',#4755,#3809,#3810);
#3430=AXIS2_PLACEMENT_3D('',#4757,#3812,#3813);
#3431=AXIS2_PLACEMENT_3D('',#4759,#3815,#3816);
#3432=AXIS2_PLACEMENT_3D('',#4818,#3846,#3847);
#3433=AXIS2_PLACEMENT_3D('',#4820,#3848,#3849);
#3434=AXIS2_PLACEMENT_3D('',#4822,#3850,#3851);
#3435=AXIS2_PLACEMENT_3D('',#4824,#3852,#3853);
#3436=AXIS2_PLACEMENT_3D('',#4828,#3856,#3857);
#3437=AXIS2_PLACEMENT_3D('',#4830,#3859,#3860);
#3438=AXIS2_PLACEMENT_3D('',#4831,#3861,#3862);
#3439=AXIS2_PLACEMENT_3D('',#4833,#3863,#3864);
#3440=AXIS2_PLACEMENT_3D('',#4835,#3866,#3867);
#3441=AXIS2_PLACEMENT_3D('',#4837,#3869,#3870);
#3442=AXIS2_PLACEMENT_3D('',#4838,#3871,#3872);
#3443=AXIS2_PLACEMENT_3D('',#4839,#3873,#3874);
#3444=AXIS2_PLACEMENT_3D('',#4841,#3876,#3877);
#3445=AXIS2_PLACEMENT_3D('',#4843,#3879,#3880);
#3446=AXIS2_PLACEMENT_3D('',#4845,#3882,#3883);
#3447=AXIS2_PLACEMENT_3D('',#4847,#3885,#3886);
#3448=AXIS2_PLACEMENT_3D('',#4850,#3889,#3890);
#3449=AXIS2_PLACEMENT_3D('',#4852,#3892,#3893);
#3450=AXIS2_PLACEMENT_3D('',#4854,#3895,#3896);
#3451=AXIS2_PLACEMENT_3D('',#4855,#3897,#3898);
#3452=AXIS2_PLACEMENT_3D('',#4858,#3901,#3902);
#3453=AXIS2_PLACEMENT_3D('',#4860,#3904,#3905);
#3454=AXIS2_PLACEMENT_3D('',#4862,#3907,#3908);
#3455=AXIS2_PLACEMENT_3D('',#4863,#3909,#3910);
#3456=AXIS2_PLACEMENT_3D('',#4866,#3913,#3914);
#3457=AXIS2_PLACEMENT_3D('',#4868,#3916,#3917);
#3458=AXIS2_PLACEMENT_3D('',#4870,#3919,#3920);
#3459=AXIS2_PLACEMENT_3D('',#4871,#3921,#3922);
#3460=AXIS2_PLACEMENT_3D('',#4874,#3925,#3926);
#3461=AXIS2_PLACEMENT_3D('',#4876,#3928,#3929);
#3462=AXIS2_PLACEMENT_3D('',#4878,#3931,#3932);
#3463=AXIS2_PLACEMENT_3D('',#4879,#3933,#3934);
#3464=AXIS2_PLACEMENT_3D('',#4882,#3937,#3938);
#3465=AXIS2_PLACEMENT_3D('',#4884,#3940,#3941);
#3466=AXIS2_PLACEMENT_3D('',#4886,#3943,#3944);
#3467=AXIS2_PLACEMENT_3D('',#4887,#3945,#3946);
#3468=AXIS2_PLACEMENT_3D('',#4890,#3949,#3950);
#3469=AXIS2_PLACEMENT_3D('',#4892,#3952,#3953);
#3470=AXIS2_PLACEMENT_3D('',#4894,#3955,#3956);
#3471=AXIS2_PLACEMENT_3D('',#4895,#3957,#3958);
#3472=AXIS2_PLACEMENT_3D('',#4898,#3961,#3962);
#3473=AXIS2_PLACEMENT_3D('',#4900,#3964,#3965);
#3474=AXIS2_PLACEMENT_3D('',#4902,#3967,#3968);
#3475=AXIS2_PLACEMENT_3D('',#4903,#3969,#3970);
#3476=AXIS2_PLACEMENT_3D('',#4905,#3972,#3973);
#3477=AXIS2_PLACEMENT_3D('',#4906,#3974,#3975);
#3478=AXIS2_PLACEMENT_3D('',#4907,#3976,#3977);
#3479=AXIS2_PLACEMENT_3D('',#4916,#3982,#3983);
#3480=AXIS2_PLACEMENT_3D('',#4919,#3984,#3985);
#3481=AXIS2_PLACEMENT_3D('',#4923,#3987,#3988);
#3482=AXIS2_PLACEMENT_3D('',#4927,#3990,#3991);
#3483=AXIS2_PLACEMENT_3D('',#4931,#3993,#3994);
#3484=AXIS2_PLACEMENT_3D('',#4935,#3996,#3997);
#3485=AXIS2_PLACEMENT_3D('',#4940,#4000,#4001);
#3486=AXIS2_PLACEMENT_3D('',#4944,#4003,#4004);
#3487=AXIS2_PLACEMENT_3D('',#4948,#4006,#4007);
#3488=AXIS2_PLACEMENT_3D('',#4952,#4009,#4010);
#3489=AXIS2_PLACEMENT_3D('',#4956,#4012,#4013);
#3490=AXIS2_PLACEMENT_3D('',#4962,#4017,#4018);
#3491=AXIS2_PLACEMENT_3D('',#4971,#4023,#4024);
#3492=AXIS2_PLACEMENT_3D('',#4977,#4028,#4029);
#3493=AXIS2_PLACEMENT_3D('',#5042,#4063,#4064);
#3494=AXIS2_PLACEMENT_3D('',#5047,#4067,#4068);
#3495=AXIS2_PLACEMENT_3D('',#5049,#4069,#4070);
#3496=AXIS2_PLACEMENT_3D('',#5051,#4071,#4072);
#3497=AXIS2_PLACEMENT_3D('',#5053,#4073,#4074);
#3498=AXIS2_PLACEMENT_3D('',#5055,#4075,#4076);
#3499=AXIS2_PLACEMENT_3D('',#5057,#4077,#4078);
#3500=AXIS2_PLACEMENT_3D('',#5058,#4079,#4080);
#3501=AXIS2_PLACEMENT_3D('',#5063,#4082,#4083);
#3502=AXIS2_PLACEMENT_3D('',#5067,#4085,#4086);
#3503=AXIS2_PLACEMENT_3D('',#5071,#4088,#4089);
#3504=AXIS2_PLACEMENT_3D('',#5074,#4091,#4092);
#3505=AXIS2_PLACEMENT_3D('',#5075,#4093,#4094);
#3506=AXIS2_PLACEMENT_3D('',#5079,#4096,#4097);
#3507=AXIS2_PLACEMENT_3D('',#5083,#4099,#4100);
#3508=AXIS2_PLACEMENT_3D('',#5087,#4102,#4103);
#3509=AXIS2_PLACEMENT_3D('',#5091,#4105,#4106);
#3510=AXIS2_PLACEMENT_3D('',#5095,#4108,#4109);
#3511=AXIS2_PLACEMENT_3D('',#5099,#4112,#4113);
#3512=AXIS2_PLACEMENT_3D('',#5100,#4114,#4115);
#3513=AXIS2_PLACEMENT_3D('',#5103,#4117,#4118);
#3514=AXIS2_PLACEMENT_3D('',#5105,#4119,#4120);
#3515=AXIS2_PLACEMENT_3D('',#5107,#4121,#4122);
#3516=AXIS2_PLACEMENT_3D('',#5109,#4123,#4124);
#3517=AXIS2_PLACEMENT_3D('',#5111,#4125,#4126);
#3518=AXIS2_PLACEMENT_3D('',#5113,#4127,#4128);
#3519=AXIS2_PLACEMENT_3D('',#5114,#4129,#4130);
#3520=AXIS2_PLACEMENT_3D('',#5116,#4132,#4133);
#3521=AXIS2_PLACEMENT_3D('',#5177,#4165,#4166);
#3522=AXIS2_PLACEMENT_3D('',#5179,#4168,#4169);
#3523=AXIS2_PLACEMENT_3D('',#5181,#4171,#4172);
#3524=AXIS2_PLACEMENT_3D('',#5183,#4174,#4175);
#3525=AXIS2_PLACEMENT_3D('',#5185,#4177,#4178);
#3526=AXIS2_PLACEMENT_3D('',#5187,#4180,#4181);
#3527=AXIS2_PLACEMENT_3D('',#5189,#4183,#4184);
#3528=AXIS2_PLACEMENT_3D('',#5191,#4186,#4187);
#3529=AXIS2_PLACEMENT_3D('',#5194,#4189,#4190);
#3530=AXIS2_PLACEMENT_3D('',#5196,#4191,#4192);
#3531=AXIS2_PLACEMENT_3D('',#5198,#4193,#4194);
#3532=AXIS2_PLACEMENT_3D('',#5200,#4195,#4196);
#3533=AXIS2_PLACEMENT_3D('',#5202,#4197,#4198);
#3534=AXIS2_PLACEMENT_3D('',#5204,#4199,#4200);
#3535=AXIS2_PLACEMENT_3D('',#5205,#4201,#4202);
#3536=AXIS2_PLACEMENT_3D('',#5207,#4204,#4205);
#3537=AXIS2_PLACEMENT_3D('',#5210,#4207,#4208);
#3538=AXIS2_PLACEMENT_3D('',#5212,#4209,#4210);
#3539=AXIS2_PLACEMENT_3D('',#5214,#4211,#4212);
#3540=AXIS2_PLACEMENT_3D('',#5216,#4213,#4214);
#3541=AXIS2_PLACEMENT_3D('',#5218,#4215,#4216);
#3542=AXIS2_PLACEMENT_3D('',#5220,#4217,#4218);
#3543=AXIS2_PLACEMENT_3D('',#5221,#4219,#4220);
#3544=AXIS2_PLACEMENT_3D('',#5223,#4222,#4223);
#3545=AXIS2_PLACEMENT_3D('',#5225,#4225,#4226);
#3546=AXIS2_PLACEMENT_3D('',#5227,#4228,#4229);
#3547=AXIS2_PLACEMENT_3D('',#5229,#4231,#4232);
#3548=AXIS2_PLACEMENT_3D('',#5231,#4234,#4235);
#3549=AXIS2_PLACEMENT_3D('',#5233,#4237,#4238);
#3550=AXIS2_PLACEMENT_3D('',#5234,#4239,#4240);
#3551=AXIS2_PLACEMENT_3D('',#5237,#4243,#4244);
#3552=AXIS2_PLACEMENT_3D('',#5239,#4246,#4247);
#3553=AXIS2_PLACEMENT_3D('',#5241,#4249,#4250);
#3554=AXIS2_PLACEMENT_3D('',#5243,#4252,#4253);
#3555=AXIS2_PLACEMENT_3D('',#5245,#4255,#4256);
#3556=AXIS2_PLACEMENT_3D('',#5246,#4257,#4258);
#3557=AXIS2_PLACEMENT_3D('',#5249,#4261,#4262);
#3558=AXIS2_PLACEMENT_3D('',#5251,#4264,#4265);
#3559=AXIS2_PLACEMENT_3D('',#5253,#4267,#4268);
#3560=AXIS2_PLACEMENT_3D('',#5254,#4269,#4270);
#3561=AXIS2_PLACEMENT_3D('',#5257,#4273,#4274);
#3562=AXIS2_PLACEMENT_3D('',#5259,#4276,#4277);
#3563=AXIS2_PLACEMENT_3D('',#5261,#4279,#4280);
#3564=AXIS2_PLACEMENT_3D('',#5262,#4281,#4282);
#3565=AXIS2_PLACEMENT_3D('',#5265,#4285,#4286);
#3566=AXIS2_PLACEMENT_3D('',#5267,#4288,#4289);
#3567=AXIS2_PLACEMENT_3D('',#5269,#4291,#4292);
#3568=AXIS2_PLACEMENT_3D('',#5270,#4293,#4294);
#3569=AXIS2_PLACEMENT_3D('',#5273,#4297,#4298);
#3570=AXIS2_PLACEMENT_3D('',#5275,#4300,#4301);
#3571=AXIS2_PLACEMENT_3D('',#5277,#4303,#4304);
#3572=AXIS2_PLACEMENT_3D('',#5278,#4305,#4306);
#3573=AXIS2_PLACEMENT_3D('',#5281,#4309,#4310);
#3574=AXIS2_PLACEMENT_3D('',#5283,#4312,#4313);
#3575=AXIS2_PLACEMENT_3D('',#5285,#4315,#4316);
#3576=AXIS2_PLACEMENT_3D('',#5286,#4317,#4318);
#3577=AXIS2_PLACEMENT_3D('',#5289,#4321,#4322);
#3578=AXIS2_PLACEMENT_3D('',#5291,#4324,#4325);
#3579=AXIS2_PLACEMENT_3D('',#5293,#4327,#4328);
#3580=AXIS2_PLACEMENT_3D('',#5294,#4329,#4330);
#3581=AXIS2_PLACEMENT_3D('',#5296,#4332,#4333);
#3582=AXIS2_PLACEMENT_3D('',#5298,#4335,#4336);
#3583=AXIS2_PLACEMENT_3D('',#5299,#4337,#4338);
#3584=AXIS2_PLACEMENT_3D('',#5301,#4340,#4341);
#3585=AXIS2_PLACEMENT_3D('',#5303,#4343,#4344);
#3586=AXIS2_PLACEMENT_3D('',#5305,#4346,#4347);
#3587=AXIS2_PLACEMENT_3D('',#5307,#4349,#4350);
#3588=AXIS2_PLACEMENT_3D('',#5309,#4352,#4353);
#3589=AXIS2_PLACEMENT_3D('',#5311,#4355,#4356);
#3590=AXIS2_PLACEMENT_3D('',#5313,#4358,#4359);
#3591=AXIS2_PLACEMENT_3D('',#5315,#4361,#4362);
#3592=AXIS2_PLACEMENT_3D('',#5317,#4364,#4365);
#3593=AXIS2_PLACEMENT_3D('',#5318,#4366,#4367);
#3594=AXIS2_PLACEMENT_3D('',#5321,#4368,#4369);
#3595=AXIS2_PLACEMENT_3D('',#5327,#4373,#4374);
#3596=AXIS2_PLACEMENT_3D('',#5329,#4375,#4376);
#3597=AXIS2_PLACEMENT_3D('',#5333,#4379,#4380);
#3598=AXIS2_PLACEMENT_3D('',#5335,#4381,#4382);
#3599=AXIS2_PLACEMENT_3D('',#5341,#4384,#4385);
#3600=AXIS2_PLACEMENT_3D('',#5343,#4386,#4387);
#3601=AXIS2_PLACEMENT_3D('',#5345,#4388,#4389);
#3602=AXIS2_PLACEMENT_3D('',#5349,#4390,#4391);
#3603=AXIS2_PLACEMENT_3D('',#5351,#4392,#4393);
#3604=AXIS2_PLACEMENT_3D('',#5355,#4396,#4397);
#3605=AXIS2_PLACEMENT_3D('',#5357,#4398,#4399);
#3606=AXIS2_PLACEMENT_3D('',#5361,#4402,#4403);
#3607=AXIS2_PLACEMENT_3D('',#5363,#4404,#4405);
#3608=AXIS2_PLACEMENT_3D('',#5369,#4407,#4408);
#3609=AXIS2_PLACEMENT_3D('',#5371,#4409,#4410);
#3610=AXIS2_PLACEMENT_3D('',#5376,#4411,#4412);
#3611=AXIS2_PLACEMENT_3D('',#5377,#4413,#4414);
#3612=AXIS2_PLACEMENT_3D('',#5379,#4415,#4416);
#3613=AXIS2_PLACEMENT_3D('',#5383,#4419,#4420);
#3614=AXIS2_PLACEMENT_3D('',#5385,#4421,#4422);
#3615=AXIS2_PLACEMENT_3D('',#5389,#4425,#4426);
#3616=AXIS2_PLACEMENT_3D('',#5391,#4427,#4428);
#3617=AXIS2_PLACEMENT_3D('',#5395,#4431,#4432);
#3618=AXIS2_PLACEMENT_3D('',#5397,#4433,#4434);
#3619=AXIS2_PLACEMENT_3D('',#5403,#4436,#4437);
#3620=AXIS2_PLACEMENT_3D('',#5405,#4438,#4439);
#3621=AXIS2_PLACEMENT_3D('',#5410,#4440,#4441);
#3622=AXIS2_PLACEMENT_3D('',#5411,#4442,#4443);
#3623=AXIS2_PLACEMENT_3D('',#5413,#4444,#4445);
#3624=AXIS2_PLACEMENT_3D('',#5417,#4448,#4449);
#3625=AXIS2_PLACEMENT_3D('',#5419,#4450,#4451);
#3626=AXIS2_PLACEMENT_3D('',#5423,#4454,#4455);
#3627=AXIS2_PLACEMENT_3D('',#5426,#4456,#4457);
#3628=AXIS2_PLACEMENT_3D('',#5434,#4460,#4461);
#3629=AXIS2_PLACEMENT_3D('',#5436,#4462,#4463);
#3630=AXIS2_PLACEMENT_3D('',#5438,#4464,#4465);
#3631=AXIS2_PLACEMENT_3D('',#5442,#4466,#4467);
#3632=AXIS2_PLACEMENT_3D('',#5444,#4468,#4469);
#3633=AXIS2_PLACEMENT_3D('',#5448,#4472,#4473);
#3634=AXIS2_PLACEMENT_3D('',#5449,#4474,#4475);
#3635=AXIS2_PLACEMENT_3D('',#5451,#4477,#4478);
#3636=AXIS2_PLACEMENT_3D('',#5452,#4479,#4480);
#3637=AXIS2_PLACEMENT_3D('',#5454,#4482,#4483);
#3638=AXIS2_PLACEMENT_3D('',#5455,#4484,#4485);
#3639=AXIS2_PLACEMENT_3D('',#5457,#4486,#4487);
#3640=AXIS2_PLACEMENT_3D('',#5458,#4488,#4489);
#3641=AXIS2_PLACEMENT_3D('',#5460,#4490,#4491);
#3642=AXIS2_PLACEMENT_3D('',#5461,#4492,#4493);
#3643=AXIS2_PLACEMENT_3D('',#5462,#4494,#4495);
#3644=AXIS2_PLACEMENT_3D('',#5464,#4496,#4497);
#3645=AXIS2_PLACEMENT_3D('',#5465,#4498,#4499);
#3646=AXIS2_PLACEMENT_3D('',#5467,#4500,#4501);
#3647=AXIS2_PLACEMENT_3D('',#5469,#4503,#4504);
#3648=AXIS2_PLACEMENT_3D('',#5472,#4506,#4507);
#3649=AXIS2_PLACEMENT_3D('',#5473,#4508,#4509);
#3650=AXIS2_PLACEMENT_3D('',#5474,#4510,#4511);
#3651=AXIS2_PLACEMENT_3D('',#5475,#4512,#4513);
#3652=AXIS2_PLACEMENT_3D('',#5484,#4518,#4519);
#3653=AXIS2_PLACEMENT_3D('',#5490,#4523,#4524);
#3654=AXIS2_PLACEMENT_3D('',#5496,#4528,#4529);
#3655=AXIS2_PLACEMENT_3D('',#5499,#4532,#4533);
#3656=AXIS2_PLACEMENT_3D('',#5500,#4534,#4535);
#3657=AXIS2_PLACEMENT_3D('',#5509,#4540,#4541);
#3658=AXIS2_PLACEMENT_3D('',#5515,#4545,#4546);
#3659=AXIS2_PLACEMENT_3D('',#5521,#4550,#4551);
#3660=AXIS2_PLACEMENT_3D('',#5524,#4554,#4555);
#3661=AXIS2_PLACEMENT_3D('',#5525,#4556,#4557);
#3662=AXIS2_PLACEMENT_3D('',#5526,#4558,#4559);
#3663=AXIS2_PLACEMENT_3D('',#5527,#4560,#4561);
#3664=AXIS2_PLACEMENT_3D('',#5528,#4562,#4563);
#3665=AXIS2_PLACEMENT_3D('',#5529,#4564,#4565);
#3666=AXIS2_PLACEMENT_3D('',#5530,#4566,#4567);
#3667=AXIS2_PLACEMENT_3D('',#5531,#4568,#4569);
#3668=AXIS2_PLACEMENT_3D('',#5532,#4570,#4571);
#3669=AXIS2_PLACEMENT_3D('',#5533,#4572,#4573);
#3670=AXIS2_PLACEMENT_3D('',#5534,#4574,#4575);
#3671=AXIS2_PLACEMENT_3D('',#5535,#4576,#4577);
#3672=DIRECTION('axis',(0.,0.,1.));
#3673=DIRECTION('refdir',(1.,0.,0.));
#3674=DIRECTION('axis',(0.,0.,1.));
#3675=DIRECTION('refdir',(1.,0.,0.));
#3676=DIRECTION('center_axis',(0.,0.,-1.));
#3677=DIRECTION('ref_axis',(-1.,0.,0.));
#3678=DIRECTION('',(0.,-1.,0.));
#3679=DIRECTION('',(-1.,0.,0.));
#3680=DIRECTION('',(0.,1.,0.));
#3681=DIRECTION('',(1.,0.,0.));
#3682=DIRECTION('center_axis',(-1.,0.,0.));
#3683=DIRECTION('ref_axis',(0.,0.,-1.));
#3684=DIRECTION('center_axis',(1.,0.,0.));
#3685=DIRECTION('ref_axis',(0.,0.,-1.));
#3686=DIRECTION('',(1.,0.,0.));
#3687=DIRECTION('center_axis',(1.,0.,0.));
#3688=DIRECTION('ref_axis',(0.,0.,-1.));
#3689=DIRECTION('',(1.,0.,0.));
#3690=DIRECTION('center_axis',(1.,0.,0.));
#3691=DIRECTION('ref_axis',(0.,0.,-1.));
#3692=DIRECTION('',(0.,0.,-1.));
#3693=DIRECTION('',(0.,1.,0.));
#3694=DIRECTION('',(0.,0.,-1.));
#3695=DIRECTION('',(0.,1.,0.));
#3696=DIRECTION('center_axis',(0.,1.,0.));
#3697=DIRECTION('ref_axis',(0.,0.,1.));
#3698=DIRECTION('',(1.,0.,0.));
#3699=DIRECTION('',(0.,0.,-1.));
#3700=DIRECTION('',(-1.,0.,0.));
#3701=DIRECTION('center_axis',(0.,0.,1.));
#3702=DIRECTION('ref_axis',(1.,0.,0.));
#3703=DIRECTION('',(-1.,0.,0.));
#3704=DIRECTION('',(0.,-1.,0.));
#3705=DIRECTION('',(-1.,0.,0.));
#3706=DIRECTION('',(0.,-1.,0.));
#3707=DIRECTION('',(1.,0.,0.));
#3708=DIRECTION('',(0.,1.,0.));
#3709=DIRECTION('',(-1.,0.,0.));
#3710=DIRECTION('',(0.,-1.,0.));
#3711=DIRECTION('',(1.,0.,0.));
#3712=DIRECTION('',(0.,1.,0.));
#3713=DIRECTION('',(-1.,0.,0.));
#3714=DIRECTION('',(0.,-1.,0.));
#3715=DIRECTION('',(1.,0.,0.));
#3716=DIRECTION('',(0.,1.,0.));
#3717=DIRECTION('',(-1.,0.,0.));
#3718=DIRECTION('',(0.,-1.,0.));
#3719=DIRECTION('',(1.,0.,0.));
#3720=DIRECTION('',(0.,1.,0.));
#3721=DIRECTION('',(-1.,0.,0.));
#3722=DIRECTION('',(0.,-1.,0.));
#3723=DIRECTION('',(1.,0.,0.));
#3724=DIRECTION('',(0.,1.,0.));
#3725=DIRECTION('',(-1.,0.,0.));
#3726=DIRECTION('',(0.,-1.,0.));
#3727=DIRECTION('',(1.,0.,0.));
#3728=DIRECTION('',(0.,1.,0.));
#3729=DIRECTION('',(-1.,0.,0.));
#3730=DIRECTION('',(0.,-1.,0.));
#3731=DIRECTION('',(1.,0.,0.));
#3732=DIRECTION('',(0.,1.,0.));
#3733=DIRECTION('',(-1.,0.,0.));
#3734=DIRECTION('',(0.,-1.,0.));
#3735=DIRECTION('center_axis',(0.,0.,1.));
#3736=DIRECTION('ref_axis',(1.,0.,0.));
#3737=DIRECTION('center_axis',(0.,0.,1.));
#3738=DIRECTION('ref_axis',(1.,0.,0.));
#3739=DIRECTION('center_axis',(0.,0.,1.));
#3740=DIRECTION('ref_axis',(1.,0.,0.));
#3741=DIRECTION('center_axis',(0.,0.,1.));
#3742=DIRECTION('ref_axis',(1.,0.,0.));
#3743=DIRECTION('',(1.,0.,0.));
#3744=DIRECTION('',(0.,-1.,0.));
#3745=DIRECTION('center_axis',(1.,0.,0.));
#3746=DIRECTION('ref_axis',(0.,0.,-1.));
#3747=DIRECTION('',(0.,-1.,0.));
#3748=DIRECTION('',(0.,0.,1.));
#3749=DIRECTION('',(0.,-1.,0.));
#3750=DIRECTION('',(0.,0.,1.));
#3751=DIRECTION('center_axis',(1.,0.,0.));
#3752=DIRECTION('ref_axis',(0.,0.,-1.));
#3753=DIRECTION('',(-1.88211534223059E-16,0.866034596440655,0.499984077514347));
#3754=DIRECTION('center_axis',(2.9518089516285E-16,0.499984077514347,-0.866034596440655));
#3755=DIRECTION('ref_axis',(-1.,0.,-3.40841920606895E-16));
#3756=DIRECTION('',(1.,0.,0.));
#3757=DIRECTION('',(-1.88211534223059E-16,0.866034596440655,0.499984077514347));
#3758=DIRECTION('',(-1.,0.,0.));
#3759=DIRECTION('center_axis',(0.,0.,1.));
#3760=DIRECTION('ref_axis',(1.,0.,0.));
#3761=DIRECTION('',(0.,1.,0.));
#3762=DIRECTION('center_axis',(0.,1.,0.));
#3763=DIRECTION('ref_axis',(0.,0.,1.));
#3764=DIRECTION('',(0.,0.,1.));
#3765=DIRECTION('',(1.,0.,0.));
#3766=DIRECTION('',(0.,0.,-1.));
#3767=DIRECTION('center_axis',(0.,-1.,0.));
#3768=DIRECTION('ref_axis',(0.,0.,-1.));
#3769=DIRECTION('center_axis',(0.,-1.,0.));
#3770=DIRECTION('ref_axis',(0.,0.,-1.));
#3771=DIRECTION('',(0.,0.,-1.));
#3772=DIRECTION('center_axis',(0.,-1.,0.));
#3773=DIRECTION('ref_axis',(0.,0.,-1.));
#3774=DIRECTION('',(1.,0.,0.));
#3775=DIRECTION('center_axis',(0.,-1.,0.));
#3776=DIRECTION('ref_axis',(0.,0.,-1.));
#3777=DIRECTION('center_axis',(-1.,0.,0.));
#3778=DIRECTION('ref_axis',(0.,0.,1.));
#3779=DIRECTION('center_axis',(-1.,0.,0.));
#3780=DIRECTION('ref_axis',(0.,0.,1.));
#3781=DIRECTION('',(-1.88211534223059E-16,-0.866034596440655,-0.499984077514347));
#3782=DIRECTION('center_axis',(-1.,0.,0.));
#3783=DIRECTION('ref_axis',(0.,0.,1.));
#3784=DIRECTION('',(0.,0.,-1.));
#3785=DIRECTION('',(0.,-1.,0.));
#3786=DIRECTION('center_axis',(0.,1.,0.));
#3787=DIRECTION('ref_axis',(0.,0.,-1.));
#3788=DIRECTION('center_axis',(0.,-1.,0.));
#3789=DIRECTION('ref_axis',(0.,0.,-1.));
#3790=DIRECTION('center_axis',(0.,1.,0.));
#3791=DIRECTION('ref_axis',(0.,0.,-1.));
#3792=DIRECTION('center_axis',(0.,-1.,0.));
#3793=DIRECTION('ref_axis',(0.,0.,-1.));
#3794=DIRECTION('center_axis',(0.,1.,0.));
#3795=DIRECTION('ref_axis',(0.,0.,1.));
#3796=DIRECTION('',(1.,0.,0.));
#3797=DIRECTION('',(0.,0.,1.));
#3798=DIRECTION('center_axis',(0.,-1.,0.));
#3799=DIRECTION('ref_axis',(0.,0.,-1.));
#3800=DIRECTION('',(1.,0.,0.));
#3801=DIRECTION('center_axis',(0.,-1.,0.));
#3802=DIRECTION('ref_axis',(0.,0.,-1.));
#3803=DIRECTION('',(0.,0.,-1.));
#3804=DIRECTION('',(-1.,0.,0.));
#3805=DIRECTION('center_axis',(1.,0.,0.));
#3806=DIRECTION('ref_axis',(0.,0.,1.));
#3807=DIRECTION('center_axis',(1.,0.,0.));
#3808=DIRECTION('ref_axis',(0.,0.,-1.));
#3809=DIRECTION('center_axis',(1.,0.,0.));
#3810=DIRECTION('ref_axis',(0.,0.,-1.));
#3811=DIRECTION('',(0.,-1.,0.));
#3812=DIRECTION('center_axis',(0.,1.,0.));
#3813=DIRECTION('ref_axis',(0.,0.,-1.));
#3814=DIRECTION('',(0.,1.,0.));
#3815=DIRECTION('center_axis',(0.,0.,1.));
#3816=DIRECTION('ref_axis',(1.,0.,0.));
#3817=DIRECTION('',(0.,-1.,0.));
#3818=DIRECTION('',(0.,1.,0.));
#3819=DIRECTION('',(1.,0.,0.));
#3820=DIRECTION('',(0.,1.,0.));
#3821=DIRECTION('',(1.,0.,0.));
#3822=DIRECTION('',(0.,1.,0.));
#3823=DIRECTION('',(1.,0.,0.));
#3824=DIRECTION('',(0.,1.,0.));
#3825=DIRECTION('',(1.,0.,0.));
#3826=DIRECTION('',(0.,1.,0.));
#3827=DIRECTION('',(1.,0.,0.));
#3828=DIRECTION('',(0.,1.,0.));
#3829=DIRECTION('',(1.,0.,0.));
#3830=DIRECTION('',(0.,1.,0.));
#3831=DIRECTION('',(1.,0.,0.));
#3832=DIRECTION('',(0.,1.,0.));
#3833=DIRECTION('',(1.,0.,0.));
#3834=DIRECTION('',(0.,1.,0.));
#3835=DIRECTION('',(1.,0.,0.));
#3836=DIRECTION('',(0.,1.,0.));
#3837=DIRECTION('',(1.,0.,0.));
#3838=DIRECTION('',(0.,1.,0.));
#3839=DIRECTION('',(1.,0.,0.));
#3840=DIRECTION('',(0.,1.,0.));
#3841=DIRECTION('',(1.,0.,0.));
#3842=DIRECTION('',(0.,1.,0.));
#3843=DIRECTION('',(1.,0.,0.));
#3844=DIRECTION('',(0.,1.,0.));
#3845=DIRECTION('',(1.,0.,0.));
#3846=DIRECTION('center_axis',(0.,0.,1.));
#3847=DIRECTION('ref_axis',(1.,0.,0.));
#3848=DIRECTION('center_axis',(0.,0.,1.));
#3849=DIRECTION('ref_axis',(1.,0.,0.));
#3850=DIRECTION('center_axis',(0.,0.,1.));
#3851=DIRECTION('ref_axis',(1.,0.,0.));
#3852=DIRECTION('center_axis',(0.,0.,1.));
#3853=DIRECTION('ref_axis',(1.,0.,0.));
#3854=DIRECTION('',(1.,0.,0.));
#3855=DIRECTION('',(0.,1.,0.));
#3856=DIRECTION('center_axis',(0.,1.,0.));
#3857=DIRECTION('ref_axis',(0.,0.,-1.));
#3858=DIRECTION('',(0.,1.,0.));
#3859=DIRECTION('center_axis',(-1.,0.,0.));
#3860=DIRECTION('ref_axis',(0.,0.,1.));
#3861=DIRECTION('center_axis',(-1.,0.,0.));
#3862=DIRECTION('ref_axis',(0.,0.,1.));
#3863=DIRECTION('center_axis',(-1.,0.,0.));
#3864=DIRECTION('ref_axis',(0.,0.,1.));
#3865=DIRECTION('',(-9.41057671115297E-17,-0.866034596440655,-0.499984077514347));
#3866=DIRECTION('center_axis',(-1.,0.,0.));
#3867=DIRECTION('ref_axis',(0.,0.,-1.));
#3868=DIRECTION('',(-1.,0.,0.));
#3869=DIRECTION('center_axis',(-2.9518089516285E-16,0.499984077514347,-0.866034596440655));
#3870=DIRECTION('ref_axis',(-1.,0.,3.40841920606895E-16));
#3871=DIRECTION('center_axis',(-1.,0.,0.));
#3872=DIRECTION('ref_axis',(0.,0.,-1.));
#3873=DIRECTION('center_axis',(0.,0.,-1.));
#3874=DIRECTION('ref_axis',(1.,0.,0.));
#3875=DIRECTION('',(0.,0.,-1.));
#3876=DIRECTION('center_axis',(0.,0.,-1.));
#3877=DIRECTION('ref_axis',(1.,0.,0.));
#3878=DIRECTION('',(0.,0.,-1.));
#3879=DIRECTION('center_axis',(0.,0.,-1.));
#3880=DIRECTION('ref_axis',(1.,0.,0.));
#3881=DIRECTION('',(0.,0.,-1.));
#3882=DIRECTION('center_axis',(0.,0.,-1.));
#3883=DIRECTION('ref_axis',(1.,0.,0.));
#3884=DIRECTION('',(0.,0.,-1.));
#3885=DIRECTION('center_axis',(1.,0.,0.));
#3886=DIRECTION('ref_axis',(0.,0.,-1.));
#3887=DIRECTION('',(0.,0.,-1.));
#3888=DIRECTION('',(0.,0.,-1.));
#3889=DIRECTION('center_axis',(0.,-1.,0.));
#3890=DIRECTION('ref_axis',(0.,0.,-1.));
#3891=DIRECTION('',(0.,0.,-1.));
#3892=DIRECTION('center_axis',(-1.,0.,0.));
#3893=DIRECTION('ref_axis',(0.,0.,1.));
#3894=DIRECTION('',(0.,0.,-1.));
#3895=DIRECTION('center_axis',(0.,1.,0.));
#3896=DIRECTION('ref_axis',(0.,0.,1.));
#3897=DIRECTION('center_axis',(1.,0.,0.));
#3898=DIRECTION('ref_axis',(0.,0.,-1.));
#3899=DIRECTION('',(0.,0.,-1.));
#3900=DIRECTION('',(0.,0.,-1.));
#3901=DIRECTION('center_axis',(0.,-1.,0.));
#3902=DIRECTION('ref_axis',(0.,0.,-1.));
#3903=DIRECTION('',(0.,0.,-1.));
#3904=DIRECTION('center_axis',(-1.,0.,0.));
#3905=DIRECTION('ref_axis',(0.,0.,1.));
#3906=DIRECTION('',(0.,0.,-1.));
#3907=DIRECTION('center_axis',(0.,1.,0.));
#3908=DIRECTION('ref_axis',(0.,0.,1.));
#3909=DIRECTION('center_axis',(1.,0.,0.));
#3910=DIRECTION('ref_axis',(0.,0.,-1.));
#3911=DIRECTION('',(0.,0.,-1.));
#3912=DIRECTION('',(0.,0.,-1.));
#3913=DIRECTION('center_axis',(0.,-1.,0.));
#3914=DIRECTION('ref_axis',(0.,0.,-1.));
#3915=DIRECTION('',(0.,0.,-1.));
#3916=DIRECTION('center_axis',(-1.,0.,0.));
#3917=DIRECTION('ref_axis',(0.,0.,1.));
#3918=DIRECTION('',(0.,0.,-1.));
#3919=DIRECTION('center_axis',(0.,1.,0.));
#3920=DIRECTION('ref_axis',(0.,0.,1.));
#3921=DIRECTION('center_axis',(1.,0.,0.));
#3922=DIRECTION('ref_axis',(0.,0.,-1.));
#3923=DIRECTION('',(0.,0.,-1.));
#3924=DIRECTION('',(0.,0.,-1.));
#3925=DIRECTION('center_axis',(0.,-1.,0.));
#3926=DIRECTION('ref_axis',(0.,0.,-1.));
#3927=DIRECTION('',(0.,0.,-1.));
#3928=DIRECTION('center_axis',(-1.,0.,0.));
#3929=DIRECTION('ref_axis',(0.,0.,1.));
#3930=DIRECTION('',(0.,0.,-1.));
#3931=DIRECTION('center_axis',(0.,1.,0.));
#3932=DIRECTION('ref_axis',(0.,0.,1.));
#3933=DIRECTION('center_axis',(1.,0.,0.));
#3934=DIRECTION('ref_axis',(0.,0.,-1.));
#3935=DIRECTION('',(0.,0.,-1.));
#3936=DIRECTION('',(0.,0.,-1.));
#3937=DIRECTION('center_axis',(0.,-1.,0.));
#3938=DIRECTION('ref_axis',(0.,0.,-1.));
#3939=DIRECTION('',(0.,0.,-1.));
#3940=DIRECTION('center_axis',(-1.,0.,0.));
#3941=DIRECTION('ref_axis',(0.,0.,1.));
#3942=DIRECTION('',(0.,0.,-1.));
#3943=DIRECTION('center_axis',(0.,1.,0.));
#3944=DIRECTION('ref_axis',(0.,0.,1.));
#3945=DIRECTION('center_axis',(1.,0.,0.));
#3946=DIRECTION('ref_axis',(0.,0.,-1.));
#3947=DIRECTION('',(0.,0.,-1.));
#3948=DIRECTION('',(0.,0.,-1.));
#3949=DIRECTION('center_axis',(0.,-1.,0.));
#3950=DIRECTION('ref_axis',(0.,0.,-1.));
#3951=DIRECTION('',(0.,0.,-1.));
#3952=DIRECTION('center_axis',(-1.,0.,0.));
#3953=DIRECTION('ref_axis',(0.,0.,1.));
#3954=DIRECTION('',(0.,0.,-1.));
#3955=DIRECTION('center_axis',(0.,1.,0.));
#3956=DIRECTION('ref_axis',(0.,0.,1.));
#3957=DIRECTION('center_axis',(1.,0.,0.));
#3958=DIRECTION('ref_axis',(0.,0.,-1.));
#3959=DIRECTION('',(0.,0.,-1.));
#3960=DIRECTION('',(0.,0.,-1.));
#3961=DIRECTION('center_axis',(0.,-1.,0.));
#3962=DIRECTION('ref_axis',(0.,0.,-1.));
#3963=DIRECTION('',(0.,0.,-1.));
#3964=DIRECTION('center_axis',(-1.,0.,0.));
#3965=DIRECTION('ref_axis',(0.,0.,1.));
#3966=DIRECTION('',(0.,0.,-1.));
#3967=DIRECTION('center_axis',(0.,1.,0.));
#3968=DIRECTION('ref_axis',(0.,0.,1.));
#3969=DIRECTION('center_axis',(0.,-1.,0.));
#3970=DIRECTION('ref_axis',(0.,0.,-1.));
#3971=DIRECTION('',(0.,0.,-1.));
#3972=DIRECTION('center_axis',(-1.,0.,0.));
#3973=DIRECTION('ref_axis',(0.,0.,1.));
#3974=DIRECTION('axis',(0.,0.,1.));
#3975=DIRECTION('refdir',(1.,0.,0.));
#3976=DIRECTION('center_axis',(0.,1.,0.));
#3977=DIRECTION('ref_axis',(0.,0.,1.));
#3978=DIRECTION('',(0.,0.,-1.));
#3979=DIRECTION('',(1.,0.,0.));
#3980=DIRECTION('',(0.,0.,-1.));
#3981=DIRECTION('',(1.,0.,0.));
#3982=DIRECTION('center_axis',(1.,0.,0.));
#3983=DIRECTION('ref_axis',(0.,0.,-1.));
#3984=DIRECTION('center_axis',(1.,0.,0.));
#3985=DIRECTION('ref_axis',(0.,0.,-1.));
#3986=DIRECTION('',(0.,0.,-1.));
#3987=DIRECTION('center_axis',(1.,0.,0.));
#3988=DIRECTION('ref_axis',(0.,0.,-1.));
#3989=DIRECTION('',(0.,-0.8661855860486,-0.499722453489577));
#3990=DIRECTION('center_axis',(1.,0.,0.));
#3991=DIRECTION('ref_axis',(0.,0.,-1.));
#3992=DIRECTION('',(0.,-1.,0.));
#3993=DIRECTION('center_axis',(1.,0.,0.));
#3994=DIRECTION('ref_axis',(0.,0.,-1.));
#3995=DIRECTION('',(0.,0.,1.));
#3996=DIRECTION('center_axis',(1.,0.,0.));
#3997=DIRECTION('ref_axis',(0.,0.,-1.));
#3998=DIRECTION('',(0.,1.,0.));
#3999=DIRECTION('',(0.,1.,0.));
#4000=DIRECTION('center_axis',(-1.,0.,0.));
#4001=DIRECTION('ref_axis',(0.,-1.,0.));
#4002=DIRECTION('',(0.,0.,1.));
#4003=DIRECTION('center_axis',(-1.,0.,0.));
#4004=DIRECTION('ref_axis',(0.,-1.,0.));
#4005=DIRECTION('',(0.,-1.,0.));
#4006=DIRECTION('center_axis',(-1.,0.,0.));
#4007=DIRECTION('ref_axis',(0.,-1.,0.));
#4008=DIRECTION('',(-9.52555741967148E-17,-0.8661855860486,-0.499722453489577));
#4009=DIRECTION('center_axis',(-1.,0.,0.));
#4010=DIRECTION('ref_axis',(0.,-1.,0.));
#4011=DIRECTION('',(0.,0.,-1.));
#4012=DIRECTION('center_axis',(-1.,0.,0.));
#4013=DIRECTION('ref_axis',(0.,-1.,0.));
#4014=DIRECTION('',(0.,1.,0.));
#4015=DIRECTION('',(0.,0.,-1.));
#4016=DIRECTION('',(0.,1.,0.));
#4017=DIRECTION('center_axis',(0.,0.,-1.));
#4018=DIRECTION('ref_axis',(-1.,0.,0.));
#4019=DIRECTION('',(0.,1.,0.));
#4020=DIRECTION('',(-1.,0.,0.));
#4021=DIRECTION('',(0.,1.,0.));
#4022=DIRECTION('',(1.,0.,0.));
#4023=DIRECTION('center_axis',(1.,0.,0.));
#4024=DIRECTION('ref_axis',(0.,0.,-1.));
#4025=DIRECTION('',(0.,0.,1.));
#4026=DIRECTION('',(0.,1.,0.));
#4027=DIRECTION('',(0.,0.,-1.));
#4028=DIRECTION('center_axis',(0.,1.,0.));
#4029=DIRECTION('ref_axis',(0.,0.,1.));
#4030=DIRECTION('',(1.,0.,0.));
#4031=DIRECTION('',(0.,0.,1.));
#4032=DIRECTION('',(1.,0.,0.));
#4033=DIRECTION('',(-1.,0.,0.));
#4034=DIRECTION('',(0.,0.,-1.));
#4035=DIRECTION('',(1.,0.,0.));
#4036=DIRECTION('',(0.,0.,1.));
#4037=DIRECTION('',(-1.,0.,0.));
#4038=DIRECTION('',(0.,0.,-1.));
#4039=DIRECTION('',(1.,0.,0.));
#4040=DIRECTION('',(0.,0.,1.));
#4041=DIRECTION('',(-1.,0.,0.));
#4042=DIRECTION('',(0.,0.,-1.));
#4043=DIRECTION('',(1.,0.,0.));
#4044=DIRECTION('',(0.,0.,1.));
#4045=DIRECTION('',(-1.,0.,0.));
#4046=DIRECTION('',(0.,0.,-1.));
#4047=DIRECTION('',(1.,0.,0.));
#4048=DIRECTION('',(0.,0.,1.));
#4049=DIRECTION('',(-1.,0.,0.));
#4050=DIRECTION('',(0.,0.,-1.));
#4051=DIRECTION('',(1.,0.,0.));
#4052=DIRECTION('',(0.,0.,1.));
#4053=DIRECTION('',(-1.,0.,0.));
#4054=DIRECTION('',(0.,0.,-1.));
#4055=DIRECTION('',(1.,0.,0.));
#4056=DIRECTION('',(0.,0.,1.));
#4057=DIRECTION('',(-1.,0.,0.));
#4058=DIRECTION('',(0.,0.,-1.));
#4059=DIRECTION('',(1.,0.,0.));
#4060=DIRECTION('',(0.,0.,1.));
#4061=DIRECTION('',(1.,0.,0.));
#4062=DIRECTION('',(0.,0.,1.));
#4063=DIRECTION('center_axis',(0.,0.,-1.));
#4064=DIRECTION('ref_axis',(-1.,0.,0.));
#4065=DIRECTION('',(0.,1.,0.));
#4066=DIRECTION('',(1.,0.,0.));
#4067=DIRECTION('center_axis',(0.,0.,-1.));
#4068=DIRECTION('ref_axis',(1.,0.,0.));
#4069=DIRECTION('center_axis',(0.,0.,-1.));
#4070=DIRECTION('ref_axis',(1.,0.,0.));
#4071=DIRECTION('center_axis',(0.,0.,-1.));
#4072=DIRECTION('ref_axis',(1.,0.,0.));
#4073=DIRECTION('center_axis',(0.,0.,-1.));
#4074=DIRECTION('ref_axis',(1.,0.,0.));
#4075=DIRECTION('center_axis',(0.,0.,-1.));
#4076=DIRECTION('ref_axis',(1.,0.,0.));
#4077=DIRECTION('center_axis',(0.,0.,-1.));
#4078=DIRECTION('ref_axis',(1.,0.,0.));
#4079=DIRECTION('center_axis',(-1.,0.,0.));
#4080=DIRECTION('ref_axis',(0.,0.,1.));
#4081=DIRECTION('',(0.,1.,0.));
#4082=DIRECTION('center_axis',(-1.,0.,0.));
#4083=DIRECTION('ref_axis',(0.,-1.,0.));
#4084=DIRECTION('',(0.,0.,-1.));
#4085=DIRECTION('center_axis',(-1.,0.,0.));
#4086=DIRECTION('ref_axis',(0.,-1.,0.));
#4087=DIRECTION('',(-9.52555741967148E-17,-0.8661855860486,-0.499722453489577));
#4088=DIRECTION('center_axis',(-1.,0.,0.));
#4089=DIRECTION('ref_axis',(0.,-1.,0.));
#4090=DIRECTION('',(0.,-1.,0.));
#4091=DIRECTION('center_axis',(-1.,0.,0.));
#4092=DIRECTION('ref_axis',(0.,-1.,0.));
#4093=DIRECTION('center_axis',(-1.,0.,0.));
#4094=DIRECTION('ref_axis',(0.,-1.,0.));
#4095=DIRECTION('',(0.,1.,0.));
#4096=DIRECTION('center_axis',(1.,0.,0.));
#4097=DIRECTION('ref_axis',(0.,0.,-1.));
#4098=DIRECTION('',(0.,0.,1.));
#4099=DIRECTION('center_axis',(1.,0.,0.));
#4100=DIRECTION('ref_axis',(0.,0.,-1.));
#4101=DIRECTION('',(0.,-1.,0.));
#4102=DIRECTION('center_axis',(1.,0.,0.));
#4103=DIRECTION('ref_axis',(0.,0.,-1.));
#4104=DIRECTION('',(0.,-0.8661855860486,-0.499722453489577));
#4105=DIRECTION('center_axis',(1.,0.,0.));
#4106=DIRECTION('ref_axis',(0.,0.,-1.));
#4107=DIRECTION('',(0.,0.,-1.));
#4108=DIRECTION('center_axis',(1.,0.,0.));
#4109=DIRECTION('ref_axis',(0.,0.,-1.));
#4110=DIRECTION('',(0.,1.,0.));
#4111=DIRECTION('',(0.,0.,-1.));
#4112=DIRECTION('center_axis',(-1.,0.,0.));
#4113=DIRECTION('ref_axis',(0.,0.,-1.));
#4114=DIRECTION('center_axis',(0.,0.,-1.));
#4115=DIRECTION('ref_axis',(-1.,0.,0.));
#4116=DIRECTION('',(1.,0.,0.));
#4117=DIRECTION('center_axis',(0.,0.,-1.));
#4118=DIRECTION('ref_axis',(0.,1.,0.));
#4119=DIRECTION('center_axis',(0.,0.,-1.));
#4120=DIRECTION('ref_axis',(0.,1.,0.));
#4121=DIRECTION('center_axis',(0.,0.,-1.));
#4122=DIRECTION('ref_axis',(0.,1.,0.));
#4123=DIRECTION('center_axis',(0.,0.,-1.));
#4124=DIRECTION('ref_axis',(0.,1.,0.));
#4125=DIRECTION('center_axis',(0.,0.,-1.));
#4126=DIRECTION('ref_axis',(0.,1.,0.));
#4127=DIRECTION('center_axis',(0.,0.,-1.));
#4128=DIRECTION('ref_axis',(0.,1.,0.));
#4129=DIRECTION('center_axis',(-1.,0.,0.));
#4130=DIRECTION('ref_axis',(0.,0.,-1.));
#4131=DIRECTION('',(1.,0.,0.));
#4132=DIRECTION('center_axis',(0.,1.,0.));
#4133=DIRECTION('ref_axis',(0.,0.,1.));
#4134=DIRECTION('',(1.,0.,0.));
#4135=DIRECTION('',(0.,0.,1.));
#4136=DIRECTION('',(1.,0.,0.));
#4137=DIRECTION('',(0.,0.,1.));
#4138=DIRECTION('',(1.,0.,0.));
#4139=DIRECTION('',(0.,0.,1.));
#4140=DIRECTION('',(1.,0.,0.));
#4141=DIRECTION('',(0.,0.,1.));
#4142=DIRECTION('',(1.,0.,0.));
#4143=DIRECTION('',(0.,0.,1.));
#4144=DIRECTION('',(1.,0.,0.));
#4145=DIRECTION('',(0.,0.,1.));
#4146=DIRECTION('',(1.,0.,0.));
#4147=DIRECTION('',(0.,0.,1.));
#4148=DIRECTION('',(1.,0.,0.));
#4149=DIRECTION('',(0.,0.,1.));
#4150=DIRECTION('',(1.,0.,0.));
#4151=DIRECTION('',(0.,0.,1.));
#4152=DIRECTION('',(1.,0.,0.));
#4153=DIRECTION('',(0.,0.,1.));
#4154=DIRECTION('',(1.,0.,0.));
#4155=DIRECTION('',(0.,0.,1.));
#4156=DIRECTION('',(1.,0.,0.));
#4157=DIRECTION('',(0.,0.,1.));
#4158=DIRECTION('',(1.,0.,0.));
#4159=DIRECTION('',(0.,0.,1.));
#4160=DIRECTION('',(1.,0.,0.));
#4161=DIRECTION('',(0.,0.,1.));
#4162=DIRECTION('',(1.,0.,0.));
#4163=DIRECTION('',(0.,0.,1.));
#4164=DIRECTION('',(1.,0.,0.));
#4165=DIRECTION('center_axis',(-1.,0.,0.));
#4166=DIRECTION('ref_axis',(0.,0.,-1.));
#4167=DIRECTION('',(1.,0.,0.));
#4168=DIRECTION('center_axis',(0.,0.,1.));
#4169=DIRECTION('ref_axis',(1.,0.,0.));
#4170=DIRECTION('',(1.,0.,0.));
#4171=DIRECTION('center_axis',(-1.,0.,0.));
#4172=DIRECTION('ref_axis',(0.,0.,-1.));
#4173=DIRECTION('',(1.,0.,0.));
#4174=DIRECTION('center_axis',(0.,-0.499722453489577,0.8661855860486));
#4175=DIRECTION('ref_axis',(1.,0.,0.));
#4176=DIRECTION('',(1.,0.,0.));
#4177=DIRECTION('center_axis',(-1.,0.,0.));
#4178=DIRECTION('ref_axis',(0.,0.,-1.));
#4179=DIRECTION('',(1.,0.,0.));
#4180=DIRECTION('center_axis',(0.,-1.,0.));
#4181=DIRECTION('ref_axis',(0.,0.,-1.));
#4182=DIRECTION('',(1.,0.,0.));
#4183=DIRECTION('center_axis',(-1.,0.,0.));
#4184=DIRECTION('ref_axis',(0.,0.,-1.));
#4185=DIRECTION('',(1.,0.,0.));
#4186=DIRECTION('center_axis',(0.,0.,-1.));
#4187=DIRECTION('ref_axis',(-1.,0.,0.));
#4188=DIRECTION('',(-1.,0.,0.));
#4189=DIRECTION('center_axis',(0.,0.,-1.));
#4190=DIRECTION('ref_axis',(-1.,0.,0.));
#4191=DIRECTION('center_axis',(0.,0.,-1.));
#4192=DIRECTION('ref_axis',(-1.,0.,0.));
#4193=DIRECTION('center_axis',(0.,0.,-1.));
#4194=DIRECTION('ref_axis',(-1.,0.,0.));
#4195=DIRECTION('center_axis',(0.,0.,-1.));
#4196=DIRECTION('ref_axis',(-1.,0.,0.));
#4197=DIRECTION('center_axis',(0.,0.,-1.));
#4198=DIRECTION('ref_axis',(-1.,0.,0.));
#4199=DIRECTION('center_axis',(0.,0.,-1.));
#4200=DIRECTION('ref_axis',(-1.,0.,0.));
#4201=DIRECTION('center_axis',(0.,1.,0.));
#4202=DIRECTION('ref_axis',(0.,0.,1.));
#4203=DIRECTION('',(1.,0.,0.));
#4204=DIRECTION('center_axis',(0.,0.,-1.));
#4205=DIRECTION('ref_axis',(-1.,0.,0.));
#4206=DIRECTION('',(1.,0.,0.));
#4207=DIRECTION('center_axis',(0.,0.,-1.));
#4208=DIRECTION('ref_axis',(1.,0.,0.));
#4209=DIRECTION('center_axis',(0.,0.,-1.));
#4210=DIRECTION('ref_axis',(1.,0.,0.));
#4211=DIRECTION('center_axis',(0.,0.,-1.));
#4212=DIRECTION('ref_axis',(1.,0.,0.));
#4213=DIRECTION('center_axis',(0.,0.,-1.));
#4214=DIRECTION('ref_axis',(1.,0.,0.));
#4215=DIRECTION('center_axis',(0.,0.,-1.));
#4216=DIRECTION('ref_axis',(1.,0.,0.));
#4217=DIRECTION('center_axis',(0.,0.,-1.));
#4218=DIRECTION('ref_axis',(1.,0.,0.));
#4219=DIRECTION('center_axis',(-1.,0.,0.));
#4220=DIRECTION('ref_axis',(0.,0.,-1.));
#4221=DIRECTION('',(1.,0.,0.));
#4222=DIRECTION('center_axis',(0.,-1.,0.));
#4223=DIRECTION('ref_axis',(0.,0.,-1.));
#4224=DIRECTION('',(1.,0.,0.));
#4225=DIRECTION('center_axis',(-1.,0.,0.));
#4226=DIRECTION('ref_axis',(0.,0.,-1.));
#4227=DIRECTION('',(1.,0.,0.));
#4228=DIRECTION('center_axis',(0.,-0.499722453489577,0.8661855860486));
#4229=DIRECTION('ref_axis',(1.,0.,0.));
#4230=DIRECTION('',(1.,0.,0.));
#4231=DIRECTION('center_axis',(-1.,0.,0.));
#4232=DIRECTION('ref_axis',(0.,0.,-1.));
#4233=DIRECTION('',(1.,0.,0.));
#4234=DIRECTION('center_axis',(0.,0.,1.));
#4235=DIRECTION('ref_axis',(1.,0.,0.));
#4236=DIRECTION('',(1.,0.,0.));
#4237=DIRECTION('center_axis',(-1.,0.,0.));
#4238=DIRECTION('ref_axis',(0.,0.,-1.));
#4239=DIRECTION('center_axis',(0.,0.,-1.));
#4240=DIRECTION('ref_axis',(-1.,0.,0.));
#4241=DIRECTION('',(0.,1.,0.));
#4242=DIRECTION('',(0.,1.,0.));
#4243=DIRECTION('center_axis',(0.,0.,1.));
#4244=DIRECTION('ref_axis',(-1.,0.,0.));
#4245=DIRECTION('',(0.,0.,1.));
#4246=DIRECTION('center_axis',(0.,0.,1.));
#4247=DIRECTION('ref_axis',(-1.,0.,0.));
#4248=DIRECTION('',(0.,0.,1.));
#4249=DIRECTION('center_axis',(0.,0.,1.));
#4250=DIRECTION('ref_axis',(-1.,0.,0.));
#4251=DIRECTION('',(0.,0.,1.));
#4252=DIRECTION('center_axis',(0.,0.,1.));
#4253=DIRECTION('ref_axis',(1.,0.,0.));
#4254=DIRECTION('',(0.,1.,0.));
#4255=DIRECTION('center_axis',(-1.,0.,0.));
#4256=DIRECTION('ref_axis',(0.,0.,1.));
#4257=DIRECTION('center_axis',(1.,0.,0.));
#4258=DIRECTION('ref_axis',(0.,0.,-1.));
#4259=DIRECTION('',(0.,1.,0.));
#4260=DIRECTION('',(0.,1.,0.));
#4261=DIRECTION('center_axis',(0.,0.,1.));
#4262=DIRECTION('ref_axis',(1.,0.,0.));
#4263=DIRECTION('',(0.,1.,0.));
#4264=DIRECTION('center_axis',(-1.,0.,0.));
#4265=DIRECTION('ref_axis',(0.,0.,1.));
#4266=DIRECTION('',(0.,1.,0.));
#4267=DIRECTION('center_axis',(0.,0.,-1.));
#4268=DIRECTION('ref_axis',(-1.,0.,0.));
#4269=DIRECTION('center_axis',(1.,0.,0.));
#4270=DIRECTION('ref_axis',(0.,0.,-1.));
#4271=DIRECTION('',(0.,1.,0.));
#4272=DIRECTION('',(0.,1.,0.));
#4273=DIRECTION('center_axis',(0.,0.,1.));
#4274=DIRECTION('ref_axis',(1.,0.,0.));
#4275=DIRECTION('',(0.,1.,0.));
#4276=DIRECTION('center_axis',(-1.,0.,0.));
#4277=DIRECTION('ref_axis',(0.,0.,1.));
#4278=DIRECTION('',(0.,1.,0.));
#4279=DIRECTION('center_axis',(0.,0.,-1.));
#4280=DIRECTION('ref_axis',(-1.,0.,0.));
#4281=DIRECTION('center_axis',(1.,0.,0.));
#4282=DIRECTION('ref_axis',(0.,0.,-1.));
#4283=DIRECTION('',(0.,1.,0.));
#4284=DIRECTION('',(0.,1.,0.));
#4285=DIRECTION('center_axis',(0.,0.,1.));
#4286=DIRECTION('ref_axis',(1.,0.,0.));
#4287=DIRECTION('',(0.,1.,0.));
#4288=DIRECTION('center_axis',(-1.,0.,0.));
#4289=DIRECTION('ref_axis',(0.,0.,1.));
#4290=DIRECTION('',(0.,1.,0.));
#4291=DIRECTION('center_axis',(0.,0.,-1.));
#4292=DIRECTION('ref_axis',(-1.,0.,0.));
#4293=DIRECTION('center_axis',(1.,0.,0.));
#4294=DIRECTION('ref_axis',(0.,0.,-1.));
#4295=DIRECTION('',(0.,1.,0.));
#4296=DIRECTION('',(0.,1.,0.));
#4297=DIRECTION('center_axis',(0.,0.,1.));
#4298=DIRECTION('ref_axis',(1.,0.,0.));
#4299=DIRECTION('',(0.,1.,0.));
#4300=DIRECTION('center_axis',(-1.,0.,0.));
#4301=DIRECTION('ref_axis',(0.,0.,1.));
#4302=DIRECTION('',(0.,1.,0.));
#4303=DIRECTION('center_axis',(0.,0.,-1.));
#4304=DIRECTION('ref_axis',(-1.,0.,0.));
#4305=DIRECTION('center_axis',(1.,0.,0.));
#4306=DIRECTION('ref_axis',(0.,0.,-1.));
#4307=DIRECTION('',(0.,1.,0.));
#4308=DIRECTION('',(0.,1.,0.));
#4309=DIRECTION('center_axis',(0.,0.,1.));
#4310=DIRECTION('ref_axis',(1.,0.,0.));
#4311=DIRECTION('',(0.,1.,0.));
#4312=DIRECTION('center_axis',(-1.,0.,0.));
#4313=DIRECTION('ref_axis',(0.,0.,1.));
#4314=DIRECTION('',(0.,1.,0.));
#4315=DIRECTION('center_axis',(0.,0.,-1.));
#4316=DIRECTION('ref_axis',(-1.,0.,0.));
#4317=DIRECTION('center_axis',(1.,0.,0.));
#4318=DIRECTION('ref_axis',(0.,0.,-1.));
#4319=DIRECTION('',(0.,1.,0.));
#4320=DIRECTION('',(0.,1.,0.));
#4321=DIRECTION('center_axis',(0.,0.,1.));
#4322=DIRECTION('ref_axis',(1.,0.,0.));
#4323=DIRECTION('',(0.,1.,0.));
#4324=DIRECTION('center_axis',(-1.,0.,0.));
#4325=DIRECTION('ref_axis',(0.,0.,1.));
#4326=DIRECTION('',(0.,1.,0.));
#4327=DIRECTION('center_axis',(0.,0.,-1.));
#4328=DIRECTION('ref_axis',(-1.,0.,0.));
#4329=DIRECTION('center_axis',(1.,0.,0.));
#4330=DIRECTION('ref_axis',(0.,0.,-1.));
#4331=DIRECTION('',(0.,1.,0.));
#4332=DIRECTION('center_axis',(0.,0.,1.));
#4333=DIRECTION('ref_axis',(1.,0.,0.));
#4334=DIRECTION('',(0.,1.,0.));
#4335=DIRECTION('center_axis',(-1.,0.,0.));
#4336=DIRECTION('ref_axis',(0.,0.,1.));
#4337=DIRECTION('center_axis',(0.,0.,1.));
#4338=DIRECTION('ref_axis',(-1.,0.,0.));
#4339=DIRECTION('',(0.,0.,1.));
#4340=DIRECTION('center_axis',(0.,0.,1.));
#4341=DIRECTION('ref_axis',(-1.,0.,0.));
#4342=DIRECTION('',(0.,0.,1.));
#4343=DIRECTION('center_axis',(0.,0.,1.));
#4344=DIRECTION('ref_axis',(-1.,0.,0.));
#4345=DIRECTION('',(0.,0.,1.));
#4346=DIRECTION('center_axis',(0.,0.,1.));
#4347=DIRECTION('ref_axis',(-1.,0.,0.));
#4348=DIRECTION('',(0.,0.,1.));
#4349=DIRECTION('center_axis',(0.,0.,1.));
#4350=DIRECTION('ref_axis',(-1.,0.,0.));
#4351=DIRECTION('',(0.,0.,1.));
#4352=DIRECTION('center_axis',(0.,0.,1.));
#4353=DIRECTION('ref_axis',(-1.,0.,0.));
#4354=DIRECTION('',(0.,0.,1.));
#4355=DIRECTION('center_axis',(0.,0.,1.));
#4356=DIRECTION('ref_axis',(-1.,0.,0.));
#4357=DIRECTION('',(0.,0.,1.));
#4358=DIRECTION('center_axis',(0.,0.,1.));
#4359=DIRECTION('ref_axis',(-1.,0.,0.));
#4360=DIRECTION('',(0.,0.,1.));
#4361=DIRECTION('center_axis',(0.,0.,1.));
#4362=DIRECTION('ref_axis',(-1.,0.,0.));
#4363=DIRECTION('',(0.,0.,1.));
#4364=DIRECTION('axis',(0.,0.,1.));
#4365=DIRECTION('refdir',(1.,0.,0.));
#4366=DIRECTION('center_axis',(0.374006587023149,-0.17364817766693,0.91102435931003));
#4367=DIRECTION('ref_axis',(-0.925078378519565,1.59594559789866E-16,0.379776241483867));
#4368=DIRECTION('center_axis',(0.374006587023149,-0.17364817766693,0.91102435931003));
#4369=DIRECTION('ref_axis',(6.93889390390723E-17,0.982314829463931,0.18723668394641));
#4370=DIRECTION('',(0.0342369385641631,0.98423040372649,0.173546375410565));
#4371=DIRECTION('',(-0.925078378519565,2.43683745459219E-16,0.379776241483868));
#4372=DIRECTION('',(0.13272953711602,0.982224892758239,0.13272953711602));
#4373=DIRECTION('center_axis',(0.911024359310029,-0.17364817766693,0.374006587023151));
#4374=DIRECTION('ref_axis',(-0.379776241483869,2.35922392732846E-16,0.925078378519564));
#4375=DIRECTION('center_axis',(0.911024359310029,-0.17364817766693,0.374006587023151));
#4376=DIRECTION('ref_axis',(-0.379776241483869,1.38777878078145E-17,0.925078378519564));
#4377=DIRECTION('',(-0.379776241483869,2.81564080809341E-16,0.925078378519564));
#4378=DIRECTION('',(-0.173546375410565,-0.98423040372649,-0.034236938564163));
#4379=DIRECTION('center_axis',(0.984807753012208,-0.17364817766693,-1.3992525422613E-16));
#4380=DIRECTION('ref_axis',(1.83697019872103E-16,2.36000145234802E-16,1.));
#4381=DIRECTION('center_axis',(0.984807753012208,-0.17364817766693,-1.3992525422613E-16));
#4382=DIRECTION('ref_axis',(1.42083826816091E-16,4.93038065763132E-32,1.));
#4383=DIRECTION('',(1.83697019872103E-16,2.36000145234802E-16,1.));
#4384=DIRECTION('center_axis',(0.,1.,-2.36000145234802E-16));
#4385=DIRECTION('ref_axis',(-0.190140845070422,-2.31694752756629E-16,-0.981756822760049));
#4386=DIRECTION('center_axis',(0.,1.,-2.36000145234802E-16));
#4387=DIRECTION('ref_axis',(-0.190140845070422,-2.31694752756629E-16,-0.981756822760049));
#4388=DIRECTION('center_axis',(-1.66533453693773E-16,-1.,2.36000145234802E-16));
#4389=DIRECTION('ref_axis',(-0.190140845070422,-2.00029941138799E-16,-0.981756822760049));
#4390=DIRECTION('center_axis',(-0.984807753012208,-0.17364817766693,2.21887244524439E-16));
#4391=DIRECTION('ref_axis',(-1.83697019872103E-16,-2.36000145234802E-16,
-1.));
#4392=DIRECTION('center_axis',(-0.984807753012208,-0.17364817766693,2.21887244524439E-16));
#4393=DIRECTION('ref_axis',(-2.25310212928115E-16,6.16297582203915E-33,
-1.));
#4394=DIRECTION('',(-1.83697019872103E-16,-2.36000145234802E-16,-1.));
#4395=DIRECTION('',(0.173546375410565,-0.98423040372649,-0.0342369385641629));
#4396=DIRECTION('center_axis',(-0.91102435931003,-0.17364817766693,0.374006587023149));
#4397=DIRECTION('ref_axis',(-0.379776241483867,-1.31838984174237E-16,-0.925078378519565));
#4398=DIRECTION('center_axis',(-0.91102435931003,-0.17364817766693,0.374006587023149));
#4399=DIRECTION('ref_axis',(-0.379776241483867,9.02056207507939E-17,-0.925078378519565));
#4400=DIRECTION('',(-0.379776241483868,-1.55073182559043E-16,-0.925078378519565));
#4401=DIRECTION('',(0.13272953711602,-0.982224892758239,-0.13272953711602));
#4402=DIRECTION('center_axis',(1.2060416625019E-16,-0.17364817766693,0.984807753012208));
#4403=DIRECTION('ref_axis',(-1.,-9.86076131526265E-32,1.22464679914736E-16));
#4404=DIRECTION('center_axis',(1.2060416625019E-16,-0.17364817766693,0.984807753012208));
#4405=DIRECTION('ref_axis',(3.08148791101958E-33,0.984807753012208,0.17364817766693));
#4406=DIRECTION('',(-1.,1.66533453693774E-16,1.51829020991511E-16));
#4407=DIRECTION('center_axis',(0.,1.,-2.36000145234802E-16));
#4408=DIRECTION('ref_axis',(-0.981756822760049,4.48732670516876E-17,0.190140845070422));
#4409=DIRECTION('center_axis',(0.,1.,-2.36000145234802E-16));
#4410=DIRECTION('ref_axis',(-0.981756822760049,4.48732670516876E-17,0.190140845070422));
#4411=DIRECTION('center_axis',(-1.66533453693773E-16,-1.,2.36000145234802E-16));
#4412=DIRECTION('ref_axis',(-0.981756822760049,2.08368621433344E-16,0.190140845070422));
#4413=DIRECTION('center_axis',(-1.2060416625019E-16,-0.173648177666931,
-0.984807753012208));
#4414=DIRECTION('ref_axis',(1.,-9.55261252416069E-32,-1.22464679914736E-16));
#4415=DIRECTION('center_axis',(-1.2060416625019E-16,-0.173648177666931,
-0.984807753012208));
#4416=DIRECTION('ref_axis',(0.,-0.984807753012208,0.173648177666931));
#4417=DIRECTION('',(0.0342369385641632,0.98423040372649,-0.173546375410566));
#4418=DIRECTION('',(1.,-1.66533453693774E-16,-9.31003388379593E-17));
#4419=DIRECTION('center_axis',(0.374006587023151,-0.173648177666931,-0.911024359310029));
#4420=DIRECTION('ref_axis',(0.925078378519564,9.71445146547012E-17,0.379776241483869));
#4421=DIRECTION('center_axis',(0.374006587023151,-0.173648177666931,-0.911024359310029));
#4422=DIRECTION('ref_axis',(-9.71445146547012E-17,-0.982314829463931,0.187236683946411));
#4423=DIRECTION('',(-0.13272953711602,-0.982224892758239,0.13272953711602));
#4424=DIRECTION('',(0.925078378519564,-6.44292491653786E-17,0.379776241483869));
#4425=DIRECTION('center_axis',(0.91102435931003,-0.17364817766693,-0.374006587023149));
#4426=DIRECTION('ref_axis',(0.379776241483868,2.98372437868011E-16,0.925078378519565));
#4427=DIRECTION('center_axis',(0.91102435931003,-0.17364817766693,-0.374006587023149));
#4428=DIRECTION('ref_axis',(0.379776241483867,-7.63278329429795E-17,0.925078378519565));
#4429=DIRECTION('',(-0.173546375410565,-0.98423040372649,0.0342369385641633));
#4430=DIRECTION('',(0.379776241483868,1.55073182559043E-16,0.925078378519565));
#4431=DIRECTION('center_axis',(0.984807753012208,-0.17364817766693,-1.93210879759407E-17));
#4432=DIRECTION('ref_axis',(6.12323399573677E-17,2.36000145234802E-16,1.));
#4433=DIRECTION('center_axis',(0.984807753012208,-0.17364817766693,-1.93210879759407E-17));
#4434=DIRECTION('ref_axis',(1.96191469013559E-17,-1.19407656552009E-32,
1.));
#4435=DIRECTION('',(6.12323399573676E-17,2.36000145234802E-16,1.));
#4436=DIRECTION('center_axis',(0.,1.,-2.36000145234802E-16));
#4437=DIRECTION('ref_axis',(0.190140845070422,2.31694752756629E-16,0.981756822760049));
#4438=DIRECTION('center_axis',(0.,1.,-2.36000145234802E-16));
#4439=DIRECTION('ref_axis',(0.190140845070422,2.31694752756629E-16,0.981756822760049));
#4440=DIRECTION('center_axis',(-1.66533453693773E-16,-1.,2.36000145234802E-16));
#4441=DIRECTION('ref_axis',(0.190140845070422,2.00029941138799E-16,0.981756822760049));
#4442=DIRECTION('center_axis',(-0.984807753012208,-0.17364817766693,1.01283078274249E-16));
#4443=DIRECTION('ref_axis',(-6.12323399573676E-17,-2.36000145234802E-16,
-1.));
#4444=DIRECTION('center_axis',(-0.984807753012208,-0.17364817766693,1.01283078274249E-16));
#4445=DIRECTION('ref_axis',(-1.02845533013379E-16,-6.16297582203915E-32,
-1.));
#4446=DIRECTION('',(-0.173546375410565,0.98423040372649,-0.0342369385641634));
#4447=DIRECTION('',(-6.12323399573677E-17,-2.36000145234802E-16,-1.));
#4448=DIRECTION('center_axis',(-0.911024359310029,-0.17364817766693,-0.374006587023151));
#4449=DIRECTION('ref_axis',(0.379776241483869,-3.67761376907083E-16,-0.925078378519564));
#4450=DIRECTION('center_axis',(-0.911024359310029,-0.17364817766693,-0.374006587023151));
#4451=DIRECTION('ref_axis',(0.379776241483869,1.38777878078145E-17,-0.925078378519564));
#4452=DIRECTION('',(-0.13272953711602,0.982224892758239,-0.132729537116021));
#4453=DIRECTION('',(0.379776241483869,-2.81564080809341E-16,-0.925078378519564));
#4454=DIRECTION('center_axis',(0.,-0.17364817766693,0.984807753012208));
#4455=DIRECTION('ref_axis',(-1.,0.,0.));
#4456=DIRECTION('center_axis',(0.,-0.17364817766693,0.984807753012208));
#4457=DIRECTION('ref_axis',(0.,0.984807753012208,0.17364817766693));
#4458=DIRECTION('',(0.0342369385641632,-0.98423040372649,-0.173546375410565));
#4459=DIRECTION('',(-1.,1.66533453693773E-16,2.9364341076776E-17));
#4460=DIRECTION('center_axis',(0.,1.,-2.36000145234802E-16));
#4461=DIRECTION('ref_axis',(0.981756822760049,-4.48732670516876E-17,-0.190140845070422));
#4462=DIRECTION('center_axis',(0.,1.,-2.36000145234802E-16));
#4463=DIRECTION('ref_axis',(0.981756822760049,-4.48732670516876E-17,-0.190140845070422));
#4464=DIRECTION('center_axis',(-1.66533453693773E-16,-1.,2.36000145234802E-16));
#4465=DIRECTION('ref_axis',(0.981756822760049,-2.08368621433344E-16,-0.190140845070422));
#4466=DIRECTION('center_axis',(0.,-0.173648177666931,-0.984807753012208));
#4467=DIRECTION('ref_axis',(1.,0.,0.));
#4468=DIRECTION('center_axis',(0.,-0.173648177666931,-0.984807753012208));
#4469=DIRECTION('ref_axis',(0.,-0.984807753012208,0.173648177666931));
#4470=DIRECTION('',(1.,-1.66533453693773E-16,2.93643410767761E-17));
#4471=DIRECTION('',(0.034236938564163,-0.98423040372649,0.173546375410566));
#4472=DIRECTION('center_axis',(-0.374006587023149,-0.173648177666931,-0.911024359310029));
#4473=DIRECTION('ref_axis',(0.925078378519565,6.93889390390722E-18,-0.379776241483867));
#4474=DIRECTION('center_axis',(-0.374006587023149,-0.173648177666931,-0.911024359310029));
#4475=DIRECTION('ref_axis',(9.71445146547012E-17,-0.982314829463931,0.187236683946411));
#4476=DIRECTION('',(0.925078378519565,-2.43683745459219E-16,-0.379776241483868));
#4477=DIRECTION('center_axis',(-0.374006587023151,-0.17364817766693,0.911024359310029));
#4478=DIRECTION('ref_axis',(-0.925078378519564,-2.22044604925031E-16,-0.379776241483869));
#4479=DIRECTION('center_axis',(-0.374006587023151,-0.17364817766693,0.911024359310029));
#4480=DIRECTION('ref_axis',(-6.93889390390723E-17,0.982314829463931,0.18723668394641));
#4481=DIRECTION('',(-0.925078378519564,6.44292491653786E-17,-0.379776241483869));
#4482=DIRECTION('center_axis',(1.66533453693773E-16,1.,-2.36000145234802E-16));
#4483=DIRECTION('ref_axis',(0.,2.36000145234802E-16,1.));
#4484=DIRECTION('center_axis',(1.22464679914735E-16,0.,1.));
#4485=DIRECTION('ref_axis',(1.,0.,-6.12323399573677E-17));
#4486=DIRECTION('center_axis',(0.,-1.,2.36000145234802E-16));
#4487=DIRECTION('ref_axis',(1.,0.,0.));
#4488=DIRECTION('center_axis',(0.,-1.,2.36000145234802E-16));
#4489=DIRECTION('ref_axis',(0.,-2.30918471917281E-16,-1.));
#4490=DIRECTION('center_axis',(0.,-1.,2.36000145234802E-16));
#4491=DIRECTION('ref_axis',(1.,0.,0.));
#4492=DIRECTION('center_axis',(-1.,-2.89016822460111E-32,-1.22464679914735E-16));
#4493=DIRECTION('ref_axis',(-1.22464679914735E-16,2.26794927775901E-16,
1.));
#4494=DIRECTION('center_axis',(0.,-1.,2.36000145234802E-16));
#4495=DIRECTION('ref_axis',(0.,-2.36000145234802E-16,-1.));
#4496=DIRECTION('center_axis',(0.,-1.,2.36000145234802E-16));
#4497=DIRECTION('ref_axis',(1.,0.,0.));
#4498=DIRECTION('center_axis',(0.,-1.,2.36000145234802E-16));
#4499=DIRECTION('ref_axis',(0.,-2.36000145234802E-16,-1.));
#4500=DIRECTION('center_axis',(0.,-1.,2.36000145234802E-16));
#4501=DIRECTION('ref_axis',(1.,0.,0.));
#4502=DIRECTION('',(0.,1.,-2.36000145234802E-16));
#4503=DIRECTION('center_axis',(0.,1.,-2.36000145234802E-16));
#4504=DIRECTION('ref_axis',(0.,-2.36000145234802E-16,-1.));
#4505=DIRECTION('',(-1.06735001383232E-17,-0.996194698091746,-0.0871557427476596));
#4506=DIRECTION('center_axis',(0.,-1.,2.36000145234802E-16));
#4507=DIRECTION('ref_axis',(1.,0.,0.));
#4508=DIRECTION('center_axis',(0.,-1.,2.36000145234802E-16));
#4509=DIRECTION('ref_axis',(0.,-2.36000145234802E-16,-1.));
#4510=DIRECTION('axis',(0.,0.,1.));
#4511=DIRECTION('refdir',(1.,0.,0.));
#4512=DIRECTION('center_axis',(1.69966312610419E-16,-0.342020143325669,
-0.939692620785908));
#4513=DIRECTION('ref_axis',(1.,-5.55111512312579E-17,2.01078778667728E-16));
#4514=DIRECTION('',(-1.,5.55111512312578E-17,-2.01078778667728E-16));
#4515=DIRECTION('',(0.323615577118185,-0.889126490715988,0.323615577118185));
#4516=DIRECTION('',(-1.,5.55111512312578E-17,-2.01078778667728E-16));
#4517=DIRECTION('',(-0.323615577118185,-0.889126490715988,0.323615577118185));
#4518=DIRECTION('center_axis',(-0.939692620785908,-0.342020143325669,0.));
#4519=DIRECTION('ref_axis',(0.,0.,-1.));
#4520=DIRECTION('',(0.,0.,1.));
#4521=DIRECTION('',(0.323615577118185,-0.889126490715988,-0.323615577118185));
#4522=DIRECTION('',(0.,0.,1.));
#4523=DIRECTION('center_axis',(-1.89859319002877E-17,-0.342020143325669,
0.939692620785908));
#4524=DIRECTION('ref_axis',(-1.,5.55111512312578E-17,-1.84889274661175E-32));
#4525=DIRECTION('',(1.,-5.55111512312578E-17,0.));
#4526=DIRECTION('',(-0.323615577118185,-0.889126490715988,-0.323615577118185));
#4527=DIRECTION('',(1.,-5.55111512312578E-17,-3.27925094106027E-33));
#4528=DIRECTION('center_axis',(0.939692620785908,-0.342020143325669,0.));
#4529=DIRECTION('ref_axis',(0.,0.,1.));
#4530=DIRECTION('',(0.,0.,-1.));
#4531=DIRECTION('',(0.,0.,-1.));
#4532=DIRECTION('center_axis',(0.,1.,0.));
#4533=DIRECTION('ref_axis',(0.,0.,1.));
#4534=DIRECTION('center_axis',(-0.996194698091746,-0.0871557427476569,0.));
#4535=DIRECTION('ref_axis',(0.,0.,-1.));
#4536=DIRECTION('',(0.,0.,1.));
#4537=DIRECTION('',(0.0868265938642463,-0.992432509138967,-0.0868265938642478));
#4538=DIRECTION('',(0.,0.,1.));
#4539=DIRECTION('',(0.0868265938642463,-0.992432509138967,0.0868265938642478));
#4540=DIRECTION('center_axis',(8.70864795929892E-17,-0.0871557427476583,
0.996194698091746));
#4541=DIRECTION('ref_axis',(-1.,-1.54074395550979E-33,8.74191357972564E-17));
#4542=DIRECTION('',(1.,0.,-8.74191357972564E-17));
#4543=DIRECTION('',(-0.0868265938642477,-0.992432509138967,-0.0868265938642477));
#4544=DIRECTION('',(1.,0.,-8.74191357972564E-17));
#4545=DIRECTION('center_axis',(0.996194698091746,-0.0871557427476583,0.));
#4546=DIRECTION('ref_axis',(0.,0.,1.));
#4547=DIRECTION('',(0.,0.,-1.));
#4548=DIRECTION('',(-0.0868265938642477,-0.992432509138967,0.0868265938642477));
#4549=DIRECTION('',(0.,0.,-1.));
#4550=DIRECTION('center_axis',(0.,-0.0871557427476583,-0.996194698091746));
#4551=DIRECTION('ref_axis',(1.,0.,0.));
#4552=DIRECTION('',(-1.,0.,0.));
#4553=DIRECTION('',(-1.,0.,0.));
#4554=DIRECTION('center_axis',(-5.55111512312578E-17,-1.,0.));
#4555=DIRECTION('ref_axis',(0.,0.,-1.));
#4556=DIRECTION('center_axis',(-5.55111512312578E-17,-1.,0.));
#4557=DIRECTION('ref_axis',(0.,0.,-1.));
#4558=DIRECTION('',(0.,0.,1.));
#4559=DIRECTION('',(1.,0.,0.));
#4560=DIRECTION('',(0.,0.,1.));
#4561=DIRECTION('',(1.,0.,0.));
#4562=DIRECTION('',(0.,1.,2.36000145234802E-16));
#4563=DIRECTION('',(1.,0.,0.));
#4564=DIRECTION('',(-6.14662375484038E-17,-1.,1.74104341421973E-32));
#4565=DIRECTION('',(1.,-6.14662375484038E-17,-6.69535286834775E-17));
#4566=DIRECTION('',(0.,1.,2.36000145234802E-16));
#4567=DIRECTION('',(1.,0.,0.));
#4568=DIRECTION('',(0.,1.,2.36000145234802E-16));
#4569=DIRECTION('',(1.,0.,0.));
#4570=DIRECTION('',(0.,1.,2.36000145234802E-16));
#4571=DIRECTION('',(1.,0.,0.));
#4572=DIRECTION('',(-6.14662375484038E-17,-1.,-3.86052207741391E-17));
#4573=DIRECTION('',(1.,-6.14662375484038E-17,-1.35188240159598E-15));
#4574=DIRECTION('',(-6.14662375484038E-17,-1.,4.14603068248957E-33));
#4575=DIRECTION('',(1.,-6.14662375484038E-17,-5.72118872610984E-18));
#4576=DIRECTION('',(-6.14662375484038E-17,-1.,7.90178250721341E-33));
#4577=DIRECTION('',(1.,-6.14662375484038E-17,-6.69535286834775E-17));
#4578=CARTESIAN_POINT('',(0.,0.,0.));
#4579=CARTESIAN_POINT('',(0.,0.,0.));
#4580=CARTESIAN_POINT('Origin',(53.1114,73.025,81.4324));
#4581=CARTESIAN_POINT('',(53.1114,68.2625,81.4324));
#4582=CARTESIAN_POINT('',(53.1114,11.8872,81.4324));
#4583=CARTESIAN_POINT('',(53.1114,68.2625,81.4324));
#4584=CARTESIAN_POINT('',(51.054,68.2625,81.4324));
#4585=CARTESIAN_POINT('',(53.1114,68.2625,81.4324));
#4586=CARTESIAN_POINT('',(51.054,11.8872,81.4324));
#4587=CARTESIAN_POINT('',(51.054,11.8872,81.4324));
#4588=CARTESIAN_POINT('',(51.054,11.8872,81.4324));
#4589=CARTESIAN_POINT('Origin',(-53.1114,68.2625,76.6699));
#4590=CARTESIAN_POINT('',(-53.1114,68.2625,81.4324));
#4591=CARTESIAN_POINT('',(-53.1114,73.025,76.6699));
#4592=CARTESIAN_POINT('Origin',(-53.1114,68.2625,76.6699));
#4593=CARTESIAN_POINT('',(-51.054,68.2625,81.4324));
#4594=CARTESIAN_POINT('',(-53.1114,68.2625,81.4324));
#4595=CARTESIAN_POINT('',(-51.054,73.025,76.6699));
#4596=CARTESIAN_POINT('Origin',(-51.054,68.2625,76.6699));
#4597=CARTESIAN_POINT('',(-53.1114,73.025,76.6699));
#4598=CARTESIAN_POINT('Origin',(34.9250000000001,73.0249999999999,4.05621119234735E-30));
#4599=CARTESIAN_POINT('',(34.925,-25.3999999999999,2.0574));
#4600=CARTESIAN_POINT('',(34.925,-25.3999999999999,4.05621119234735E-30));
#4601=CARTESIAN_POINT('',(34.925,-25.3999999999999,2.0574));
#4602=CARTESIAN_POINT('',(34.925,-47.6249999999999,4.05621119234735E-30));
#4603=CARTESIAN_POINT('',(34.9250000000001,-47.6249999999999,4.05621119234735E-30));
#4604=CARTESIAN_POINT('',(34.925,-47.6249999999999,2.0574));
#4605=CARTESIAN_POINT('',(34.925,-47.6249999999999,2.0574));
#4606=CARTESIAN_POINT('',(34.925,-47.6249999999999,2.0574));
#4607=CARTESIAN_POINT('Origin',(-53.1114,-25.3999999999999,4.05621119234735E-30));
#4608=CARTESIAN_POINT('',(31.75,-25.3999999999999,2.0574));
#4609=CARTESIAN_POINT('',(31.75,-25.3999999999999,2.0574));
#4610=CARTESIAN_POINT('',(31.75,-25.3999999999999,4.05621119234735E-30));
#4611=CARTESIAN_POINT('',(31.75,-25.3999999999999,2.0574));
#4612=CARTESIAN_POINT('',(34.925,-25.3999999999999,4.05621119234735E-30));
#4613=CARTESIAN_POINT('Origin',(-53.1114,73.025,4.05621119234735E-30));
#4614=CARTESIAN_POINT('',(50.038,-73.025,4.05621119234735E-30));
#4615=CARTESIAN_POINT('',(-50.038,-73.025,4.05621119234735E-30));
#4616=CARTESIAN_POINT('',(50.038,-73.025,4.05621119234735E-30));
#4617=CARTESIAN_POINT('',(-50.038,73.025,4.05621119234735E-30));
#4618=CARTESIAN_POINT('',(-50.038,73.025,4.05621119234735E-30));
#4619=CARTESIAN_POINT('',(50.038,73.025,4.05621119234735E-30));
#4620=CARTESIAN_POINT('',(50.038,73.025,4.05621119234735E-30));
#4621=CARTESIAN_POINT('',(50.038,73.025,4.05621119234735E-30));
#4622=CARTESIAN_POINT('',(22.225,-47.6249999999999,4.05621119234735E-30));
#4623=CARTESIAN_POINT('',(25.4,-47.6249999999999,4.05621119234735E-30));
#4624=CARTESIAN_POINT('',(22.225,-47.6249999999999,4.05621119234735E-30));
#4625=CARTESIAN_POINT('',(25.4,-25.3999999999999,4.05621119234735E-30));
#4626=CARTESIAN_POINT('',(25.4000000000001,-47.6249999999999,4.05621119234735E-30));
#4627=CARTESIAN_POINT('',(22.225,-25.3999999999999,4.05621119234735E-30));
#4628=CARTESIAN_POINT('',(25.4,-25.3999999999999,4.05621119234735E-30));
#4629=CARTESIAN_POINT('',(22.2249999999999,-25.3999999999999,4.05621119234735E-30));
#4630=CARTESIAN_POINT('',(12.7,-47.6249999999999,4.05621119234735E-30));
#4631=CARTESIAN_POINT('',(15.875,-47.6249999999999,4.05621119234735E-30));
#4632=CARTESIAN_POINT('',(12.7,-47.6249999999999,4.05621119234735E-30));
#4633=CARTESIAN_POINT('',(15.875,-25.3999999999999,4.05621119234735E-30));
#4634=CARTESIAN_POINT('',(15.8750000000001,-47.6249999999999,4.05621119234735E-30));
#4635=CARTESIAN_POINT('',(12.7,-25.3999999999999,4.05621119234735E-30));
#4636=CARTESIAN_POINT('',(15.875,-25.3999999999999,4.05621119234735E-30));
#4637=CARTESIAN_POINT('',(12.6999999999999,-25.3999999999999,4.05621119234735E-30));
#4638=CARTESIAN_POINT('',(3.17500000000002,-47.6249999999999,4.05621119234735E-30));
#4639=CARTESIAN_POINT('',(6.34999999999999,-47.6249999999999,4.05621119234735E-30));
#4640=CARTESIAN_POINT('',(3.17500000000002,-47.6249999999999,4.05621119234735E-30));
#4641=CARTESIAN_POINT('',(6.35000000000002,-25.3999999999999,4.05621119234735E-30));
#4642=CARTESIAN_POINT('',(6.35000000000014,-47.6249999999999,4.05621119234735E-30));
#4643=CARTESIAN_POINT('',(3.175,-25.3999999999999,4.05621119234735E-30));
#4644=CARTESIAN_POINT('',(6.35000000000002,-25.3999999999999,4.05621119234735E-30));
#4645=CARTESIAN_POINT('',(3.17499999999988,-25.3999999999999,4.05621119234735E-30));
#4646=CARTESIAN_POINT('',(-6.34999999999998,-47.6249999999999,4.05621119234735E-30));
#4647=CARTESIAN_POINT('',(-3.17500000000001,-47.6249999999999,4.05621119234735E-30));
#4648=CARTESIAN_POINT('',(-6.34999999999998,-47.6249999999999,4.05621119234735E-30));
#4649=CARTESIAN_POINT('',(-3.17499999999998,-25.3999999999999,4.05621119234735E-30));
#4650=CARTESIAN_POINT('',(-3.17499999999986,-47.6249999999999,4.05621119234735E-30));
#4651=CARTESIAN_POINT('',(-6.34999999999999,-25.3999999999999,4.05621119234735E-30));
#4652=CARTESIAN_POINT('',(-3.17499999999998,-25.3999999999999,4.05621119234735E-30));
#4653=CARTESIAN_POINT('',(-6.35000000000012,-25.3999999999999,4.05621119234735E-30));
#4654=CARTESIAN_POINT('',(-15.875,-47.6249999999999,4.05621119234735E-30));
#4655=CARTESIAN_POINT('',(-12.7,-47.6249999999999,4.05621119234735E-30));
#4656=CARTESIAN_POINT('',(-15.875,-47.6249999999999,4.05621119234735E-30));
#4657=CARTESIAN_POINT('',(-12.7,-25.3999999999999,4.05621119234735E-30));
#4658=CARTESIAN_POINT('',(-12.6999999999999,-47.6249999999999,4.05621119234735E-30));
#4659=CARTESIAN_POINT('',(-15.875,-25.3999999999999,4.05621119234735E-30));
#4660=CARTESIAN_POINT('',(-12.7,-25.3999999999999,4.05621119234735E-30));
#4661=CARTESIAN_POINT('',(-15.8750000000001,-25.3999999999999,4.05621119234735E-30));
#4662=CARTESIAN_POINT('',(-25.4,-47.6249999999999,4.05621119234735E-30));
#4663=CARTESIAN_POINT('',(-22.225,-47.6249999999999,4.05621119234735E-30));
#4664=CARTESIAN_POINT('',(-25.4,-47.6249999999999,4.05621119234735E-30));
#4665=CARTESIAN_POINT('',(-22.225,-25.3999999999999,4.05621119234735E-30));
#4666=CARTESIAN_POINT('',(-22.2249999999999,-47.6249999999999,4.05621119234735E-30));
#4667=CARTESIAN_POINT('',(-25.4,-25.3999999999999,4.05621119234735E-30));
#4668=CARTESIAN_POINT('',(-22.225,-25.3999999999999,4.05621119234735E-30));
#4669=CARTESIAN_POINT('',(-25.4000000000001,-25.3999999999999,4.05621119234735E-30));
#4670=CARTESIAN_POINT('',(-34.925,-47.6249999999999,4.05621119234735E-30));
#4671=CARTESIAN_POINT('',(-31.75,-47.6249999999999,4.05621119234735E-30));
#4672=CARTESIAN_POINT('',(-34.925,-47.6249999999999,4.05621119234735E-30));
#4673=CARTESIAN_POINT('',(-31.75,-25.3999999999999,4.05621119234735E-30));
#4674=CARTESIAN_POINT('',(-31.7499999999999,-47.6249999999999,4.05621119234735E-30));
#4675=CARTESIAN_POINT('',(-34.925,-25.3999999999999,4.05621119234735E-30));
#4676=CARTESIAN_POINT('',(-31.75,-25.3999999999999,4.05621119234735E-30));
#4677=CARTESIAN_POINT('',(-34.9250000000001,-25.3999999999999,4.05621119234735E-30));
#4678=CARTESIAN_POINT('',(-42.6466,-64.2874,0.));
#4679=CARTESIAN_POINT('Origin',(-40.4749,-64.2874,0.));
#4680=CARTESIAN_POINT('',(-42.6466,64.2874,0.));
#4681=CARTESIAN_POINT('Origin',(-40.4749,64.2874,0.));
#4682=CARTESIAN_POINT('',(38.3031999999999,64.2874,0.));
#4683=CARTESIAN_POINT('Origin',(40.4748999999999,64.2874,0.));
#4684=CARTESIAN_POINT('',(38.3032,-64.2874,0.));
#4685=CARTESIAN_POINT('Origin',(40.4749,-64.2874,0.));
#4686=CARTESIAN_POINT('',(31.75,-47.6249999999999,4.05621119234735E-30));
#4687=CARTESIAN_POINT('',(31.75,-47.6249999999999,4.05621119234735E-30));
#4688=CARTESIAN_POINT('',(31.7499999999999,-25.3999999999999,4.05621119234735E-30));
#4689=CARTESIAN_POINT('Origin',(-53.1114,73.025,4.05621119234735E-30));
#4690=CARTESIAN_POINT('',(-53.1114,11.8872,81.4324));
#4691=CARTESIAN_POINT('',(-53.1114,68.2625,81.4324));
#4692=CARTESIAN_POINT('',(-53.1114,73.025,3.0734));
#4693=CARTESIAN_POINT('',(-53.1114,73.025,3.0734));
#4694=CARTESIAN_POINT('',(-53.1114,-73.025,3.0734));
#4695=CARTESIAN_POINT('',(-53.1114,73.025,3.0734));
#4696=CARTESIAN_POINT('',(-53.1114,-73.025,28.7441479578376));
#4697=CARTESIAN_POINT('',(-53.1114,-73.025,3.0734));
#4698=CARTESIAN_POINT('',(-53.1114,-69.8498988922161,34.2434676452357));
#4699=CARTESIAN_POINT('Origin',(-53.1114,-66.675,28.7441479578376));
#4700=CARTESIAN_POINT('',(-53.1114,-69.8498988922161,34.2434676452357));
#4701=CARTESIAN_POINT('Origin',(-53.1114,22.4810085204914,87.548478505698));
#4702=CARTESIAN_POINT('',(-51.054,-69.8498988922161,34.2434676452357));
#4703=CARTESIAN_POINT('',(-53.1114,-69.8498988922161,34.2434676452357));
#4704=CARTESIAN_POINT('',(-51.054,11.8872,81.4324));
#4705=CARTESIAN_POINT('',(-51.054,-69.8498988922161,34.2434676452357));
#4706=CARTESIAN_POINT('',(-51.054,11.8872,81.4324));
#4707=CARTESIAN_POINT('Origin',(-53.1114,73.025,81.4324));
#4708=CARTESIAN_POINT('',(-51.054,11.8872,81.4324));
#4709=CARTESIAN_POINT('Origin',(-53.1114,73.025,4.05621119234735E-30));
#4710=CARTESIAN_POINT('',(51.054,73.025,76.6699));
#4711=CARTESIAN_POINT('',(51.054,73.025,3.0734));
#4712=CARTESIAN_POINT('',(51.054,73.025,3.0734));
#4713=CARTESIAN_POINT('',(53.1114,73.025,76.6699));
#4714=CARTESIAN_POINT('',(51.054,73.025,76.6699));
#4715=CARTESIAN_POINT('',(53.1114,73.025,3.0734));
#4716=CARTESIAN_POINT('',(53.1114,73.025,76.6699));
#4717=CARTESIAN_POINT('Origin',(50.038,73.025,3.0734));
#4718=CARTESIAN_POINT('Origin',(-50.038,73.025,3.0734));
#4719=CARTESIAN_POINT('',(-51.054,73.025,3.0734));
#4720=CARTESIAN_POINT('',(-51.054,73.025,76.6699));
#4721=CARTESIAN_POINT('',(-50.038,73.025,2.0574));
#4722=CARTESIAN_POINT('Origin',(-50.038,73.025,3.0734));
#4723=CARTESIAN_POINT('',(50.038,73.025,2.0574));
#4724=CARTESIAN_POINT('',(-50.038,73.025,2.0574));
#4725=CARTESIAN_POINT('Origin',(50.038,73.025,3.0734));
#4726=CARTESIAN_POINT('Origin',(53.1114,73.025,4.05621119234735E-30));
#4727=CARTESIAN_POINT('Origin',(53.1114,68.2625,76.6699));
#4728=CARTESIAN_POINT('',(53.1114,-69.8498988922161,34.2434676452357));
#4729=CARTESIAN_POINT('',(53.1114,11.8872,81.4324));
#4730=CARTESIAN_POINT('',(53.1114,-73.025,28.7441479578375));
#4731=CARTESIAN_POINT('Origin',(53.1114,-66.675,28.7441479578375));
#4732=CARTESIAN_POINT('',(53.1114,-73.025,3.0734));
#4733=CARTESIAN_POINT('',(53.1114,-73.025,28.7441479578375));
#4734=CARTESIAN_POINT('',(53.1114,73.025,3.0734));
#4735=CARTESIAN_POINT('Origin',(50.038,73.025,3.0734));
#4736=CARTESIAN_POINT('Origin',(50.038,-73.025,3.0734));
#4737=CARTESIAN_POINT('Origin',(-50.038,73.025,3.0734));
#4738=CARTESIAN_POINT('Origin',(-50.038,-73.025,3.0734));
#4739=CARTESIAN_POINT('Origin',(-50.038,-73.025,3.0734));
#4740=CARTESIAN_POINT('',(51.054,-73.025,28.7441479578375));
#4741=CARTESIAN_POINT('',(51.054,-73.025,28.7441479578375));
#4742=CARTESIAN_POINT('',(51.054,-73.025,3.0734));
#4743=CARTESIAN_POINT('',(51.054,-73.025,3.0734));
#4744=CARTESIAN_POINT('',(50.038,-73.025,2.0574));
#4745=CARTESIAN_POINT('Origin',(50.038,-73.025,3.0734));
#4746=CARTESIAN_POINT('',(-50.038,-73.025,2.0574));
#4747=CARTESIAN_POINT('',(-50.038,-73.025,2.0574));
#4748=CARTESIAN_POINT('',(-51.054,-73.025,3.0734));
#4749=CARTESIAN_POINT('Origin',(-50.038,-73.025,3.0734));
#4750=CARTESIAN_POINT('',(-51.054,-73.025,28.7441479578376));
#4751=CARTESIAN_POINT('',(-51.054,-73.025,28.7441479578376));
#4752=CARTESIAN_POINT('',(-51.054,-73.025,28.7441479578376));
#4753=CARTESIAN_POINT('Origin',(-50.038,-66.675,28.7441479578376));
#4754=CARTESIAN_POINT('Origin',(-51.054,-66.675,28.7441479578376));
#4755=CARTESIAN_POINT('Origin',(-51.054,73.025,7.0124816745663E-16));
#4756=CARTESIAN_POINT('',(-51.054,73.025,3.0734));
#4757=CARTESIAN_POINT('Origin',(-50.038,73.025,3.0734));
#4758=CARTESIAN_POINT('',(-50.038,-73.025,2.0574));
#4759=CARTESIAN_POINT('Origin',(-53.1114,73.025,2.0574));
#4760=CARTESIAN_POINT('',(50.038,73.025,2.0574));
#4761=CARTESIAN_POINT('',(25.4,-47.6249999999999,2.0574));
#4762=CARTESIAN_POINT('',(25.4,-25.3999999999999,2.0574));
#4763=CARTESIAN_POINT('',(25.4,-47.6249999999999,2.0574));
#4764=CARTESIAN_POINT('',(22.225,-47.6249999999999,2.0574));
#4765=CARTESIAN_POINT('',(22.225,-47.6249999999999,2.0574));
#4766=CARTESIAN_POINT('',(22.225,-25.3999999999999,2.0574));
#4767=CARTESIAN_POINT('',(22.225,-47.6249999999999,2.0574));
#4768=CARTESIAN_POINT('',(22.225,-25.3999999999999,2.0574));
#4769=CARTESIAN_POINT('',(15.875,-47.6249999999999,2.0574));
#4770=CARTESIAN_POINT('',(15.875,-25.3999999999999,2.0574));
#4771=CARTESIAN_POINT('',(15.875,-47.6249999999999,2.0574));
#4772=CARTESIAN_POINT('',(12.7,-47.6249999999999,2.0574));
#4773=CARTESIAN_POINT('',(12.7,-47.6249999999999,2.0574));
#4774=CARTESIAN_POINT('',(12.7,-25.3999999999999,2.0574));
#4775=CARTESIAN_POINT('',(12.7,-47.6249999999999,2.0574));
#4776=CARTESIAN_POINT('',(12.7,-25.3999999999999,2.0574));
#4777=CARTESIAN_POINT('',(6.34999999999999,-47.6249999999999,2.0574));
#4778=CARTESIAN_POINT('',(6.35000000000002,-25.3999999999999,2.0574));
#4779=CARTESIAN_POINT('',(6.34999999999999,-47.6249999999999,2.0574));
#4780=CARTESIAN_POINT('',(3.17500000000002,-47.6249999999999,2.0574));
#4781=CARTESIAN_POINT('',(3.17500000000002,-47.6249999999999,2.0574));
#4782=CARTESIAN_POINT('',(3.175,-25.3999999999999,2.0574));
#4783=CARTESIAN_POINT('',(3.175,-47.6249999999999,2.0574));
#4784=CARTESIAN_POINT('',(3.175,-25.3999999999999,2.0574));
#4785=CARTESIAN_POINT('',(-3.17500000000001,-47.6249999999999,2.0574));
#4786=CARTESIAN_POINT('',(-3.17499999999998,-25.3999999999999,2.0574));
#4787=CARTESIAN_POINT('',(-3.17500000000001,-47.6249999999999,2.0574));
#4788=CARTESIAN_POINT('',(-6.34999999999998,-47.6249999999999,2.0574));
#4789=CARTESIAN_POINT('',(-6.34999999999998,-47.6249999999999,2.0574));
#4790=CARTESIAN_POINT('',(-6.34999999999999,-25.3999999999999,2.0574));
#4791=CARTESIAN_POINT('',(-6.34999999999999,-47.6249999999999,2.0574));
#4792=CARTESIAN_POINT('',(-6.34999999999999,-25.3999999999999,2.0574));
#4793=CARTESIAN_POINT('',(-12.7,-47.6249999999999,2.0574));
#4794=CARTESIAN_POINT('',(-12.7,-25.3999999999999,2.0574));
#4795=CARTESIAN_POINT('',(-12.7,-47.6249999999999,2.0574));
#4796=CARTESIAN_POINT('',(-15.875,-47.6249999999999,2.0574));
#4797=CARTESIAN_POINT('',(-15.875,-47.6249999999999,2.0574));
#4798=CARTESIAN_POINT('',(-15.875,-25.3999999999999,2.0574));
#4799=CARTESIAN_POINT('',(-15.875,-47.6249999999999,2.0574));
#4800=CARTESIAN_POINT('',(-15.875,-25.3999999999999,2.0574));
#4801=CARTESIAN_POINT('',(-22.225,-47.6249999999999,2.0574));
#4802=CARTESIAN_POINT('',(-22.225,-25.3999999999999,2.0574));
#4803=CARTESIAN_POINT('',(-22.225,-47.6249999999999,2.0574));
#4804=CARTESIAN_POINT('',(-25.4,-47.6249999999999,2.0574));
#4805=CARTESIAN_POINT('',(-25.4,-47.6249999999999,2.0574));
#4806=CARTESIAN_POINT('',(-25.4,-25.3999999999999,2.0574));
#4807=CARTESIAN_POINT('',(-25.4,-47.6249999999999,2.0574));
#4808=CARTESIAN_POINT('',(-25.4,-25.3999999999999,2.0574));
#4809=CARTESIAN_POINT('',(-31.75,-47.6249999999999,2.0574));
#4810=CARTESIAN_POINT('',(-31.75,-25.3999999999999,2.0574));
#4811=CARTESIAN_POINT('',(-31.75,-47.6249999999999,2.0574));
#4812=CARTESIAN_POINT('',(-34.925,-47.6249999999999,2.0574));
#4813=CARTESIAN_POINT('',(-34.925,-47.6249999999999,2.0574));
#4814=CARTESIAN_POINT('',(-34.925,-25.3999999999999,2.0574));
#4815=CARTESIAN_POINT('',(-34.925,-47.6249999999999,2.0574));
#4816=CARTESIAN_POINT('',(-34.925,-25.3999999999999,2.0574));
#4817=CARTESIAN_POINT('',(-42.6466,-64.2874,2.05739999999999));
#4818=CARTESIAN_POINT('Origin',(-40.4749,-64.2874,2.0574));
#4819=CARTESIAN_POINT('',(-42.6466,64.2874,2.05739999999999));
#4820=CARTESIAN_POINT('Origin',(-40.4749,64.2874,2.0574));
#4821=CARTESIAN_POINT('',(38.3031999999999,64.2874,2.05739999999999));
#4822=CARTESIAN_POINT('Origin',(40.4748999999999,64.2874,2.0574));
#4823=CARTESIAN_POINT('',(38.3032,-64.2874,2.05739999999999));
#4824=CARTESIAN_POINT('Origin',(40.4749,-64.2874,2.0574));
#4825=CARTESIAN_POINT('',(31.75,-47.6249999999999,2.0574));
#4826=CARTESIAN_POINT('',(31.75,-47.6249999999999,2.0574));
#4827=CARTESIAN_POINT('',(31.75,-47.6249999999999,2.0574));
#4828=CARTESIAN_POINT('Origin',(50.038,73.025,3.0734));
#4829=CARTESIAN_POINT('',(51.054,-73.025,3.0734));
#4830=CARTESIAN_POINT('Origin',(51.054,73.025,7.0124816745663E-16));
#4831=CARTESIAN_POINT('Origin',(51.054,68.2625,76.6699));
#4832=CARTESIAN_POINT('',(51.054,-69.8498988922161,34.2434676452357));
#4833=CARTESIAN_POINT('Origin',(51.054,-66.675,28.7441479578375));
#4834=CARTESIAN_POINT('',(51.054,11.8872,81.4324));
#4835=CARTESIAN_POINT('Origin',(53.1114,-66.675,28.7441479578375));
#4836=CARTESIAN_POINT('',(53.1114,-69.8498988922161,34.2434676452357));
#4837=CARTESIAN_POINT('Origin',(53.1114,22.4810085204914,87.548478505698));
#4838=CARTESIAN_POINT('Origin',(53.1114,68.2625,76.6699));
#4839=CARTESIAN_POINT('Origin',(40.4749,-64.2874,-196.046489152668));
#4840=CARTESIAN_POINT('',(38.3032,-64.2874,-196.046489152668));
#4841=CARTESIAN_POINT('Origin',(40.4748999999999,64.2874,-196.046489152668));
#4842=CARTESIAN_POINT('',(38.3031999999999,64.2874,-196.046489152668));
#4843=CARTESIAN_POINT('Origin',(-40.4749,64.2874,-196.046489152668));
#4844=CARTESIAN_POINT('',(-42.6466,64.2874,-196.046489152668));
#4845=CARTESIAN_POINT('Origin',(-40.4749,-64.2874,-196.046489152668));
#4846=CARTESIAN_POINT('',(-42.6466,-64.2874,-196.046489152668));
#4847=CARTESIAN_POINT('Origin',(-31.7499999999999,73.025,4.05621119234735E-30));
#4848=CARTESIAN_POINT('',(-31.75,-25.3999999999999,2.0574));
#4849=CARTESIAN_POINT('',(-31.75,-47.6249999999999,2.0574));
#4850=CARTESIAN_POINT('Origin',(-53.1114,-47.6249999999999,4.05621119234735E-30));
#4851=CARTESIAN_POINT('',(-34.925,-47.6249999999999,2.0574));
#4852=CARTESIAN_POINT('Origin',(-34.9250000000001,73.025,4.05621119234735E-30));
#4853=CARTESIAN_POINT('',(-34.925,-25.3999999999999,2.0574));
#4854=CARTESIAN_POINT('Origin',(-53.1114,-25.3999999999999,4.05621119234735E-30));
#4855=CARTESIAN_POINT('Origin',(-22.2249999999999,73.0249999999999,4.05621119234735E-30));
#4856=CARTESIAN_POINT('',(-22.225,-25.3999999999999,2.0574));
#4857=CARTESIAN_POINT('',(-22.225,-47.6249999999999,2.0574));
#4858=CARTESIAN_POINT('Origin',(-53.1114,-47.6249999999999,4.05621119234735E-30));
#4859=CARTESIAN_POINT('',(-25.4,-47.6249999999999,2.0574));
#4860=CARTESIAN_POINT('Origin',(-25.4000000000001,73.025,4.05621119234735E-30));
#4861=CARTESIAN_POINT('',(-25.4,-25.3999999999999,2.0574));
#4862=CARTESIAN_POINT('Origin',(-53.1114,-25.3999999999999,4.05621119234735E-30));
#4863=CARTESIAN_POINT('Origin',(-12.6999999999999,73.0249999999999,4.05621119234735E-30));
#4864=CARTESIAN_POINT('',(-12.7,-25.3999999999999,2.0574));
#4865=CARTESIAN_POINT('',(-12.7,-47.6249999999999,2.0574));
#4866=CARTESIAN_POINT('Origin',(-53.1114,-47.6249999999999,4.05621119234735E-30));
#4867=CARTESIAN_POINT('',(-15.875,-47.6249999999999,2.0574));
#4868=CARTESIAN_POINT('Origin',(-15.8750000000001,73.025,4.05621119234735E-30));
#4869=CARTESIAN_POINT('',(-15.875,-25.3999999999999,2.0574));
#4870=CARTESIAN_POINT('Origin',(-53.1114,-25.3999999999999,4.05621119234735E-30));
#4871=CARTESIAN_POINT('Origin',(-3.17499999999986,73.0249999999999,4.05621119234735E-30));
#4872=CARTESIAN_POINT('',(-3.17499999999998,-25.3999999999999,2.0574));
#4873=CARTESIAN_POINT('',(-3.17500000000001,-47.6249999999999,2.0574));
#4874=CARTESIAN_POINT('Origin',(-53.1114,-47.6249999999999,4.05621119234735E-30));
#4875=CARTESIAN_POINT('',(-6.34999999999998,-47.6249999999999,2.0574));
#4876=CARTESIAN_POINT('Origin',(-6.35000000000012,73.025,4.05621119234735E-30));
#4877=CARTESIAN_POINT('',(-6.34999999999999,-25.3999999999999,2.0574));
#4878=CARTESIAN_POINT('Origin',(-53.1114,-25.3999999999999,4.05621119234735E-30));
#4879=CARTESIAN_POINT('Origin',(6.35000000000014,73.0249999999999,4.05621119234735E-30));
#4880=CARTESIAN_POINT('',(6.35000000000002,-25.3999999999999,2.0574));
#4881=CARTESIAN_POINT('',(6.34999999999999,-47.6249999999999,2.0574));
#4882=CARTESIAN_POINT('Origin',(-53.1114,-47.6249999999999,4.05621119234735E-30));
#4883=CARTESIAN_POINT('',(3.17500000000002,-47.6249999999999,2.0574));
#4884=CARTESIAN_POINT('Origin',(3.17499999999988,73.0250000000001,4.05621119234735E-30));
#4885=CARTESIAN_POINT('',(3.175,-25.3999999999999,2.0574));
#4886=CARTESIAN_POINT('Origin',(-53.1114,-25.3999999999999,4.05621119234735E-30));
#4887=CARTESIAN_POINT('Origin',(15.8750000000001,73.0249999999999,4.05621119234735E-30));
#4888=CARTESIAN_POINT('',(15.875,-25.3999999999999,2.0574));
#4889=CARTESIAN_POINT('',(15.875,-47.6249999999999,2.0574));
#4890=CARTESIAN_POINT('Origin',(-53.1114,-47.6249999999999,4.05621119234735E-30));
#4891=CARTESIAN_POINT('',(12.7,-47.6249999999999,2.0574));
#4892=CARTESIAN_POINT('Origin',(12.6999999999999,73.0250000000001,4.05621119234735E-30));
#4893=CARTESIAN_POINT('',(12.7,-25.3999999999999,2.0574));
#4894=CARTESIAN_POINT('Origin',(-53.1114,-25.3999999999999,4.05621119234735E-30));
#4895=CARTESIAN_POINT('Origin',(25.4000000000001,73.0249999999999,4.05621119234735E-30));
#4896=CARTESIAN_POINT('',(25.4,-25.3999999999999,2.0574));
#4897=CARTESIAN_POINT('',(25.4,-47.6249999999999,2.0574));
#4898=CARTESIAN_POINT('Origin',(-53.1114,-47.6249999999999,4.05621119234735E-30));
#4899=CARTESIAN_POINT('',(22.225,-47.6249999999999,2.0574));
#4900=CARTESIAN_POINT('Origin',(22.2249999999999,73.0250000000001,4.05621119234735E-30));
#4901=CARTESIAN_POINT('',(22.225,-25.3999999999999,2.0574));
#4902=CARTESIAN_POINT('Origin',(-53.1114,-25.3999999999999,4.05621119234735E-30));
#4903=CARTESIAN_POINT('Origin',(-53.1114,-47.6249999999999,4.05621119234735E-30));
#4904=CARTESIAN_POINT('',(31.75,-47.6249999999999,2.0574));
#4905=CARTESIAN_POINT('Origin',(31.7499999999999,73.0250000000001,4.05621119234735E-30));
#4906=CARTESIAN_POINT('',(0.,0.,0.));
#4907=CARTESIAN_POINT('Origin',(-50.8,-14.2875,-76.2));
#4908=CARTESIAN_POINT('',(50.8,-14.2875,-74.5744));
#4909=CARTESIAN_POINT('',(50.8,-14.2875,-76.2));
#4910=CARTESIAN_POINT('',(50.8,-14.2875,-74.5744));
#4911=CARTESIAN_POINT('',(-50.8,-14.2875,-74.5744));
#4912=CARTESIAN_POINT('',(-50.8,-14.2875,-74.5744));
#4913=CARTESIAN_POINT('',(-50.8,-14.2875,-76.2));
#4914=CARTESIAN_POINT('',(-50.8,-14.2875,-74.5744));
#4915=CARTESIAN_POINT('',(-50.8,-14.2875,-76.2));
#4916=CARTESIAN_POINT('Origin',(50.8,-137.2616,-73.7616));
#4917=CARTESIAN_POINT('',(50.8,-138.0744,-73.7616));
#4918=CARTESIAN_POINT('',(50.8,-137.2616,-74.5744));
#4919=CARTESIAN_POINT('Origin',(50.8,-137.2616,-73.7616));
#4920=CARTESIAN_POINT('',(50.8,-138.0744,-49.0333318737453));
#4921=CARTESIAN_POINT('',(50.8,-138.0744,-49.0333318737453));
#4922=CARTESIAN_POINT('',(50.8,-137.667774410196,-48.3292962294051));
#4923=CARTESIAN_POINT('Origin',(50.8,-137.2616,-49.0333318737453));
#4924=CARTESIAN_POINT('',(50.8,-56.9032258290378,-1.7343643556597));
#4925=CARTESIAN_POINT('',(50.8,-56.9032258290378,-1.73436435565968));
#4926=CARTESIAN_POINT('',(50.8,-56.4970514188414,-1.6256));
#4927=CARTESIAN_POINT('Origin',(50.8,-56.4970514188414,-2.4384));
#4928=CARTESIAN_POINT('',(50.8,-2.43839999999999,-1.6256));
#4929=CARTESIAN_POINT('',(50.8,-2.43839999999999,-1.6256));
#4930=CARTESIAN_POINT('',(50.8,-1.62559999999999,-2.4384));
#4931=CARTESIAN_POINT('Origin',(50.8,-2.43839999999999,-2.4384));
#4932=CARTESIAN_POINT('',(50.8,-1.6256,-73.7616));
#4933=CARTESIAN_POINT('',(50.8,-1.62559999999999,-73.7616));
#4934=CARTESIAN_POINT('',(50.8,-2.4384,-74.5744));
#4935=CARTESIAN_POINT('Origin',(50.8,-2.4384,-73.7616));
#4936=CARTESIAN_POINT('',(50.8,-14.2875,-74.5744));
#4937=CARTESIAN_POINT('',(50.8,-2.4384,-76.2));
#4938=CARTESIAN_POINT('',(50.8,-14.2875,-76.2));
#4939=CARTESIAN_POINT('',(50.8,1.98625837999344E-16,-73.7616));
#4940=CARTESIAN_POINT('Origin',(50.8,-2.4384,-73.7616));
#4941=CARTESIAN_POINT('',(50.8,6.00843159948017E-15,-2.4384));
#4942=CARTESIAN_POINT('',(50.8,6.20705743747951E-15,-73.7616));
#4943=CARTESIAN_POINT('',(50.8,-2.43839999999999,1.94406258669302E-16));
#4944=CARTESIAN_POINT('Origin',(50.8,-2.43839999999999,-2.4384));
#4945=CARTESIAN_POINT('',(50.8,-56.4970514188414,1.94406258669302E-16));
#4946=CARTESIAN_POINT('',(50.8,-2.43839999999999,1.94406258669302E-16));
#4947=CARTESIAN_POINT('',(50.8,-57.7155746494304,-0.326293066979092));
#4948=CARTESIAN_POINT('Origin',(50.8,-56.4970514188414,-2.4384));
#4949=CARTESIAN_POINT('',(50.8,-138.480123230589,-46.9212249407244));
#4950=CARTESIAN_POINT('',(50.8,-57.7155746494304,-0.326293066979082));
#4951=CARTESIAN_POINT('',(50.8,-139.7,-49.0333318737453));
#4952=CARTESIAN_POINT('Origin',(50.8,-137.2616,-49.0333318737453));
#4953=CARTESIAN_POINT('',(50.8,-139.7,-73.7616));
#4954=CARTESIAN_POINT('',(50.8,-139.7,-49.0333318737453));
#4955=CARTESIAN_POINT('',(50.8,-137.2616,-76.2));
#4956=CARTESIAN_POINT('Origin',(50.8,-137.2616,-73.7616));
#4957=CARTESIAN_POINT('',(50.8,-125.4125,-76.2));
#4958=CARTESIAN_POINT('',(50.8,-137.2616,-76.2));
#4959=CARTESIAN_POINT('',(50.8,-125.4125,-74.5744));
#4960=CARTESIAN_POINT('',(50.8,-125.4125,-74.5744));
#4961=CARTESIAN_POINT('',(50.8,-137.2616,-74.5744));
#4962=CARTESIAN_POINT('Origin',(-50.8,3.81320228575825E-15,-29.3878));
#4963=CARTESIAN_POINT('',(-31.75,-1.6256,-29.3878));
#4964=CARTESIAN_POINT('',(-31.75,3.81320228575825E-15,-29.3878));
#4965=CARTESIAN_POINT('',(-31.75,-1.6256,-29.3878));
#4966=CARTESIAN_POINT('',(-34.925,3.81320228575825E-15,-29.3878));
#4967=CARTESIAN_POINT('',(-31.75,3.81320228575825E-15,-29.3878));
#4968=CARTESIAN_POINT('',(-34.925,-1.6256,-29.3878));
#4969=CARTESIAN_POINT('',(-34.925,-1.6256,-29.3878));
#4970=CARTESIAN_POINT('',(-34.925,-1.6256,-29.3878));
#4971=CARTESIAN_POINT('Origin',(-31.75,6.20705743747951E-15,3.69371891471674E-15));
#4972=CARTESIAN_POINT('',(-31.75,-1.62559999999999,-7.16279999999998));
#4973=CARTESIAN_POINT('',(-31.75,-1.62559999999999,-29.3878));
#4974=CARTESIAN_POINT('',(-31.75,5.62359403835644E-15,-7.16279999999998));
#4975=CARTESIAN_POINT('',(-31.75,-1.62559999999999,-7.16279999999998));
#4976=CARTESIAN_POINT('',(-31.75,6.20705743747951E-15,-7.16279999999998));
#4977=CARTESIAN_POINT('Origin',(-50.8,6.20705743747951E-15,3.69371891471674E-15));
#4978=CARTESIAN_POINT('',(-50.8,1.98625837999344E-16,-73.7616));
#4979=CARTESIAN_POINT('',(-50.8,1.98625837999344E-16,-73.7616));
#4980=CARTESIAN_POINT('',(-50.8,6.00843159948017E-15,-2.4384));
#4981=CARTESIAN_POINT('',(-50.8,6.20705743747951E-15,-73.7616));
#4982=CARTESIAN_POINT('',(-50.8,6.00843159948017E-15,-2.4384));
#4983=CARTESIAN_POINT('',(-22.225,3.81320228575825E-15,-29.3878));
#4984=CARTESIAN_POINT('',(-25.4,3.81320228575825E-15,-29.3878));
#4985=CARTESIAN_POINT('',(-22.225,3.81320228575825E-15,-29.3878));
#4986=CARTESIAN_POINT('',(-22.225,5.62359403835644E-15,-7.16279999999998));
#4987=CARTESIAN_POINT('',(-22.225,6.20705743747951E-15,-7.16279999999998));
#4988=CARTESIAN_POINT('',(-25.4,5.62359403835644E-15,-7.16279999999998));
#4989=CARTESIAN_POINT('',(-25.4,5.62359403835644E-15,-7.16279999999998));
#4990=CARTESIAN_POINT('',(-25.4,6.20705743747951E-15,-29.3878));
#4991=CARTESIAN_POINT('',(-12.7,3.81320228575825E-15,-29.3878));
#4992=CARTESIAN_POINT('',(-15.875,3.81320228575825E-15,-29.3878));
#4993=CARTESIAN_POINT('',(-12.7,3.81320228575825E-15,-29.3878));
#4994=CARTESIAN_POINT('',(-12.7,5.62359403835644E-15,-7.16279999999998));
#4995=CARTESIAN_POINT('',(-12.7,6.20705743747951E-15,-7.16279999999998));
#4996=CARTESIAN_POINT('',(-15.875,5.62359403835644E-15,-7.16279999999998));
#4997=CARTESIAN_POINT('',(-15.875,5.62359403835644E-15,-7.16279999999998));
#4998=CARTESIAN_POINT('',(-15.875,6.20705743747951E-15,-29.3878));
#4999=CARTESIAN_POINT('',(-3.17499999999998,3.81320228575825E-15,-29.3878));
#5000=CARTESIAN_POINT('',(-6.34999999999997,3.81320228575825E-15,-29.3878));
#5001=CARTESIAN_POINT('',(-3.17499999999998,3.81320228575825E-15,-29.3878));
#5002=CARTESIAN_POINT('',(-3.17499999999998,5.62359403835644E-15,-7.16279999999998));
#5003=CARTESIAN_POINT('',(-3.17499999999998,6.20705743747951E-15,-7.16279999999998));
#5004=CARTESIAN_POINT('',(-6.34999999999997,5.62359403835644E-15,-7.16279999999998));
#5005=CARTESIAN_POINT('',(-6.34999999999997,5.62359403835644E-15,-7.16279999999998));
#5006=CARTESIAN_POINT('',(-6.34999999999997,6.20705743747951E-15,-29.3878));
#5007=CARTESIAN_POINT('',(6.35000000000002,3.81320228575825E-15,-29.3878));
#5008=CARTESIAN_POINT('',(3.17500000000003,3.81320228575825E-15,-29.3878));
#5009=CARTESIAN_POINT('',(6.35000000000002,3.81320228575825E-15,-29.3878));
#5010=CARTESIAN_POINT('',(6.35000000000002,5.62359403835644E-15,-7.16279999999998));
#5011=CARTESIAN_POINT('',(6.35000000000002,6.20705743747951E-15,-7.16279999999998));
#5012=CARTESIAN_POINT('',(3.17500000000003,5.62359403835644E-15,-7.16279999999998));
#5013=CARTESIAN_POINT('',(3.17500000000003,5.62359403835644E-15,-7.16279999999998));
#5014=CARTESIAN_POINT('',(3.17500000000003,6.20705743747951E-15,-29.3878));
#5015=CARTESIAN_POINT('',(15.875,3.81320228575825E-15,-29.3878));
#5016=CARTESIAN_POINT('',(12.7,3.81320228575825E-15,-29.3878));
#5017=CARTESIAN_POINT('',(15.875,3.81320228575825E-15,-29.3878));
#5018=CARTESIAN_POINT('',(15.875,5.62359403835644E-15,-7.16279999999998));
#5019=CARTESIAN_POINT('',(15.875,6.20705743747951E-15,-7.16279999999998));
#5020=CARTESIAN_POINT('',(12.7,5.62359403835644E-15,-7.16279999999998));
#5021=CARTESIAN_POINT('',(12.7,5.62359403835644E-15,-7.16279999999998));
#5022=CARTESIAN_POINT('',(12.7,6.20705743747951E-15,-29.3878));
#5023=CARTESIAN_POINT('',(25.4,3.81320228575825E-15,-29.3878));
#5024=CARTESIAN_POINT('',(22.225,3.81320228575825E-15,-29.3878));
#5025=CARTESIAN_POINT('',(25.4,3.81320228575825E-15,-29.3878));
#5026=CARTESIAN_POINT('',(25.4,5.62359403835644E-15,-7.16279999999998));
#5027=CARTESIAN_POINT('',(25.4,6.20705743747951E-15,-7.16279999999998));
#5028=CARTESIAN_POINT('',(22.225,5.62359403835644E-15,-7.16279999999998));
#5029=CARTESIAN_POINT('',(22.225,5.62359403835644E-15,-7.16279999999998));
#5030=CARTESIAN_POINT('',(22.225,6.20705743747951E-15,-29.3878));
#5031=CARTESIAN_POINT('',(34.925,3.81320228575825E-15,-29.3878));
#5032=CARTESIAN_POINT('',(31.75,3.81320228575825E-15,-29.3878));
#5033=CARTESIAN_POINT('',(34.925,3.81320228575825E-15,-29.3878));
#5034=CARTESIAN_POINT('',(34.925,5.62359403835644E-15,-7.16279999999998));
#5035=CARTESIAN_POINT('',(34.925,6.20705743747951E-15,-7.16279999999998));
#5036=CARTESIAN_POINT('',(31.75,5.62359403835644E-15,-7.16279999999998));
#5037=CARTESIAN_POINT('',(31.75,5.62359403835644E-15,-7.16279999999998));
#5038=CARTESIAN_POINT('',(31.75,6.20705743747951E-15,-29.3878));
#5039=CARTESIAN_POINT('',(-34.925,5.62359403835644E-15,-7.16279999999998));
#5040=CARTESIAN_POINT('',(-34.925,5.62359403835644E-15,-7.16279999999998));
#5041=CARTESIAN_POINT('',(-34.925,6.20705743747951E-15,-29.3878));
#5042=CARTESIAN_POINT('Origin',(-50.8,0.,-76.2));
#5043=CARTESIAN_POINT('',(-50.8,-2.4384,-76.2));
#5044=CARTESIAN_POINT('',(-50.8,-14.2875,-76.2));
#5045=CARTESIAN_POINT('',(-50.8,-2.4384,-76.2));
#5046=CARTESIAN_POINT('',(20.4470000000001,-10.3251,-76.2));
#5047=CARTESIAN_POINT('Origin',(19.0500000000001,-10.3251,-76.2));
#5048=CARTESIAN_POINT('',(-17.653,-10.3251,-76.2));
#5049=CARTESIAN_POINT('Origin',(-19.05,-10.3251,-76.2));
#5050=CARTESIAN_POINT('',(-39.0906,-5.54989999999994,-76.2));
#5051=CARTESIAN_POINT('Origin',(-40.4876,-5.54989999999994,-76.2));
#5052=CARTESIAN_POINT('',(-42.6847,-8.57249999999996,-76.2));
#5053=CARTESIAN_POINT('Origin',(-45.085,-8.57249999999996,-76.2));
#5054=CARTESIAN_POINT('',(47.4853000000001,-8.57249999999997,-76.2));
#5055=CARTESIAN_POINT('Origin',(45.0850000000001,-8.57249999999997,-76.2));
#5056=CARTESIAN_POINT('',(41.8846000000001,-5.54989999999994,-76.2));
#5057=CARTESIAN_POINT('Origin',(40.4876000000001,-5.54989999999994,-76.2));
#5058=CARTESIAN_POINT('Origin',(-50.8,-139.7,-76.2));
#5059=CARTESIAN_POINT('',(-50.8,-137.2616,-76.2));
#5060=CARTESIAN_POINT('',(-50.8,-125.4125,-76.2));
#5061=CARTESIAN_POINT('',(-50.8,-137.2616,-76.2));
#5062=CARTESIAN_POINT('',(-50.8,-139.7,-73.7616));
#5063=CARTESIAN_POINT('Origin',(-50.8,-137.2616,-73.7616));
#5064=CARTESIAN_POINT('',(-50.8,-139.7,-49.0333318737453));
#5065=CARTESIAN_POINT('',(-50.8,-139.7,-49.0333318737453));
#5066=CARTESIAN_POINT('',(-50.8,-138.480123230589,-46.9212249407244));
#5067=CARTESIAN_POINT('Origin',(-50.8,-137.2616,-49.0333318737453));
#5068=CARTESIAN_POINT('',(-50.8,-57.7155746494304,-0.326293066979092));
#5069=CARTESIAN_POINT('',(-50.8,-57.7155746494304,-0.326293066979082));
#5070=CARTESIAN_POINT('',(-50.8,-56.4970514188414,1.94406258669302E-16));
#5071=CARTESIAN_POINT('Origin',(-50.8,-56.4970514188414,-2.4384));
#5072=CARTESIAN_POINT('',(-50.8,-2.43839999999999,1.94406258669302E-16));
#5073=CARTESIAN_POINT('',(-50.8,-2.43839999999999,1.94406258669302E-16));
#5074=CARTESIAN_POINT('Origin',(-50.8,-2.43839999999999,-2.4384));
#5075=CARTESIAN_POINT('Origin',(-50.8,-2.4384,-73.7616));
#5076=CARTESIAN_POINT('',(-50.8,-2.4384,-74.5744));
#5077=CARTESIAN_POINT('',(-50.8,-14.2875,-74.5744));
#5078=CARTESIAN_POINT('',(-50.8,-1.6256,-73.7616));
#5079=CARTESIAN_POINT('Origin',(-50.8,-2.4384,-73.7616));
#5080=CARTESIAN_POINT('',(-50.8,-1.62559999999999,-2.4384));
#5081=CARTESIAN_POINT('',(-50.8,-1.62559999999999,-73.7616));
#5082=CARTESIAN_POINT('',(-50.8,-2.43839999999999,-1.6256));
#5083=CARTESIAN_POINT('Origin',(-50.8,-2.43839999999999,-2.4384));
#5084=CARTESIAN_POINT('',(-50.8,-56.4970514188414,-1.6256));
#5085=CARTESIAN_POINT('',(-50.8,-2.43839999999999,-1.6256));
#5086=CARTESIAN_POINT('',(-50.8,-56.9032258290378,-1.7343643556597));
#5087=CARTESIAN_POINT('Origin',(-50.8,-56.4970514188414,-2.4384));
#5088=CARTESIAN_POINT('',(-50.8,-137.667774410196,-48.329296229405));
#5089=CARTESIAN_POINT('',(-50.8,-56.9032258290378,-1.73436435565968));
#5090=CARTESIAN_POINT('',(-50.8,-138.0744,-49.0333318737453));
#5091=CARTESIAN_POINT('Origin',(-50.8,-137.2616,-49.0333318737453));
#5092=CARTESIAN_POINT('',(-50.8,-138.0744,-73.7616));
#5093=CARTESIAN_POINT('',(-50.8,-138.0744,-49.0333318737453));
#5094=CARTESIAN_POINT('',(-50.8,-137.2616,-74.5744));
#5095=CARTESIAN_POINT('Origin',(-50.8,-137.2616,-73.7616));
#5096=CARTESIAN_POINT('',(-50.8,-125.4125,-74.5744));
#5097=CARTESIAN_POINT('',(-50.8,-137.2616,-74.5744));
#5098=CARTESIAN_POINT('',(-50.8,-125.4125,-74.5744));
#5099=CARTESIAN_POINT('Origin',(-50.8,-2.4384,-73.7616));
#5100=CARTESIAN_POINT('Origin',(-50.8,-1.57898385724467E-15,-74.5744));
#5101=CARTESIAN_POINT('',(-50.8,-2.4384,-74.5744));
#5102=CARTESIAN_POINT('',(20.4470000000001,-10.3251,-74.5744));
#5103=CARTESIAN_POINT('Origin',(19.0500000000001,-10.3251,-74.5744));
#5104=CARTESIAN_POINT('',(-17.653,-10.3251,-74.5744));
#5105=CARTESIAN_POINT('Origin',(-19.05,-10.3251,-74.5744));
#5106=CARTESIAN_POINT('',(-39.0906,-5.54989999999994,-74.5744));
#5107=CARTESIAN_POINT('Origin',(-40.4876,-5.54989999999994,-74.5744));
#5108=CARTESIAN_POINT('',(-42.6847,-8.57249999999996,-74.5744));
#5109=CARTESIAN_POINT('Origin',(-45.085,-8.57249999999996,-74.5744));
#5110=CARTESIAN_POINT('',(47.4853000000001,-8.57249999999997,-74.5744));
#5111=CARTESIAN_POINT('Origin',(45.0850000000001,-8.57249999999997,-74.5744));
#5112=CARTESIAN_POINT('',(41.8846000000001,-5.54989999999994,-74.5744));
#5113=CARTESIAN_POINT('Origin',(40.4876000000001,-5.54989999999994,-74.5744));
#5114=CARTESIAN_POINT('Origin',(-50.8,-2.4384,-73.7616));
#5115=CARTESIAN_POINT('',(-50.8,-1.6256,-73.7616));
#5116=CARTESIAN_POINT('Origin',(-50.8,-1.62559999999999,3.82613614004964E-15));
#5117=CARTESIAN_POINT('',(-50.8,-1.62559999999999,-2.4384));
#5118=CARTESIAN_POINT('',(-22.225,-1.62559999999999,-7.16279999999998));
#5119=CARTESIAN_POINT('',(-22.225,-1.6256,-29.3878));
#5120=CARTESIAN_POINT('',(-22.225,-1.62559999999999,-29.3878));
#5121=CARTESIAN_POINT('',(-25.4,-1.6256,-29.3878));
#5122=CARTESIAN_POINT('',(-25.4,-1.6256,-29.3878));
#5123=CARTESIAN_POINT('',(-25.4,-1.62559999999999,-7.16279999999998));
#5124=CARTESIAN_POINT('',(-25.4,-1.62559999999999,-29.3878));
#5125=CARTESIAN_POINT('',(-25.4,-1.62559999999999,-7.16279999999998));
#5126=CARTESIAN_POINT('',(-12.7,-1.62559999999999,-7.16279999999998));
#5127=CARTESIAN_POINT('',(-12.7,-1.6256,-29.3878));
#5128=CARTESIAN_POINT('',(-12.7,-1.62559999999999,-29.3878));
#5129=CARTESIAN_POINT('',(-15.875,-1.6256,-29.3878));
#5130=CARTESIAN_POINT('',(-15.875,-1.6256,-29.3878));
#5131=CARTESIAN_POINT('',(-15.875,-1.62559999999999,-7.16279999999998));
#5132=CARTESIAN_POINT('',(-15.875,-1.62559999999999,-29.3878));
#5133=CARTESIAN_POINT('',(-15.875,-1.62559999999999,-7.16279999999998));
#5134=CARTESIAN_POINT('',(-3.17499999999998,-1.62559999999999,-7.16279999999998));
#5135=CARTESIAN_POINT('',(-3.17499999999998,-1.6256,-29.3878));
#5136=CARTESIAN_POINT('',(-3.17499999999998,-1.62559999999999,-29.3878));
#5137=CARTESIAN_POINT('',(-6.34999999999997,-1.6256,-29.3878));
#5138=CARTESIAN_POINT('',(-6.34999999999997,-1.6256,-29.3878));
#5139=CARTESIAN_POINT('',(-6.34999999999997,-1.62559999999999,-7.16279999999998));
#5140=CARTESIAN_POINT('',(-6.34999999999997,-1.62559999999999,-29.3878));
#5141=CARTESIAN_POINT('',(-6.34999999999997,-1.62559999999999,-7.16279999999998));
#5142=CARTESIAN_POINT('',(6.35000000000002,-1.62559999999999,-7.16279999999998));
#5143=CARTESIAN_POINT('',(6.35000000000002,-1.6256,-29.3878));
#5144=CARTESIAN_POINT('',(6.35000000000002,-1.62559999999999,-29.3878));
#5145=CARTESIAN_POINT('',(3.17500000000003,-1.6256,-29.3878));
#5146=CARTESIAN_POINT('',(3.17500000000003,-1.6256,-29.3878));
#5147=CARTESIAN_POINT('',(3.17500000000003,-1.62559999999999,-7.16279999999998));
#5148=CARTESIAN_POINT('',(3.17500000000003,-1.62559999999999,-29.3878));
#5149=CARTESIAN_POINT('',(3.17500000000003,-1.62559999999999,-7.16279999999998));
#5150=CARTESIAN_POINT('',(15.875,-1.62559999999999,-7.16279999999998));
#5151=CARTESIAN_POINT('',(15.875,-1.6256,-29.3878));
#5152=CARTESIAN_POINT('',(15.875,-1.62559999999999,-29.3878));
#5153=CARTESIAN_POINT('',(12.7,-1.6256,-29.3878));
#5154=CARTESIAN_POINT('',(12.7,-1.6256,-29.3878));
#5155=CARTESIAN_POINT('',(12.7,-1.62559999999999,-7.16279999999998));
#5156=CARTESIAN_POINT('',(12.7,-1.62559999999999,-29.3878));
#5157=CARTESIAN_POINT('',(12.7,-1.62559999999999,-7.16279999999998));
#5158=CARTESIAN_POINT('',(25.4,-1.62559999999999,-7.16279999999998));
#5159=CARTESIAN_POINT('',(25.4,-1.6256,-29.3878));
#5160=CARTESIAN_POINT('',(25.4,-1.62559999999999,-29.3878));
#5161=CARTESIAN_POINT('',(22.225,-1.6256,-29.3878));
#5162=CARTESIAN_POINT('',(22.225,-1.6256,-29.3878));
#5163=CARTESIAN_POINT('',(22.225,-1.62559999999999,-7.16279999999998));
#5164=CARTESIAN_POINT('',(22.225,-1.62559999999999,-29.3878));
#5165=CARTESIAN_POINT('',(22.225,-1.62559999999999,-7.16279999999998));
#5166=CARTESIAN_POINT('',(34.925,-1.62559999999999,-7.16279999999998));
#5167=CARTESIAN_POINT('',(34.925,-1.6256,-29.3878));
#5168=CARTESIAN_POINT('',(34.925,-1.62559999999999,-29.3878));
#5169=CARTESIAN_POINT('',(31.75,-1.6256,-29.3878));
#5170=CARTESIAN_POINT('',(31.75,-1.6256,-29.3878));
#5171=CARTESIAN_POINT('',(31.75,-1.62559999999999,-7.16279999999998));
#5172=CARTESIAN_POINT('',(31.75,-1.62559999999999,-29.3878));
#5173=CARTESIAN_POINT('',(31.75,-1.62559999999999,-7.16279999999998));
#5174=CARTESIAN_POINT('',(-34.925,-1.62559999999999,-7.16279999999998));
#5175=CARTESIAN_POINT('',(-34.925,-1.62559999999999,-29.3878));
#5176=CARTESIAN_POINT('',(-34.925,-1.62559999999999,-7.16279999999998));
#5177=CARTESIAN_POINT('Origin',(-50.8,-2.43839999999999,-2.4384));
#5178=CARTESIAN_POINT('',(-50.8,-2.43839999999999,-1.6256));
#5179=CARTESIAN_POINT('Origin',(-50.8,6.20705743747951E-15,-1.6256));
#5180=CARTESIAN_POINT('',(-50.8,-56.4970514188414,-1.6256));
#5181=CARTESIAN_POINT('Origin',(-50.8,-56.4970514188414,-2.4384));
#5182=CARTESIAN_POINT('',(-50.8,-56.9032258290378,-1.7343643556597));
#5183=CARTESIAN_POINT('Origin',(-50.8,-56.3376511796074,-1.4080712886806));
#5184=CARTESIAN_POINT('',(-50.8,-137.667774410196,-48.3292962294051));
#5185=CARTESIAN_POINT('Origin',(-50.8,-137.2616,-49.0333318737453));
#5186=CARTESIAN_POINT('',(-50.8,-138.0744,-49.0333318737453));
#5187=CARTESIAN_POINT('Origin',(-50.8,-138.0744,-47.625));
#5188=CARTESIAN_POINT('',(-50.8,-138.0744,-73.7616));
#5189=CARTESIAN_POINT('Origin',(-50.8,-137.2616,-73.7616));
#5190=CARTESIAN_POINT('',(-50.8,-137.2616,-74.5744));
#5191=CARTESIAN_POINT('Origin',(-50.8,-139.7,-74.5744));
#5192=CARTESIAN_POINT('',(50.8,-125.4125,-74.5744));
#5193=CARTESIAN_POINT('',(-17.653,-129.3749,-74.5744));
#5194=CARTESIAN_POINT('Origin',(-19.05,-129.3749,-74.5744));
#5195=CARTESIAN_POINT('',(20.447,-129.3749,-74.5744));
#5196=CARTESIAN_POINT('Origin',(19.05,-129.3749,-74.5744));
#5197=CARTESIAN_POINT('',(41.8846,-134.1501,-74.5744));
#5198=CARTESIAN_POINT('Origin',(40.4876,-134.1501,-74.5744));
#5199=CARTESIAN_POINT('',(-42.6847,-131.1275,-74.5744));
#5200=CARTESIAN_POINT('Origin',(-45.085,-131.1275,-74.5744));
#5201=CARTESIAN_POINT('',(47.4853,-131.1275,-74.5744));
#5202=CARTESIAN_POINT('Origin',(45.085,-131.1275,-74.5744));
#5203=CARTESIAN_POINT('',(-39.0906,-134.1501,-74.5744));
#5204=CARTESIAN_POINT('Origin',(-40.4876,-134.1501,-74.5744));
#5205=CARTESIAN_POINT('Origin',(-50.8,-125.4125,-76.2));
#5206=CARTESIAN_POINT('',(-50.8,-125.4125,-76.2));
#5207=CARTESIAN_POINT('Origin',(-50.8,-139.7,-76.2));
#5208=CARTESIAN_POINT('',(-50.8,-137.2616,-76.2));
#5209=CARTESIAN_POINT('',(-17.653,-129.3749,-76.2));
#5210=CARTESIAN_POINT('Origin',(-19.05,-129.3749,-76.2));
#5211=CARTESIAN_POINT('',(20.447,-129.3749,-76.2));
#5212=CARTESIAN_POINT('Origin',(19.05,-129.3749,-76.2));
#5213=CARTESIAN_POINT('',(41.8846,-134.1501,-76.2));
#5214=CARTESIAN_POINT('Origin',(40.4876,-134.1501,-76.2));
#5215=CARTESIAN_POINT('',(-42.6847,-131.1275,-76.2));
#5216=CARTESIAN_POINT('Origin',(-45.085,-131.1275,-76.2));
#5217=CARTESIAN_POINT('',(47.4853,-131.1275,-76.2));
#5218=CARTESIAN_POINT('Origin',(45.085,-131.1275,-76.2));
#5219=CARTESIAN_POINT('',(-39.0906,-134.1501,-76.2));
#5220=CARTESIAN_POINT('Origin',(-40.4876,-134.1501,-76.2));
#5221=CARTESIAN_POINT('Origin',(-50.8,-137.2616,-73.7616));
#5222=CARTESIAN_POINT('',(-50.8,-139.7,-73.7616));
#5223=CARTESIAN_POINT('Origin',(-50.8,-139.7,-47.625));
#5224=CARTESIAN_POINT('',(-50.8,-139.7,-49.0333318737453));
#5225=CARTESIAN_POINT('Origin',(-50.8,-137.2616,-49.0333318737453));
#5226=CARTESIAN_POINT('',(-50.8,-138.480123230589,-46.9212249407244));
#5227=CARTESIAN_POINT('Origin',(-50.8,-57.15,1.94406258669302E-16));
#5228=CARTESIAN_POINT('',(-50.8,-57.7155746494304,-0.326293066979092));
#5229=CARTESIAN_POINT('Origin',(-50.8,-56.4970514188414,-2.4384));
#5230=CARTESIAN_POINT('',(-50.8,-56.4970514188414,1.94406258669302E-16));
#5231=CARTESIAN_POINT('Origin',(-50.8,6.20705743747951E-15,1.94406258669302E-16));
#5232=CARTESIAN_POINT('',(-50.8,-2.43839999999999,1.94406258669302E-16));
#5233=CARTESIAN_POINT('Origin',(-50.8,-2.43839999999999,-2.4384));
#5234=CARTESIAN_POINT('Origin',(-50.8,3.81320228575825E-15,-29.3878));
#5235=CARTESIAN_POINT('',(34.925,-1.6256,-29.3878));
#5236=CARTESIAN_POINT('',(31.75,-1.6256,-29.3878));
#5237=CARTESIAN_POINT('Origin',(45.085,-131.1275,112.599073090945));
#5238=CARTESIAN_POINT('',(47.4853,-131.1275,112.599073090945));
#5239=CARTESIAN_POINT('Origin',(45.0850000000001,-8.57249999999997,112.599073090945));
#5240=CARTESIAN_POINT('',(47.4853000000001,-8.57249999999997,112.599073090945));
#5241=CARTESIAN_POINT('Origin',(-45.085,-8.57249999999996,112.599073090945));
#5242=CARTESIAN_POINT('',(-42.6847,-8.57249999999996,112.599073090945));
#5243=CARTESIAN_POINT('Origin',(-50.8,5.62359403835644E-15,-7.16279999999998));
#5244=CARTESIAN_POINT('',(-34.925,-1.62559999999999,-7.16279999999998));
#5245=CARTESIAN_POINT('Origin',(-34.925,6.20705743747951E-15,3.69371891471674E-15));
#5246=CARTESIAN_POINT('Origin',(-22.225,6.20705743747951E-15,3.69371891471674E-15));
#5247=CARTESIAN_POINT('',(-22.225,-1.62559999999999,-7.16279999999998));
#5248=CARTESIAN_POINT('',(-22.225,-1.6256,-29.3878));
#5249=CARTESIAN_POINT('Origin',(-50.8,5.62359403835644E-15,-7.16279999999998));
#5250=CARTESIAN_POINT('',(-25.4,-1.62559999999999,-7.16279999999998));
#5251=CARTESIAN_POINT('Origin',(-25.4,6.20705743747951E-15,3.69371891471674E-15));
#5252=CARTESIAN_POINT('',(-25.4,-1.6256,-29.3878));
#5253=CARTESIAN_POINT('Origin',(-50.8,3.81320228575825E-15,-29.3878));
#5254=CARTESIAN_POINT('Origin',(-12.7,6.20705743747951E-15,3.69371891471674E-15));
#5255=CARTESIAN_POINT('',(-12.7,-1.62559999999999,-7.16279999999998));
#5256=CARTESIAN_POINT('',(-12.7,-1.6256,-29.3878));
#5257=CARTESIAN_POINT('Origin',(-50.8,5.62359403835644E-15,-7.16279999999998));
#5258=CARTESIAN_POINT('',(-15.875,-1.62559999999999,-7.16279999999998));
#5259=CARTESIAN_POINT('Origin',(-15.875,6.20705743747951E-15,3.69371891471674E-15));
#5260=CARTESIAN_POINT('',(-15.875,-1.6256,-29.3878));
#5261=CARTESIAN_POINT('Origin',(-50.8,3.81320228575825E-15,-29.3878));
#5262=CARTESIAN_POINT('Origin',(-3.17499999999998,6.20705743747951E-15,
3.69371891471674E-15));
#5263=CARTESIAN_POINT('',(-3.17499999999998,-1.62559999999999,-7.16279999999998));
#5264=CARTESIAN_POINT('',(-3.17499999999998,-1.6256,-29.3878));
#5265=CARTESIAN_POINT('Origin',(-50.8,5.62359403835644E-15,-7.16279999999998));
#5266=CARTESIAN_POINT('',(-6.34999999999997,-1.62559999999999,-7.16279999999998));
#5267=CARTESIAN_POINT('Origin',(-6.34999999999997,6.20705743747951E-15,
3.69371891471674E-15));
#5268=CARTESIAN_POINT('',(-6.34999999999997,-1.6256,-29.3878));
#5269=CARTESIAN_POINT('Origin',(-50.8,3.81320228575825E-15,-29.3878));
#5270=CARTESIAN_POINT('Origin',(6.35000000000002,6.20705743747951E-15,3.69371891471674E-15));
#5271=CARTESIAN_POINT('',(6.35000000000002,-1.62559999999999,-7.16279999999998));
#5272=CARTESIAN_POINT('',(6.35000000000002,-1.6256,-29.3878));
#5273=CARTESIAN_POINT('Origin',(-50.8,5.62359403835644E-15,-7.16279999999998));
#5274=CARTESIAN_POINT('',(3.17500000000003,-1.62559999999999,-7.16279999999998));
#5275=CARTESIAN_POINT('Origin',(3.17500000000003,6.20705743747951E-15,3.69371891471674E-15));
#5276=CARTESIAN_POINT('',(3.17500000000003,-1.6256,-29.3878));
#5277=CARTESIAN_POINT('Origin',(-50.8,3.81320228575825E-15,-29.3878));
#5278=CARTESIAN_POINT('Origin',(15.875,6.20705743747951E-15,3.69371891471674E-15));
#5279=CARTESIAN_POINT('',(15.875,-1.62559999999999,-7.16279999999998));
#5280=CARTESIAN_POINT('',(15.875,-1.6256,-29.3878));
#5281=CARTESIAN_POINT('Origin',(-50.8,5.62359403835644E-15,-7.16279999999998));
#5282=CARTESIAN_POINT('',(12.7,-1.62559999999999,-7.16279999999998));
#5283=CARTESIAN_POINT('Origin',(12.7,6.20705743747951E-15,3.69371891471674E-15));
#5284=CARTESIAN_POINT('',(12.7,-1.6256,-29.3878));
#5285=CARTESIAN_POINT('Origin',(-50.8,3.81320228575825E-15,-29.3878));
#5286=CARTESIAN_POINT('Origin',(25.4,6.20705743747951E-15,3.69371891471674E-15));
#5287=CARTESIAN_POINT('',(25.4,-1.62559999999999,-7.16279999999998));
#5288=CARTESIAN_POINT('',(25.4,-1.6256,-29.3878));
#5289=CARTESIAN_POINT('Origin',(-50.8,5.62359403835644E-15,-7.16279999999998));
#5290=CARTESIAN_POINT('',(22.225,-1.62559999999999,-7.16279999999998));
#5291=CARTESIAN_POINT('Origin',(22.225,6.20705743747951E-15,3.69371891471674E-15));
#5292=CARTESIAN_POINT('',(22.225,-1.6256,-29.3878));
#5293=CARTESIAN_POINT('Origin',(-50.8,3.81320228575825E-15,-29.3878));
#5294=CARTESIAN_POINT('Origin',(34.925,6.20705743747951E-15,3.69371891471674E-15));
#5295=CARTESIAN_POINT('',(34.925,-1.62559999999999,-7.16279999999998));
#5296=CARTESIAN_POINT('Origin',(-50.8,5.62359403835644E-15,-7.16279999999998));
#5297=CARTESIAN_POINT('',(31.75,-1.62559999999999,-7.16279999999998));
#5298=CARTESIAN_POINT('Origin',(31.75,6.20705743747951E-15,3.69371891471674E-15));
#5299=CARTESIAN_POINT('Origin',(-45.085,-131.1275,112.599073090945));
#5300=CARTESIAN_POINT('',(-42.6847,-131.1275,112.599073090945));
#5301=CARTESIAN_POINT('Origin',(40.4876,-134.1501,112.599073090945));
#5302=CARTESIAN_POINT('',(41.8846,-134.1501,112.599073090945));
#5303=CARTESIAN_POINT('Origin',(19.05,-129.3749,112.599073090945));
#5304=CARTESIAN_POINT('',(20.447,-129.3749,112.599073090945));
#5305=CARTESIAN_POINT('Origin',(-19.05,-129.3749,112.599073090945));
#5306=CARTESIAN_POINT('',(-17.653,-129.3749,112.599073090945));
#5307=CARTESIAN_POINT('Origin',(-40.4876,-5.54989999999994,112.599073090945));
#5308=CARTESIAN_POINT('',(-39.0906,-5.54989999999994,112.599073090945));
#5309=CARTESIAN_POINT('Origin',(-19.05,-10.3251,112.599073090945));
#5310=CARTESIAN_POINT('',(-17.653,-10.3251,112.599073090945));
#5311=CARTESIAN_POINT('Origin',(19.0500000000001,-10.3251,112.599073090945));
#5312=CARTESIAN_POINT('',(20.4470000000001,-10.3251,112.599073090945));
#5313=CARTESIAN_POINT('Origin',(40.4876000000001,-5.54989999999994,112.599073090945));
#5314=CARTESIAN_POINT('',(41.8846000000001,-5.54989999999994,112.599073090945));
#5315=CARTESIAN_POINT('Origin',(-40.4876,-134.1501,112.599073090945));
#5316=CARTESIAN_POINT('',(-39.0906,-134.1501,112.599073090945));
#5317=CARTESIAN_POINT('',(0.,0.,0.));
#5318=CARTESIAN_POINT('Origin',(1.08470025416547,1.905,0.3429));
#5319=CARTESIAN_POINT('',(1.08279417440197,1.85020474861809,0.333238118766666));
#5320=CARTESIAN_POINT('',(0.55524711425097,1.87870794097795,0.555247114250967));
#5321=CARTESIAN_POINT('Origin',(-0.49383727404356,-9.60481100948665,-1.20291407103239));
#5322=CARTESIAN_POINT('',(1.04935819457304,0.889000000000003,0.1637517876002));
#5323=CARTESIAN_POINT('',(1.08510219055973,1.91655471359824,0.344937407761727));
#5324=CARTESIAN_POINT('',(0.421506381497636,0.889000000000003,0.421506381497634));
#5325=CARTESIAN_POINT('',(0.216933453553188,0.889000000000003,0.505490549205051));
#5326=CARTESIAN_POINT('',(0.561530657392403,1.92520740614855,0.561530657392403));
#5327=CARTESIAN_POINT('Origin',(0.5588,1.905,0.5588));
#5328=CARTESIAN_POINT('',(0.333238118766666,1.85020474861809,1.08279417440197));
#5329=CARTESIAN_POINT('Origin',(-1.20291407103239,-9.60481100948665,-0.493837274043563));
#5330=CARTESIAN_POINT('',(0.163751787600199,0.889000000000003,1.04935819457304));
#5331=CARTESIAN_POINT('',(0.384221758103768,0.889000000000003,0.512326172694015));
#5332=CARTESIAN_POINT('',(0.344588905405731,1.91457825852258,1.08503343859805));
#5333=CARTESIAN_POINT('Origin',(0.3429,1.905,1.08470025416547));
#5334=CARTESIAN_POINT('',(0.318980225689726,1.76934421882478,1.75065744485884));
#5335=CARTESIAN_POINT('Origin',(-1.67494327794293,-9.53875789703556,2.37982245380066E-16));
#5336=CARTESIAN_POINT('',(0.163751787600199,0.889000000000003,1.61597624412619));
#5337=CARTESIAN_POINT('',(0.163751787600199,0.889000000000003,0.542350127082735));
#5338=CARTESIAN_POINT('Ctrl Pts',(0.318980225694115,1.76934421885813,1.7506574448288));
#5339=CARTESIAN_POINT('Ctrl Pts',(0.238261072405923,1.31156315231992,1.68331684445849));
#5340=CARTESIAN_POINT('Ctrl Pts',(0.163751787598708,0.889000000000041,1.61597624408818));
#5341=CARTESIAN_POINT('Origin',(8.21512058673338E-16,1.905,-4.49580276672299E-16));
#5342=CARTESIAN_POINT('',(-0.318980225689726,1.76934421882478,1.75065744485884));
#5343=CARTESIAN_POINT('Origin',(8.21512058673338E-16,1.76934421882478,-4.17565492613006E-16));
#5344=CARTESIAN_POINT('',(-0.163751787600199,0.889000000000003,1.61597624412619));
#5345=CARTESIAN_POINT('Origin',(8.21512058673338E-16,0.889000000000003,
-2.09804129113739E-16));
#5346=CARTESIAN_POINT('Ctrl Pts',(-0.163751787598875,0.888999999999931,
1.61597624406886));
#5347=CARTESIAN_POINT('Ctrl Pts',(-0.238261072404132,1.31156315230871,1.68331684443821));
#5348=CARTESIAN_POINT('Ctrl Pts',(-0.318980225690178,1.7693442188348,1.75065744480756));
#5349=CARTESIAN_POINT('Origin',(-0.3429,1.905,1.77050025416547));
#5350=CARTESIAN_POINT('',(-0.333238118766666,1.85020474861809,1.08279417440197));
#5351=CARTESIAN_POINT('Origin',(1.67494327794293,-9.53875789703556,-3.7738193184579E-16));
#5352=CARTESIAN_POINT('',(-0.1637517876002,0.889000000000003,1.04935819457304));
#5353=CARTESIAN_POINT('',(-0.1637517876002,0.889000000000003,0.885250127082735));
#5354=CARTESIAN_POINT('',(-0.344937407761727,1.91655471359824,1.08510219055973));
#5355=CARTESIAN_POINT('Origin',(-0.3429,1.905,1.08470025416547));
#5356=CARTESIAN_POINT('',(-0.555247114250967,1.87870794097795,0.55524711425097));
#5357=CARTESIAN_POINT('Origin',(1.20291407103239,-9.60481100948665,-0.49383727404356));
#5358=CARTESIAN_POINT('',(-0.421506381497634,0.889000000000003,0.421506381497634));
#5359=CARTESIAN_POINT('',(-0.409699420660831,0.889000000000003,0.450266380131248));
#5360=CARTESIAN_POINT('',(-0.561530657392403,1.92520740614855,0.561530657392403));
#5361=CARTESIAN_POINT('Origin',(1.77050025416547,1.905,0.3429));
#5362=CARTESIAN_POINT('',(1.75065744485884,1.76934421882478,0.318980225689726));
#5363=CARTESIAN_POINT('Origin',(-2.05121392408618E-16,-9.53875789703556,
-1.67494327794293));
#5364=CARTESIAN_POINT('',(1.61597624412619,0.889000000000003,0.1637517876002));
#5365=CARTESIAN_POINT('Ctrl Pts',(1.75065744476538,1.76934421887803,0.318980225698176));
#5366=CARTESIAN_POINT('Ctrl Pts',(1.68331684439079,1.31156315232757,0.238261072407842));
#5367=CARTESIAN_POINT('Ctrl Pts',(1.61597624401621,0.888999999999919,0.163751787599255));
#5368=CARTESIAN_POINT('',(0.422698409403395,0.889000000000003,0.1637517876002));
#5369=CARTESIAN_POINT('Origin',(-6.16297582203915E-32,1.905,-1.27109233534563E-15));
#5370=CARTESIAN_POINT('',(1.75065744485884,1.76934421882478,-0.318980225689726));
#5371=CARTESIAN_POINT('Origin',(-6.16297582203915E-32,1.76934421882478,
-1.23907755128634E-15));
#5372=CARTESIAN_POINT('',(1.61597624412619,0.889,-0.163751787600199));
#5373=CARTESIAN_POINT('Ctrl Pts',(1.75065744491666,1.76934421884283,-0.318980225694585));
#5374=CARTESIAN_POINT('Ctrl Pts',(1.68331684455142,1.31156315231484,-0.238261072408192));
#5375=CARTESIAN_POINT('Ctrl Pts',(1.61597624418619,0.888999999999992,-0.163751787601864));
#5376=CARTESIAN_POINT('Origin',(-6.16297582203915E-32,0.889000000000003,
-1.03131618778708E-15));
#5377=CARTESIAN_POINT('Origin',(1.08470025416547,1.905,-0.3429));
#5378=CARTESIAN_POINT('',(1.08279417440197,1.85020474861809,-0.333238118766666));
#5379=CARTESIAN_POINT('Origin',(2.05121392408619E-16,-9.53875789703556,
1.67494327794293));
#5380=CARTESIAN_POINT('',(1.04935819457304,0.889,-0.163751787600199));
#5381=CARTESIAN_POINT('',(1.08503343859805,1.91457825852258,-0.344588905405731));
#5382=CARTESIAN_POINT('',(0.0797984094033939,0.889000000000003,-0.163751787600199));
#5383=CARTESIAN_POINT('Origin',(0.5588,1.905,-0.5588));
#5384=CARTESIAN_POINT('',(0.555247114250967,1.87870794097795,-0.55524711425097));
#5385=CARTESIAN_POINT('Origin',(-0.493837274043563,-9.60481100948665,1.20291407103239));
#5386=CARTESIAN_POINT('',(0.421506381497634,0.889,-0.421506381497634));
#5387=CARTESIAN_POINT('',(0.561530657392403,1.92520740614855,-0.561530657392403));
#5388=CARTESIAN_POINT('',(-0.0460166735295463,0.889,-0.613440549205051));
#5389=CARTESIAN_POINT('Origin',(0.3429,1.905,-1.08470025416547));
#5390=CARTESIAN_POINT('',(0.333238118766666,1.85020474861809,-1.08279417440197));
#5391=CARTESIAN_POINT('Origin',(-1.20291407103239,-9.60481100948665,0.49383727404356));
#5392=CARTESIAN_POINT('',(0.1637517876002,0.889,-1.04935819457304));
#5393=CARTESIAN_POINT('',(0.344937407761727,1.91655471359824,-1.08510219055973));
#5394=CARTESIAN_POINT('',(0.276271758103768,0.889,-0.77527629977675));
#5395=CARTESIAN_POINT('Origin',(0.3429,1.905,-1.77050025416547));
#5396=CARTESIAN_POINT('',(0.318980225689726,1.76934421882478,-1.75065744485884));
#5397=CARTESIAN_POINT('Origin',(-1.67494327794293,-9.53875789703556,3.28608529714471E-17));
#5398=CARTESIAN_POINT('',(0.1637517876002,0.889,-1.61597624412619));
#5399=CARTESIAN_POINT('Ctrl Pts',(0.163751787598844,0.888999999999837,-1.61597624421421));
#5400=CARTESIAN_POINT('Ctrl Pts',(0.238261072409092,1.31156315233687,-1.68331684458197));
#5401=CARTESIAN_POINT('Ctrl Pts',(0.318980225699832,1.76934421888958,-1.75065744494972));
#5402=CARTESIAN_POINT('',(0.1637517876002,0.889,-0.885250127082735));
#5403=CARTESIAN_POINT('Origin',(-8.21512058673338E-16,1.905,-4.49580276672297E-16));
#5404=CARTESIAN_POINT('',(-0.318980225689726,1.76934421882478,-1.75065744485884));
#5405=CARTESIAN_POINT('Origin',(-8.21512058673338E-16,1.76934421882478,
-4.17565492613006E-16));
#5406=CARTESIAN_POINT('',(-0.163751787600199,0.889,-1.61597624412619));
#5407=CARTESIAN_POINT('Ctrl Pts',(-0.163751787598688,0.888999999999957,
-1.61597624423357));
#5408=CARTESIAN_POINT('Ctrl Pts',(-0.238261072403732,1.31156315230751,-1.68331684459582));
#5409=CARTESIAN_POINT('Ctrl Pts',(-0.31898022568826,1.769344218825,-1.75065744495806));
#5410=CARTESIAN_POINT('Origin',(-8.21512058673338E-16,0.889000000000003,
-2.09804129113739E-16));
#5411=CARTESIAN_POINT('Origin',(-0.3429,1.905,-1.08470025416547));
#5412=CARTESIAN_POINT('',(-0.333238118766666,1.85020474861809,-1.08279417440197));
#5413=CARTESIAN_POINT('Origin',(1.67494327794293,-9.53875789703556,-1.72260539437172E-16));
#5414=CARTESIAN_POINT('',(-0.163751787600199,0.889,-1.04935819457304));
#5415=CARTESIAN_POINT('',(-0.344588905405731,1.91457825852258,-1.08503343859805));
#5416=CARTESIAN_POINT('',(-0.163751787600199,0.889000000000003,-0.542350127082735));
#5417=CARTESIAN_POINT('Origin',(-0.5588,1.905,-0.5588));
#5418=CARTESIAN_POINT('',(-0.55524711425097,1.87870794097795,-0.55524711425097));
#5419=CARTESIAN_POINT('Origin',(1.20291407103239,-9.60481100948665,0.493837274043563));
#5420=CARTESIAN_POINT('',(-0.421506381497634,0.889000000000003,-0.421506381497634));
#5421=CARTESIAN_POINT('',(-0.561530657392403,1.92520740614855,-0.561530657392403));
#5422=CARTESIAN_POINT('',(-0.517649420660831,0.889000000000003,-0.187316253048512));
#5423=CARTESIAN_POINT('Origin',(-1.08470025416547,1.905,0.3429));
#5424=CARTESIAN_POINT('',(-1.08279417440197,1.85020474861809,0.333238118766666));
#5425=CARTESIAN_POINT('',(-1.75065744485884,1.76934421882478,0.318980225689726));
#5426=CARTESIAN_POINT('Origin',(0.,-9.53875789703556,-1.67494327794293));
#5427=CARTESIAN_POINT('',(-1.04935819457304,0.889000000000003,0.163751787600199));
#5428=CARTESIAN_POINT('',(-1.08503343859805,1.91457825852258,0.344588905405731));
#5429=CARTESIAN_POINT('',(-1.61597624412619,0.889000000000003,0.163751787600199));
#5430=CARTESIAN_POINT('',(-1.00490184476208,0.889000000000003,0.163751787600199));
#5431=CARTESIAN_POINT('Ctrl Pts',(-1.61597624396307,0.888999999999937,0.163751787599048));
#5432=CARTESIAN_POINT('Ctrl Pts',(-1.68331684433713,1.31156315231022,0.238261072404571));
#5433=CARTESIAN_POINT('Ctrl Pts',(-1.75065744471119,1.76934421884277,0.318980225691755));
#5434=CARTESIAN_POINT('Origin',(0.,1.905,3.71931782001039E-16));
#5435=CARTESIAN_POINT('',(-1.75065744485884,1.76934421882478,-0.318980225689726));
#5436=CARTESIAN_POINT('Origin',(0.,1.76934421882478,4.03946566060332E-16));
#5437=CARTESIAN_POINT('',(-1.61597624412619,0.889000000000003,-0.1637517876002));
#5438=CARTESIAN_POINT('Origin',(0.,0.889000000000003,6.11707929559599E-16));
#5439=CARTESIAN_POINT('Ctrl Pts',(-1.61597624423602,0.888999999999967,-0.163751787601983));
#5440=CARTESIAN_POINT('Ctrl Pts',(-1.683316844601,1.31156315232646,-0.238261072410367));
#5441=CARTESIAN_POINT('Ctrl Pts',(-1.75065744496599,1.76934421886583,-0.318980225698755));
#5442=CARTESIAN_POINT('Origin',(-1.77050025416547,1.905,-0.3429));
#5443=CARTESIAN_POINT('',(-1.08279417440197,1.85020474861809,-0.333238118766666));
#5444=CARTESIAN_POINT('Origin',(0.,-9.53875789703556,1.67494327794293));
#5445=CARTESIAN_POINT('',(-1.04935819457304,0.889000000000003,-0.1637517876002));
#5446=CARTESIAN_POINT('',(-1.34780184476208,0.889000000000003,-0.1637517876002));
#5447=CARTESIAN_POINT('',(-1.08510219055973,1.91655471359824,-0.34493740776173));
#5448=CARTESIAN_POINT('Origin',(-1.08470025416547,1.905,-0.3429));
#5449=CARTESIAN_POINT('Origin',(0.49383727404356,-9.60481100948665,1.20291407103239));
#5450=CARTESIAN_POINT('',(-1.00860922635481,0.889000000000003,-0.180480629559548));
#5451=CARTESIAN_POINT('Origin',(-0.5588,1.905,0.5588));
#5452=CARTESIAN_POINT('Origin',(0.49383727404356,-9.60481100948665,-1.20291407103239));
#5453=CARTESIAN_POINT('',(-0.745659099272075,0.889000000000003,0.288430629559546));
#5454=CARTESIAN_POINT('Origin',(-0.925103435358685,0.889000000000003,-4.38054506145392E-16));
#5455=CARTESIAN_POINT('Origin',(0.,-9.83409558809319,-1.0524995386227E-22));
#5456=CARTESIAN_POINT('',(-2.9743906618613E-16,1.651,2.42877429143831));
#5457=CARTESIAN_POINT('Origin',(0.,1.651,-3.89636239782657E-16));
#5458=CARTESIAN_POINT('Origin',(0.,0.495466913669159,-1.16930263584961E-16));
#5459=CARTESIAN_POINT('',(-3.98812444801943E-16,1.86387003487205E-15,3.25655074654677));
#5460=CARTESIAN_POINT('Origin',(0.,1.11022302462516E-15,-2.46519032881566E-31));
#5461=CARTESIAN_POINT('Origin',(-2.67513265437746E-16,0.49546691366916,
2.18441158400936));
#5462=CARTESIAN_POINT('Origin',(0.,7.17312035634482E-17,-1.6891));
#5463=CARTESIAN_POINT('',(-2.0685509084398E-16,5.55111512312578E-16,1.6891));
#5464=CARTESIAN_POINT('Origin',(0.,0.,0.));
#5465=CARTESIAN_POINT('Origin',(0.,-2.0447,4.82549496961598E-16));
#5466=CARTESIAN_POINT('',(-2.0685509084398E-16,-4.0894,1.6891));
#5467=CARTESIAN_POINT('Origin',(0.,-4.0894,9.65098993923199E-16));
#5468=CARTESIAN_POINT('',(-2.0685509084398E-16,-2.0447,1.6891));
#5469=CARTESIAN_POINT('Origin',(0.,-4.9022,1.15691991197004E-15));
#5470=CARTESIAN_POINT('',(1.8943797162211E-16,-5.715,1.54687842857226));
#5471=CARTESIAN_POINT('',(1.98146531233045E-16,-4.9022,1.61798921428613));
#5472=CARTESIAN_POINT('Origin',(0.,-5.715,1.34874083001689E-15));
#5473=CARTESIAN_POINT('Origin',(0.,-5.715,-2.4980018054066E-15));
#5474=CARTESIAN_POINT('',(0.,0.,0.));
#5475=CARTESIAN_POINT('Origin',(5.52133363839324,-0.762,-5.52133363839324));
#5476=CARTESIAN_POINT('',(3.57991640881733,-6.096,-3.57991640881733));
#5477=CARTESIAN_POINT('',(-3.57991640881733,-6.096,-3.57991640881733));
#5478=CARTESIAN_POINT('',(5.52133363839324,-6.096,-3.57991640881733));
#5479=CARTESIAN_POINT('',(-5.52133363839324,-0.762,-5.52133363839324));
#5480=CARTESIAN_POINT('',(-4.94310069991004,-2.35068194166752,-4.94310069991004));
#5481=CARTESIAN_POINT('',(5.52133363839324,-0.762,-5.52133363839324));
#5482=CARTESIAN_POINT('',(2.76066681919662,-0.762,-5.52133363839324));
#5483=CARTESIAN_POINT('',(4.94310069991004,-2.35068194166752,-4.94310069991004));
#5484=CARTESIAN_POINT('Origin',(-5.52133363839324,-0.762,-5.52133363839324));
#5485=CARTESIAN_POINT('',(-3.57991640881733,-6.096,3.57991640881733));
#5486=CARTESIAN_POINT('',(-3.57991640881733,-6.096,-5.52133363839324));
#5487=CARTESIAN_POINT('',(-5.52133363839324,-0.762,5.52133363839324));
#5488=CARTESIAN_POINT('',(-4.94310069991004,-2.35068194166751,4.94310069991004));
#5489=CARTESIAN_POINT('',(-5.52133363839324,-0.762,-2.76066681919662));
#5490=CARTESIAN_POINT('Origin',(-5.52133363839324,-0.762,5.52133363839324));
#5491=CARTESIAN_POINT('',(3.57991640881733,-6.096,3.57991640881733));
#5492=CARTESIAN_POINT('',(-5.52133363839324,-6.096,3.57991640881733));
#5493=CARTESIAN_POINT('',(5.52133363839324,-0.762,5.52133363839324));
#5494=CARTESIAN_POINT('',(4.94310069991004,-2.35068194166752,4.94310069991004));
#5495=CARTESIAN_POINT('',(-2.76066681919662,-0.762,5.52133363839324));
#5496=CARTESIAN_POINT('Origin',(5.52133363839324,-0.762,5.52133363839324));
#5497=CARTESIAN_POINT('',(3.57991640881733,-6.096,5.52133363839324));
#5498=CARTESIAN_POINT('',(5.52133363839324,-0.762,2.76066681919662));
#5499=CARTESIAN_POINT('Origin',(-3.7702271000199E-16,-6.096,-5.65534065002986E-16));
#5500=CARTESIAN_POINT('Origin',(-6.35,0.,-6.35));
#5501=CARTESIAN_POINT('',(-6.28333363839324,-0.762,-6.28333363839324));
#5502=CARTESIAN_POINT('',(-6.28333363839324,-0.762,6.28333363839324));
#5503=CARTESIAN_POINT('',(-6.28333363839324,-0.762,-6.35));
#5504=CARTESIAN_POINT('',(-6.35,0.,6.35));
#5505=CARTESIAN_POINT('',(-6.30212825549687,-0.547176543495154,6.30212825549687));
#5506=CARTESIAN_POINT('',(-6.35,0.,-6.35));
#5507=CARTESIAN_POINT('',(-6.35,0.,-6.35));
#5508=CARTESIAN_POINT('',(-6.30212825549687,-0.547176543495143,-6.30212825549687));
#5509=CARTESIAN_POINT('Origin',(-6.35,0.,6.35));
#5510=CARTESIAN_POINT('',(6.28333363839324,-0.762,6.28333363839324));
#5511=CARTESIAN_POINT('',(-6.35,-0.762,6.28333363839324));
#5512=CARTESIAN_POINT('',(6.35,0.,6.35));
#5513=CARTESIAN_POINT('',(6.30212825549687,-0.547176543495151,6.30212825549687));
#5514=CARTESIAN_POINT('',(-6.35,0.,6.35));
#5515=CARTESIAN_POINT('Origin',(6.35,0.,6.35));
#5516=CARTESIAN_POINT('',(6.28333363839324,-0.762,-6.28333363839324));
#5517=CARTESIAN_POINT('',(6.28333363839324,-0.762,6.35));
#5518=CARTESIAN_POINT('',(6.35,0.,-6.35));
#5519=CARTESIAN_POINT('',(6.30212825549687,-0.547176543495154,-6.30212825549687));
#5520=CARTESIAN_POINT('',(6.35,0.,6.35));
#5521=CARTESIAN_POINT('Origin',(6.35,0.,-6.35));
#5522=CARTESIAN_POINT('',(6.35,-0.762,-6.28333363839324));
#5523=CARTESIAN_POINT('',(6.35,0.,-6.35));
#5524=CARTESIAN_POINT('Origin',(0.,-0.762,-2.7755575615629E-16));
#5525=CARTESIAN_POINT('Origin',(0.,0.,-2.7755575615629E-16));
#5526=CARTESIAN_POINT('',(0.,0.,0.));
#5527=CARTESIAN_POINT('',(-0.0127000000000044,69.8627,78.2574));
#5528=CARTESIAN_POINT('',(40.4748999999999,64.2874,0.));
#5529=CARTESIAN_POINT('',(28.6307024368498,-61.6559008122833,4.22334094601185E-15));
#5530=CARTESIAN_POINT('',(-40.4749,64.2874,0.));
#5531=CARTESIAN_POINT('',(40.4749,-64.2874,0.));
#5532=CARTESIAN_POINT('',(-40.4749,-64.2874,0.));
#5533=CARTESIAN_POINT('',(-28.6307024368497,-61.6559008122833,8.04911692853239E-15));
#5534=CARTESIAN_POINT('',(28.6307024368498,61.6559008122833,-1.75312490483142E-15));
#5535=CARTESIAN_POINT('',(-28.6307024368498,61.6559008122833,1.60515639969305E-14));
#5536=UNCERTAINTY_MEASURE_WITH_UNIT(LENGTH_MEASURE(0.01),#5548,
'DISTANCE_ACCURACY_VALUE',
'Maximum model space distance between geometric entities at asserted c
onnectivities');
#5537=UNCERTAINTY_MEASURE_WITH_UNIT(LENGTH_MEASURE(0.01),#5548,
'DISTANCE_ACCURACY_VALUE',
'Maximum model space distance between geometric entities at asserted c
onnectivities');
#5538=UNCERTAINTY_MEASURE_WITH_UNIT(LENGTH_MEASURE(0.01),#5548,
'DISTANCE_ACCURACY_VALUE',
'Maximum model space distance between geometric entities at asserted c
onnectivities');
#5539=UNCERTAINTY_MEASURE_WITH_UNIT(LENGTH_MEASURE(0.01),#5548,
'DISTANCE_ACCURACY_VALUE',
'Maximum model space distance between geometric entities at asserted c
onnectivities');
#5540=UNCERTAINTY_MEASURE_WITH_UNIT(LENGTH_MEASURE(0.01),#5548,
'DISTANCE_ACCURACY_VALUE',
'Maximum model space distance between geometric entities at asserted c
onnectivities');
#5541=UNCERTAINTY_MEASURE_WITH_UNIT(LENGTH_MEASURE(0.01),#5548,
'DISTANCE_ACCURACY_VALUE',
'Maximum model space distance between geometric entities at asserted c
onnectivities');
#5542=(
GEOMETRIC_REPRESENTATION_CONTEXT(3)
GLOBAL_UNCERTAINTY_ASSIGNED_CONTEXT((#5536))
GLOBAL_UNIT_ASSIGNED_CONTEXT((#5548,#5550,#5551))
REPRESENTATION_CONTEXT('','3D')
);
#5543=(
GEOMETRIC_REPRESENTATION_CONTEXT(3)
GLOBAL_UNCERTAINTY_ASSIGNED_CONTEXT((#5537))
GLOBAL_UNIT_ASSIGNED_CONTEXT((#5548,#5550,#5551))
REPRESENTATION_CONTEXT('','3D')
);
#5544=(
GEOMETRIC_REPRESENTATION_CONTEXT(3)
GLOBAL_UNCERTAINTY_ASSIGNED_CONTEXT((#5538))
GLOBAL_UNIT_ASSIGNED_CONTEXT((#5548,#5550,#5551))
REPRESENTATION_CONTEXT('','3D')
);
#5545=(
GEOMETRIC_REPRESENTATION_CONTEXT(3)
GLOBAL_UNCERTAINTY_ASSIGNED_CONTEXT((#5539))
GLOBAL_UNIT_ASSIGNED_CONTEXT((#5548,#5550,#5551))
REPRESENTATION_CONTEXT('','3D')
);
#5546=(
GEOMETRIC_REPRESENTATION_CONTEXT(3)
GLOBAL_UNCERTAINTY_ASSIGNED_CONTEXT((#5540))
GLOBAL_UNIT_ASSIGNED_CONTEXT((#5548,#5550,#5551))
REPRESENTATION_CONTEXT('','3D')
);
#5547=(
GEOMETRIC_REPRESENTATION_CONTEXT(3)
GLOBAL_UNCERTAINTY_ASSIGNED_CONTEXT((#5541))
GLOBAL_UNIT_ASSIGNED_CONTEXT((#5548,#5550,#5551))
REPRESENTATION_CONTEXT('','3D')
);
#5548=(
LENGTH_UNIT()
NAMED_UNIT(*)
SI_UNIT(.MILLI.,.METRE.)
);
#5549=(
LENGTH_UNIT()
NAMED_UNIT(*)
SI_UNIT($,.METRE.)
);
#5550=(
NAMED_UNIT(*)
PLANE_ANGLE_UNIT()
SI_UNIT($,.RADIAN.)
);
#5551=(
NAMED_UNIT(*)
SI_UNIT($,.STERADIAN.)
SOLID_ANGLE_UNIT()
);
#5552=SHAPE_DEFINITION_REPRESENTATION(#5557,#5572);
#5553=SHAPE_DEFINITION_REPRESENTATION(#5558,#5573);
#5554=SHAPE_DEFINITION_REPRESENTATION(#5559,#5574);
#5555=SHAPE_DEFINITION_REPRESENTATION(#5560,#5575);
#5556=SHAPE_DEFINITION_REPRESENTATION(#5561,#5576);
#5557=PRODUCT_DEFINITION_SHAPE('',$,#5578);
#5558=PRODUCT_DEFINITION_SHAPE('',$,#5579);
#5559=PRODUCT_DEFINITION_SHAPE('',$,#5580);
#5560=PRODUCT_DEFINITION_SHAPE('',$,#5581);
#5561=PRODUCT_DEFINITION_SHAPE('',$,#5582);
#5562=PRODUCT_DEFINITION_SHAPE($,$,#41);
#5563=PRODUCT_DEFINITION_SHAPE($,$,#42);
#5564=PRODUCT_DEFINITION_SHAPE($,$,#43);
#5565=PRODUCT_DEFINITION_SHAPE($,$,#44);
#5566=PRODUCT_DEFINITION_SHAPE($,$,#45);
#5567=PRODUCT_DEFINITION_SHAPE($,$,#46);
#5568=PRODUCT_DEFINITION_SHAPE($,$,#47);
#5569=PRODUCT_DEFINITION_SHAPE($,$,#48);
#5570=PRODUCT_DEFINITION_SHAPE($,$,#49);
#5571=PRODUCT_DEFINITION_SHAPE($,$,#50);
#5572=SHAPE_REPRESENTATION('',(#3395,#3662,#3663,#3664,#3665,#3666,#3667,
#3668,#3669,#3670,#3671),#5542);
#5573=SHAPE_REPRESENTATION('',(#3396),#5543);
#5574=SHAPE_REPRESENTATION('',(#3477),#5544);
#5575=SHAPE_REPRESENTATION('',(#3592),#5545);
#5576=SHAPE_REPRESENTATION('',(#3650),#5546);
#5577=PRODUCT_DEFINITION_CONTEXT('part definition',#5594,'design');
#5578=PRODUCT_DEFINITION('1456CE3BKBU','1456CE3BKBU',#5583,#5577);
#5579=PRODUCT_DEFINITION('1456CE3 CASE','1456CE3 CASE',#5584,#5577);
#5580=PRODUCT_DEFINITION('1456CE3 TOP','1456CE3 TOP',#5585,#5577);
#5581=PRODUCT_DEFINITION('SC18394 (PAN HD SCREW #6-32 X 1/4'''' PH)',
'SC18394 (screw #6X 1_4'''' PN)',#5586,#5577);
#5582=PRODUCT_DEFINITION('3M SJ-5018 RUBBER FOOT (PFR1421T3)',
'PFR1421T3 (SJ5018)',#5587,#5577);
#5583=PRODUCT_DEFINITION_FORMATION('',$,#5596);
#5584=PRODUCT_DEFINITION_FORMATION('',$,#5597);
#5585=PRODUCT_DEFINITION_FORMATION('',$,#5598);
#5586=PRODUCT_DEFINITION_FORMATION('',$,#5599);
#5587=PRODUCT_DEFINITION_FORMATION('',$,#5600);
#5588=PRODUCT_RELATED_PRODUCT_CATEGORY('1456CE3BKBU','1456CE3BKBU',(#5596));
#5589=PRODUCT_RELATED_PRODUCT_CATEGORY('1456CE3 CASE','1456CE3 CASE',(#5597));
#5590=PRODUCT_RELATED_PRODUCT_CATEGORY('1456CE3 TOP','1456CE3 TOP',(#5598));
#5591=PRODUCT_RELATED_PRODUCT_CATEGORY('SC18394 (screw #6X 1_4'''' PN)',
'SC18394 (screw #6X 1_4'''' PN)',(#5599));
#5592=PRODUCT_RELATED_PRODUCT_CATEGORY('PFR1421T3 (SJ5018)',
'PFR1421T3 (SJ5018)',(#5600));
#5593=APPLICATION_PROTOCOL_DEFINITION('international standard',
'automotive_design',2009,#5594);
#5594=APPLICATION_CONTEXT(
'Core Data for Automotive Mechanical Design Process');
#5595=PRODUCT_CONTEXT('part definition',#5594,'mechanical');
#5596=PRODUCT('1456CE3BKBU','1456CE3BKBU',$,(#5595));
#5597=PRODUCT('1456CE3 CASE','1456CE3 CASE',$,(#5595));
#5598=PRODUCT('1456CE3 TOP','1456CE3 TOP',$,(#5595));
#5599=PRODUCT('SC18394 (PAN HD SCREW #6-32 X 1/4'''' PH)',
'SC18394 (screw #6X 1_4'''' PN)',$,(#5595));
#5600=PRODUCT('3M SJ-5018 RUBBER FOOT (PFR1421T3)','PFR1421T3 (SJ5018)',
$,(#5595));
#5601=PRESENTATION_STYLE_ASSIGNMENT((#5604));
#5602=PRESENTATION_STYLE_ASSIGNMENT((#5605));
#5603=PRESENTATION_STYLE_ASSIGNMENT((#5606));
#5604=SURFACE_STYLE_USAGE(.BOTH.,#5607);
#5605=SURFACE_STYLE_USAGE(.BOTH.,#5608);
#5606=SURFACE_STYLE_USAGE(.BOTH.,#5609);
#5607=SURFACE_SIDE_STYLE('',(#5610));
#5608=SURFACE_SIDE_STYLE('',(#5611));
#5609=SURFACE_SIDE_STYLE('',(#5612));
#5610=SURFACE_STYLE_FILL_AREA(#5613);
#5611=SURFACE_STYLE_FILL_AREA(#5614);
#5612=SURFACE_STYLE_FILL_AREA(#5615);
#5613=FILL_AREA_STYLE('Steel - Satin',(#5616));
#5614=FILL_AREA_STYLE('Opaque(191,191,191)',(#5617));
#5615=FILL_AREA_STYLE('Opaque(63,63,63)',(#5618));
#5616=FILL_AREA_STYLE_COLOUR('Steel - Satin',#5619);
#5617=FILL_AREA_STYLE_COLOUR('Opaque(191,191,191)',#5620);
#5618=FILL_AREA_STYLE_COLOUR('Opaque(63,63,63)',#5621);
#5619=COLOUR_RGB('Steel - Satin',0.627450980392157,0.627450980392157,0.627450980392157);
#5620=COLOUR_RGB('Opaque(191,191,191)',0.749019607843137,0.749019607843137,
0.749019607843137);
#5621=COLOUR_RGB('Opaque(63,63,63)',0.250980392156863,0.250980392156863,
0.250980392156863);
ENDSEC;
END-ISO-10303-21;
